district,season,record_month,temperature_c,humidity_pct,wind_speed_kmh,surface_pressure_hpa,crop_fires_detected,blue_mean,blue_std,blue_skewness,blue_high_ratio,blue_dominance,laplacian_var,sobel_mean,edge_density,hsi_saturation_mean,haze_index,dark_channel_mean,fft_high_energy_ratio,gray_contrast,blue_red_ratio,local_variance_mean,hot_index,ndsi_index,modis_aod,pm25_target,pm25_waqi_ref,severity_class,label_source,source_image_id
Lahore,Autumn_Harvest,9,24.9,84.0,1.3,979.8,12,122.801,4.758,0.015,0.2946,0.974,77.741,9.178,0.0,0.0871,3.997,120.858,0.00019,15.0,0.9991,4.658,0.161,-0.0,0.57,78.7,65.0,2,Copernicus CAMS via Open-Meteo,Lahore_Autumn_Harvest_2024-09-18
Lahore,Summer,5,25.6,39.0,7.4,967.5,1,69.967,12.472,0.141,0.286,0.744,87.842,26.941,0.017,0.4057,1.029,69.967,0.00044,43.0,0.5967,49.256,-0.036,-0.253,0.12,33.2,65.0,0,Copernicus CAMS via Open-Meteo,Lahore_Summer_2024-05-28
Lahore,Winter_Peak,1,5.0,99.0,2.5,990.6,10,195.853,2.998,-0.535,0.2851,0.963,70.19,8.797,0.0,0.0808,6.49,195.717,7e-05,7.0,0.9731,4.399,0.293,-0.014,0.81,190.5,65.0,3,Copernicus CAMS via Open-Meteo,Lahore_Winter_Peak_2024-01-15
Lahore,Summer,5,28.1,54.0,16.3,979.1,1,135.102,29.686,-0.774,0.1728,0.986,273.539,32.959,0.0514,0.0566,5.871,133.265,0.00089,117.0,0.9932,135.303,0.183,-0.003,0.86,41.4,65.0,1,Copernicus CAMS via Open-Meteo,Lahore_Summer_2023-05-25
Lahore,Summer,5,25.7,36.0,6.3,978.7,0,68.419,12.449,-0.28,0.3462,0.802,81.813,28.2,0.0313,0.3069,1.137,68.419,0.00051,37.0,0.6958,48.29,-0.004,-0.179,0.22,18.2,65.0,0,Copernicus CAMS via Open-Meteo,Lahore_Summer_2024-05-01
Lahore,Autumn_Harvest,10,20.8,76.0,8.0,984.1,10,120.189,6.232,-0.186,0.3166,0.93,39.472,8.762,0.0,0.1185,3.291,120.182,0.0001,17.0,0.9154,5.099,0.134,-0.044,0.23,91.3,65.0,2,Copernicus CAMS via Open-Meteo,Lahore_Autumn_Harvest_2024-10-15
Lahore,Winter_Peak,11,16.3,97.0,5.1,989.7,10,48.828,2.987,-0.006,0.2874,1.02,81.946,8.72,0.0,0.1206,1.323,44.702,0.00141,6.0,1.0739,4.001,0.022,0.036,1.57,262.6,65.0,3,Copernicus CAMS via Open-Meteo,Lahore_Winter_Peak_2024-11-15
Lahore,Summer,5,32.3,39.0,6.8,979.4,1,79.175,10.383,-0.576,0.3369,0.817,89.164,25.114,0.0095,0.3115,1.277,79.174,0.00041,31.0,0.6895,37.088,0.005,-0.184,0.39,32.1,65.0,0,Copernicus CAMS via Open-Meteo,Lahore_Summer_2024-05-18
Lahore,Winter_Peak,11,21.8,75.0,1.8,990.6,7,168.147,6.28,-0.051,0.3329,1.036,18.359,6.715,0.0,0.0701,5.694,156.433,4e-05,22.0,1.0749,2.981,0.273,0.036,0.32,87.5,65.0,2,Copernicus CAMS via Open-Meteo,Lahore_Winter_Peak_2023-11-05
Lahore,Winter_Peak,11,16.7,88.0,7.4,991.5,14,130.198,15.441,1.699,0.166,1.005,153.887,21.25,0.0267,0.0451,5.728,126.636,0.00055,54.0,0.9969,60.575,0.174,-0.002,1.81,80.6,65.0,2,Copernicus CAMS via Open-Meteo,Lahore_Winter_Peak_2023-11-30
Lahore,Autumn_Harvest,9,31.9,67.0,6.6,977.9,9,125.854,17.234,1.072,0.2002,0.972,131.07,26.962,0.0236,0.1252,3.272,122.313,0.00046,59.0,1.0218,79.803,0.172,0.011,0.76,48.0,65.0,1,Copernicus CAMS via Open-Meteo,Lahore_Autumn_Harvest_2024-09-10
Lahore,Winter_Peak,12,7.6,94.0,7.0,988.7,9,84.809,8.833,-0.19,0.3218,0.898,79.662,20.704,0.0007,0.1678,1.967,84.768,0.00037,26.0,0.8687,23.541,0.061,-0.07,0.32,84.8,65.0,2,Copernicus CAMS via Open-Meteo,Lahore_Winter_Peak_2023-12-10
Lahore,Summer,6,33.4,33.0,19.0,979.2,0,99.284,9.69,-0.409,0.3429,0.844,18.987,13.01,0.0,0.2344,1.825,99.284,6e-05,23.0,0.7679,10.827,0.056,-0.131,0.59,27.0,65.0,0,Copernicus CAMS via Open-Meteo,Lahore_Summer_2023-06-05
Lahore,Monsoon,8,32.9,63.0,6.7,978.5,1,158.771,21.216,0.173,0.3577,0.996,82.574,17.457,0.0042,0.0594,6.139,154.455,0.00022,62.0,0.9683,25.993,0.221,-0.016,0.75,41.9,65.0,1,Copernicus CAMS via Open-Meteo,Lahore_Monsoon_2024-08-25
Lahore,Summer,6,33.1,38.0,11.4,969.3,1,120.708,4.965,0.45,0.2699,0.956,53.448,8.904,0.0,0.1104,3.398,120.08,0.00014,15.0,0.8938,4.746,0.129,-0.056,0.62,65.7,65.0,1,Copernicus CAMS via Open-Meteo,Lahore_Summer_2024-06-20
Lahore,Winter_Peak,11,28.3,44.0,7.2,988.5,5,143.432,5.267,-0.185,0.3208,1.045,16.802,5.894,0.0,0.08,4.464,132.006,5e-05,19.0,1.0864,2.222,0.224,0.041,0.47,52.4,65.0,1,Copernicus CAMS via Open-Meteo,Lahore_Winter_Peak_2023-11-05
Lahore,Summer,6,30.5,59.0,10.0,972.8,0,137.344,5.979,0.594,0.2755,0.952,72.823,10.598,0.0,0.082,4.637,137.286,0.00014,17.0,0.9318,6.827,0.17,-0.035,0.49,35.0,65.0,0,Copernicus CAMS via Open-Meteo,Lahore_Summer_2024-06-20
Lahore,Autumn_Harvest,10,17.1,82.0,5.6,988.1,12,91.572,15.09,0.176,0.3189,0.855,71.509,24.59,0.0032,0.2215,1.937,91.561,0.00027,32.0,0.8069,35.493,0.057,-0.107,0.18,59.0,65.0,1,Copernicus CAMS via Open-Meteo,Lahore_Autumn_Harvest_2023-10-25
Lahore,Monsoon,7,27.5,90.0,5.8,975.3,0,171.027,11.082,0.786,0.2161,1.053,99.628,13.392,0.0,0.1372,3.649,148.177,0.00018,35.0,1.1542,19.074,0.3,0.072,0.93,49.0,65.0,1,Copernicus CAMS via Open-Meteo,Lahore_Monsoon_2023-07-15
Lahore,Autumn_Harvest,10,22.3,58.0,1.3,982.4,8,100.017,8.088,-0.377,0.324,0.891,80.313,9.976,0.0,0.186,2.144,100.014,0.00024,18.0,0.8784,5.678,0.089,-0.065,0.3,63.8,65.0,1,Copernicus CAMS via Open-Meteo,Lahore_Autumn_Harvest_2023-10-05
Lahore,Winter_Peak,1,7.0,96.0,3.7,993.2,11,163.793,1.726,-1.725,0.3214,0.962,19.353,4.94,0.0,0.0981,4.823,163.64,3e-05,3.0,0.9886,1.679,0.237,-0.006,1.18,119.2,65.0,2,Copernicus CAMS via Open-Meteo,Lahore_Winter_Peak_2024-01-15
Lahore,Summer,6,28.4,66.0,5.6,971.8,1,118.776,4.976,0.657,0.2669,0.932,41.805,8.483,0.0,0.1136,3.291,118.775,0.00011,15.0,0.8884,4.486,0.124,-0.059,0.51,33.6,65.0,0,Copernicus CAMS via Open-Meteo,Lahore_Summer_2024-06-20
Lahore,Monsoon,7,28.9,80.0,6.3,977.8,0,133.143,9.656,1.534,0.2205,0.967,106.307,20.144,0.0242,0.0999,3.877,132.061,0.00032,35.0,0.9996,41.954,0.181,-0.0,0.89,50.8,65.0,1,Copernicus CAMS via Open-Meteo,Lahore_Monsoon_2024-07-10
Lahore,Autumn_Harvest,10,23.9,76.0,7.8,981.4,7,127.5,5.313,-0.264,0.3191,0.953,25.422,6.737,0.0,0.123,3.316,127.031,6e-05,17.0,0.9874,2.683,0.167,-0.006,0.55,62.2,65.0,1,Copernicus CAMS via Open-Meteo,Lahore_Autumn_Harvest_2024-10-05
Lahore,Autumn_Harvest,10,19.8,77.0,7.7,986.5,10,142.544,4.821,-0.182,0.3569,1.028,63.768,10.115,0.0,0.0559,5.577,134.842,0.00014,15.0,1.0516,5.518,0.213,0.025,0.88,101.7,65.0,2,Copernicus CAMS via Open-Meteo,Lahore_Autumn_Harvest_2024-10-22
Lahore,Autumn_Harvest,9,31.7,58.0,1.3,980.5,13,166.903,10.834,2.082,0.1909,1.044,67.822,10.524,0.0072,0.0895,4.767,151.991,0.00014,34.0,1.0377,16.582,0.259,0.019,0.69,26.0,65.0,0,Copernicus CAMS via Open-Meteo,Lahore_Autumn_Harvest_2024-09-28
Lahore,Summer,5,28.8,25.0,13.6,978.5,0,75.719,13.421,-0.22,0.3348,0.803,65.808,31.384,0.0324,0.3088,1.252,75.719,0.00037,40.0,0.6929,58.315,0.003,-0.181,0.26,19.5,65.0,0,Copernicus CAMS via Open-Meteo,Lahore_Summer_2024-05-01
Lahore,Winter_Peak,11,17.4,77.0,7.2,984.4,14,130.923,14.193,-5.459,0.0634,0.989,759.255,21.869,0.0213,0.0662,4.938,128.314,0.00254,11.0,0.9555,120.64,0.165,-0.023,0.09,36.2,65.0,1,Copernicus CAMS via Open-Meteo,Lahore_Winter_Peak_2024-11-01
Lahore,Autumn_Harvest,10,22.6,57.0,5.2,982.1,9,94.636,7.501,-0.335,0.3463,0.826,32.236,7.539,0.0,0.2511,1.674,94.636,0.0001,18.0,0.7622,3.567,0.048,-0.135,0.29,60.5,65.0,1,Copernicus CAMS via Open-Meteo,Lahore_Autumn_Harvest_2023-10-05
Lahore,Monsoon,8,28.5,87.0,5.0,976.3,1,186.903,15.684,-0.477,0.3311,0.982,54.62,13.706,0.0,0.0689,6.716,184.77,0.0001,53.0,1.0076,17.426,0.289,0.004,0.43,38.5,65.0,1,Copernicus CAMS via Open-Meteo,Lahore_Monsoon_2024-08-12
Lahore,Winter_Peak,11,15.0,91.0,8.8,989.6,12,138.135,13.576,2.001,0.1635,0.985,91.884,17.75,0.0182,0.0412,6.459,137.102,0.00031,48.0,0.9821,53.685,0.186,-0.009,1.38,60.8,65.0,1,Copernicus CAMS via Open-Meteo,Lahore_Winter_Peak_2023-11-30
Lahore,Monsoon,8,31.6,69.0,9.1,979.4,2,155.928,20.755,0.125,0.364,0.997,44.949,16.827,0.0046,0.0279,8.469,154.365,0.00016,61.0,0.9957,25.978,0.224,-0.002,0.83,43.1,65.0,1,Copernicus CAMS via Open-Meteo,Lahore_Monsoon_2024-08-25
Lahore,Winter_Peak,1,8.1,98.0,3.9,992.9,11,196.916,2.916,-0.52,0.2863,1.008,66.684,8.425,0.0,0.0254,10.586,192.867,7e-05,6.0,1.012,3.949,0.311,0.006,1.26,121.1,65.0,2,Copernicus CAMS via Open-Meteo,Lahore_Winter_Peak_2024-01-15
Lahore,Summer,5,26.3,36.0,6.8,967.4,2,58.557,10.297,0.225,0.2967,0.718,30.043,22.863,0.0156,0.4263,0.849,58.557,0.00024,37.0,0.5762,36.698,-0.05,-0.269,0.11,32.5,65.0,0,Copernicus CAMS via Open-Meteo,Lahore_Summer_2024-05-28
Lahore,Winter_Peak,11,22.1,77.0,1.5,991.4,17,52.672,1.605,0.024,0.3001,1.025,25.136,4.84,0.0,0.1029,1.468,48.285,0.0004,4.0,0.9899,1.233,0.022,-0.005,1.36,220.7,65.0,3,Copernicus CAMS via Open-Meteo,Lahore_Winter_Peak_2024-11-15
Lahore,Autumn_Harvest,9,30.1,66.0,5.2,982.1,14,192.207,4.97,-3.7,0.1157,1.004,27.037,6.996,0.0,0.0301,9.654,188.217,4e-05,5.0,0.9924,7.633,0.294,-0.004,0.55,25.1,65.0,0,Copernicus CAMS via Open-Meteo,Lahore_Autumn_Harvest_2023-09-25
Lahore,Autumn_Harvest,9,29.3,70.0,4.1,982.6,8,142.393,9.542,2.25,0.1685,1.01,52.901,9.026,0.0077,0.064,5.175,135.847,0.00013,32.0,1.048,13.994,0.212,0.023,0.64,19.8,65.0,0,Copernicus CAMS via Open-Meteo,Lahore_Autumn_Harvest_2024-09-28
Lahore,Autumn_Harvest,10,27.6,59.0,8.1,983.2,15,117.457,5.943,-0.171,0.3193,0.924,45.468,8.957,0.0,0.1254,3.105,117.455,0.00011,16.0,0.903,5.188,0.126,-0.051,0.33,48.8,65.0,1,Copernicus CAMS via Open-Meteo,Lahore_Autumn_Harvest_2024-10-15
Lahore,Autumn_Harvest,10,23.8,77.0,6.9,979.8,7,123.011,5.338,-0.181,0.3547,0.96,44.814,7.664,0.0,0.1258,3.142,121.418,0.00011,16.0,1.0035,3.307,0.162,0.002,0.49,77.8,65.0,2,Copernicus CAMS via Open-Meteo,Lahore_Autumn_Harvest_2024-10-05
Lahore,Winter_Peak,11,26.0,47.0,5.4,986.8,7,120.703,12.985,-5.322,0.0752,0.981,566.599,20.871,0.0201,0.0574,5.016,119.621,0.00214,10.0,0.9863,106.76,0.153,-0.007,0.15,64.5,65.0,1,Copernicus CAMS via Open-Meteo,Lahore_Winter_Peak_2024-11-01
Lahore,Autumn_Harvest,10,22.3,58.0,1.3,982.4,6,115.662,9.114,-0.323,0.3418,0.934,34.529,7.888,0.0,0.1272,3.176,115.621,9e-05,18.0,0.9357,3.864,0.131,-0.033,0.3,63.8,65.0,1,Copernicus CAMS via Open-Meteo,Lahore_Autumn_Harvest_2023-10-05
Lahore,Summer,5,16.2,72.0,8.3,978.8,3,73.83,13.449,-0.279,0.3492,0.78,87.921,32.322,0.0361,0.3184,1.2,73.83,0.00047,41.0,0.6886,61.347,-0.001,-0.184,0.25,23.1,65.0,0,Copernicus CAMS via Open-Meteo,Lahore_Summer_2024-05-01
Lahore,Autumn_Harvest,10,26.6,60.0,4.1,987.5,13,129.605,4.563,-0.145,0.3511,0.987,66.148,9.941,0.0,0.0534,5.401,127.868,0.00016,13.0,0.9999,5.306,0.174,-0.0,1.16,138.8,65.0,2,Copernicus CAMS via Open-Meteo,Lahore_Autumn_Harvest_2024-10-22
Lahore,Monsoon,7,28.9,84.0,6.8,976.5,1,164.697,10.87,0.682,0.2063,1.0,112.943,14.003,0.0,0.0514,6.883,160.396,0.0002,38.0,1.0235,20.541,0.25,0.012,1.37,65.2,65.0,1,Copernicus CAMS via Open-Meteo,Lahore_Monsoon_2023-07-15
Lahore,Monsoon,8,27.3,91.0,5.5,976.3,2,124.252,9.271,1.895,0.2337,0.985,80.747,11.16,0.0,0.1148,3.454,118.967,0.00022,27.0,1.0366,8.768,0.172,0.018,0.63,37.3,65.0,1,Copernicus CAMS via Open-Meteo,Lahore_Monsoon_2024-08-05
Lahore,Monsoon,8,36.1,41.0,7.5,978.9,1,105.99,13.523,-0.301,0.3387,0.885,69.752,11.125,0.0,0.1874,2.325,105.989,0.00021,31.0,0.8387,8.082,0.088,-0.088,0.51,44.6,65.0,1,Copernicus CAMS via Open-Meteo,Lahore_Monsoon_2023-08-30
Lahore,Summer,5,33.7,36.0,13.0,980.1,0,143.289,26.787,-0.818,0.1546,0.987,237.733,29.618,0.0451,0.0519,6.203,141.653,0.00074,107.0,0.9984,135.149,0.201,-0.001,0.82,38.1,65.0,1,Copernicus CAMS via Open-Meteo,Lahore_Summer_2023-05-25
Lahore,Winter_Peak,12,15.4,73.0,6.0,991.9,8,81.532,11.841,-0.135,0.3234,0.916,70.611,27.851,0.0258,0.152,2.057,81.354,0.00043,38.0,0.9057,45.575,0.063,-0.049,0.2,88.0,65.0,2,Copernicus CAMS via Open-Meteo,Lahore_Winter_Peak_2023-12-20
Lahore,Winter_Peak,11,13.2,86.0,5.2,989.6,9,123.353,5.297,0.455,0.2495,0.99,14.668,7.425,0.0,0.0339,6.193,122.589,5e-05,16.0,0.9758,3.596,0.156,-0.012,0.48,113.9,65.0,2,Copernicus CAMS via Open-Meteo,Lahore_Winter_Peak_2024-11-25
Lahore,Monsoon,8,29.6,83.0,8.0,975.7,1,109.623,17.104,1.25,0.2269,0.957,55.971,29.172,0.0256,0.1471,2.649,106.913,0.00029,44.0,1.0055,69.321,0.136,0.003,0.81,63.8,65.0,1,Copernicus CAMS via Open-Meteo,Lahore_Monsoon_2023-08-05
Lahore,Winter_Peak,11,18.8,84.0,4.0,989.8,7,171.632,6.24,-0.155,0.3625,0.991,16.261,6.713,0.0,0.0258,9.278,170.713,3e-05,23.0,0.9911,3.026,0.254,-0.004,0.3,104.5,65.0,2,Copernicus CAMS via Open-Meteo,Lahore_Winter_Peak_2023-11-05
Lahore,Autumn_Harvest,9,20.9,95.0,16.6,983.6,10,179.225,4.851,-3.038,0.2084,0.978,54.071,8.903,0.0,0.0416,8.234,179.104,7e-05,7.0,0.9614,7.973,0.257,-0.02,0.5,30.9,65.0,0,Copernicus CAMS via Open-Meteo,Lahore_Autumn_Harvest_2023-09-25
Lahore,Autumn_Harvest,9,31.8,58.0,1.5,979.8,7,143.871,9.494,2.278,0.1803,1.008,36.908,7.826,0.0077,0.0666,5.013,137.171,0.0001,31.0,0.9788,13.712,0.196,-0.011,0.68,27.0,65.0,0,Copernicus CAMS via Open-Meteo,Lahore_Autumn_Harvest_2024-09-28
Lahore,Monsoon,7,29.6,78.0,8.4,977.7,1,140.04,10.482,1.449,0.2156,0.986,138.488,21.869,0.0254,0.0352,6.895,139.432,0.00038,36.0,0.9862,44.839,0.191,-0.007,0.83,55.3,65.0,1,Copernicus CAMS via Open-Meteo,Lahore_Monsoon_2024-07-10
Lahore,Summer,4,29.3,41.0,13.0,981.1,2,57.285,8.485,-0.384,0.1759,0.724,244.977,15.649,0.0237,0.3827,0.862,57.272,0.00196,23.0,0.6207,51.484,-0.036,-0.234,0.25,32.6,65.0,0,Copernicus CAMS via Open-Meteo,Lahore_Summer_2024-04-20
Lahore,Monsoon,8,25.7,91.0,7.3,976.4,2,154.826,11.955,-0.417,0.3295,1.01,46.999,11.707,0.0,0.0302,7.913,150.956,0.00013,38.0,1.0204,11.679,0.23,0.01,0.71,20.7,65.0,0,Copernicus CAMS via Open-Meteo,Lahore_Monsoon_2024-08-12
Lahore,Winter_Peak,11,17.0,85.0,4.8,991.1,14,145.118,17.083,1.735,0.164,1.014,131.562,21.177,0.0245,0.047,6.066,139.857,0.00042,59.0,1.0082,71.613,0.207,0.004,1.87,62.2,65.0,1,Copernicus CAMS via Open-Meteo,Lahore_Winter_Peak_2023-11-30
Lahore,Summer,6,27.3,37.0,7.3,975.5,0,101.006,9.975,-1.262,0.3943,0.872,16.977,7.507,0.0012,0.205,2.021,101.006,7e-05,22.0,0.7964,5.24,0.067,-0.113,0.2,28.5,65.0,0,Copernicus CAMS via Open-Meteo,Lahore_Summer_2024-06-10
Lahore,Winter_Peak,1,8.3,91.0,5.8,992.7,17,191.064,1.514,-0.011,0.3861,1.03,21.81,4.524,0.0,0.0636,6.656,178.893,3e-05,3.0,1.0231,1.089,0.303,0.011,0.66,178.8,65.0,3,Copernicus CAMS via Open-Meteo,Lahore_Winter_Peak_2024-01-05
Lahore,Summer,6,24.6,82.0,11.1,977.4,1,201.339,2.152,-2.916,0.2335,0.992,25.308,5.248,0.0,0.0418,8.987,199.37,3e-05,4.0,1.0084,1.938,0.318,0.004,0.62,31.2,65.0,0,Copernicus CAMS via Open-Meteo,Lahore_Summer_2023-06-15
Lahore,Autumn_Harvest,10,19.3,81.0,9.2,986.8,10,134.413,3.929,-0.144,0.3209,0.989,14.24,7.035,0.0,0.063,4.973,132.02,3e-05,13.0,1.016,2.961,0.188,0.008,0.91,97.6,65.0,2,Copernicus CAMS via Open-Meteo,Lahore_Autumn_Harvest_2024-10-22
Lahore,Monsoon,8,33.4,63.0,3.4,976.1,1,149.22,19.654,0.118,0.357,0.991,83.716,17.337,0.0047,0.0466,6.6,147.134,0.00023,58.0,0.9731,24.837,0.204,-0.014,0.71,43.0,65.0,1,Copernicus CAMS via Open-Meteo,Lahore_Monsoon_2024-08-25
Lahore,Monsoon,8,35.3,58.0,4.7,977.3,1,153.512,20.416,0.087,0.3439,0.986,89.71,26.819,0.0058,0.0466,7.049,152.225,0.00025,63.0,0.9923,64.596,0.219,-0.004,0.81,50.1,65.0,1,Copernicus CAMS via Open-Meteo,Lahore_Monsoon_2023-08-20
Lahore,Winter_Peak,12,16.9,52.0,4.5,988.4,9,106.563,7.136,-1.005,0.3182,1.024,15.481,9.257,0.0,0.1029,3.0,97.864,8e-05,21.0,1.0888,6.174,0.146,0.043,0.11,85.7,65.0,2,Copernicus CAMS via Open-Meteo,Lahore_Winter_Peak_2024-12-05
Lahore,Summer,5,29.5,51.0,13.5,979.5,1,135.989,30.035,-0.775,0.1676,1.014,207.29,29.949,0.0549,0.0614,5.174,129.598,0.00072,113.0,0.9991,131.687,0.186,-0.0,0.55,30.4,65.0,0,Copernicus CAMS via Open-Meteo,Lahore_Summer_2023-05-25
Lahore,Monsoon,7,27.5,86.0,14.6,978.2,2,161.851,12.486,1.404,0.228,0.964,162.086,26.309,0.0279,0.0624,6.117,161.84,0.00035,44.0,0.9528,69.15,0.222,-0.024,0.92,48.2,65.0,1,Copernicus CAMS via Open-Meteo,Lahore_Monsoon_2024-07-10
Lahore,Summer,6,33.6,55.0,2.9,977.2,1,101.235,10.335,-0.349,0.3511,0.822,75.96,15.105,0.0,0.2677,1.748,101.235,0.00019,25.0,0.7773,14.325,0.062,-0.125,0.64,31.3,65.0,0,Copernicus CAMS via Open-Meteo,Lahore_Summer_2023-06-05
Lahore,Autumn_Harvest,9,30.5,63.0,2.2,982.2,8,158.407,9.988,2.263,0.1858,1.008,48.481,8.72,0.0071,0.0301,8.024,154.524,0.00011,32.0,1.0237,18.699,0.238,0.012,0.66,21.1,65.0,0,Copernicus CAMS via Open-Meteo,Lahore_Autumn_Harvest_2024-09-28
Lahore,Monsoon,8,29.9,69.0,5.2,979.7,2,102.524,13.285,-0.415,0.3494,0.9,60.486,10.415,0.0,0.1787,2.275,102.479,0.00021,31.0,0.8342,7.225,0.081,-0.09,0.34,66.6,65.0,1,Copernicus CAMS via Open-Meteo,Lahore_Monsoon_2023-08-30
Lahore,Autumn_Harvest,10,31.0,57.0,8.3,983.5,13,136.696,5.718,-0.253,0.3583,0.963,14.741,6.201,0.0,0.0683,4.972,136.688,4e-05,18.0,0.9611,2.428,0.177,-0.02,0.49,60.8,65.0,1,Copernicus CAMS via Open-Meteo,Lahore_Autumn_Harvest_2024-10-05
Lahore,Monsoon,7,30.4,79.0,7.7,976.0,2,146.205,11.194,1.374,0.2283,0.987,174.189,24.348,0.0272,0.0893,4.532,141.902,0.00042,38.0,1.0273,51.412,0.214,0.013,0.88,118.0,65.0,2,Copernicus CAMS via Open-Meteo,Lahore_Monsoon_2024-07-10
Lahore,Monsoon,8,26.0,91.0,8.2,976.7,2,198.507,13.226,-0.057,0.3105,1.065,64.301,14.681,0.0,0.1008,5.221,178.471,0.00012,37.0,1.1103,19.677,0.348,0.052,0.55,19.2,65.0,0,Copernicus CAMS via Open-Meteo,Lahore_Monsoon_2024-08-12
Lahore,Autumn_Harvest,9,22.7,96.0,9.2,980.6,12,175.712,11.168,2.243,0.1834,1.009,52.176,9.571,0.0078,0.0443,7.601,169.721,0.0001,37.0,1.0349,19.481,0.276,0.017,1.23,22.7,65.0,0,Copernicus CAMS via Open-Meteo,Lahore_Autumn_Harvest_2024-09-28
Lahore,Summer,5,27.5,57.0,8.9,979.6,0,121.27,26.653,-0.722,0.1833,0.958,201.258,29.9,0.0538,0.087,4.107,121.13,0.00082,109.0,0.9181,124.466,0.137,-0.043,0.78,42.8,65.0,1,Copernicus CAMS via Open-Meteo,Lahore_Summer_2023-05-25
Lahore,Autumn_Harvest,9,29.3,85.0,6.5,979.0,12,143.915,7.337,1.279,0.2472,0.977,64.35,9.982,0.0,0.0771,4.966,141.963,0.00013,21.0,0.9997,6.369,0.202,-0.0,1.32,65.2,65.0,1,Copernicus CAMS via Open-Meteo,Lahore_Autumn_Harvest_2023-09-15
Lahore,Monsoon,7,31.9,76.0,9.0,978.5,1,124.553,27.777,0.517,0.2844,0.99,602.049,62.281,0.1461,0.0913,4.062,120.47,0.00217,90.0,1.0275,296.295,0.171,0.014,0.84,42.7,65.0,1,Copernicus CAMS via Open-Meteo,Lahore_Monsoon_2023-07-25
Lahore,Winter_Peak,12,9.8,90.0,9.2,988.7,12,88.876,9.195,-0.165,0.331,0.918,66.32,21.22,0.0011,0.1457,2.256,88.694,0.0003,26.0,0.9058,24.448,0.076,-0.049,0.33,97.8,65.0,2,Copernicus CAMS via Open-Meteo,Lahore_Winter_Peak_2023-12-10
Lahore,Summer,6,34.5,18.0,11.3,975.9,2,97.008,9.058,-1.251,0.3637,0.841,20.965,7.721,0.0009,0.2762,1.638,97.008,8e-05,22.0,0.7247,4.942,0.038,-0.16,0.18,26.1,65.0,0,Copernicus CAMS via Open-Meteo,Lahore_Summer_2024-06-10
Lahore,Summer,5,35.7,20.0,12.0,975.8,2,69.301,9.188,-0.573,0.3628,0.795,70.068,22.406,0.0074,0.2936,1.149,69.301,0.00038,29.0,0.7146,30.825,0.002,-0.166,0.33,24.9,65.0,0,Copernicus CAMS via Open-Meteo,Lahore_Summer_2024-05-18
Lahore,Winter_Peak,12,5.6,98.0,8.8,993.7,6,75.324,11.304,-0.096,0.3369,0.912,80.939,27.033,0.0281,0.1746,1.722,74.953,0.00053,36.0,0.9211,42.133,0.055,-0.041,0.23,95.5,65.0,2,Copernicus CAMS via Open-Meteo,Lahore_Winter_Peak_2023-12-20
Lahore,Autumn_Harvest,10,20.2,86.0,7.7,989.5,9,129.039,3.718,-0.191,0.3754,0.967,13.578,6.885,0.0,0.1053,3.631,127.748,3e-05,13.0,1.0046,2.853,0.174,0.002,0.96,79.6,65.0,2,Copernicus CAMS via Open-Meteo,Lahore_Autumn_Harvest_2024-10-22
Lahore,Monsoon,7,27.9,87.0,6.0,976.4,1,166.231,10.924,0.673,0.2238,1.097,93.395,12.725,0.0,0.1438,3.404,142.275,0.0002,33.0,1.1614,15.315,0.291,0.075,0.89,54.1,65.0,1,Copernicus CAMS via Open-Meteo,Lahore_Monsoon_2023-07-15
Lahore,Autumn_Harvest,10,28.4,49.0,5.7,991.1,9,75.807,12.048,0.217,0.3199,0.812,25.993,19.691,0.0011,0.2751,1.347,75.807,0.00014,28.0,0.7544,25.453,0.02,-0.14,0.2,32.1,65.0,0,Copernicus CAMS via Open-Meteo,Lahore_Autumn_Harvest_2023-10-25
Lahore,Monsoon,7,31.7,71.0,5.8,976.2,0,133.412,30.017,0.505,0.2831,0.981,597.299,63.434,0.1368,0.0789,4.897,131.184,0.00193,98.0,1.0023,330.368,0.182,0.001,0.48,35.9,65.0,1,Copernicus CAMS via Open-Meteo,Lahore_Monsoon_2023-07-25
Lahore,Winter_Peak,1,8.1,98.0,3.9,992.9,11,171.365,2.588,-0.318,0.3271,0.977,54.987,7.592,0.0,0.0419,7.889,171.26,7e-05,6.0,0.9688,3.138,0.245,-0.016,1.26,121.1,65.0,2,Copernicus CAMS via Open-Meteo,Lahore_Winter_Peak_2024-01-15
Lahore,Monsoon,8,27.2,91.0,4.0,978.2,2,178.052,13.247,-0.237,0.3232,1.021,95.167,14.953,0.0,0.057,6.821,168.794,0.00017,39.0,1.0103,18.382,0.273,0.005,0.52,52.6,65.0,1,Copernicus CAMS via Open-Meteo,Lahore_Monsoon_2024-08-12
Lahore,Summer,4,26.5,56.0,4.7,982.6,1,58.631,9.102,-0.231,0.189,0.716,351.218,18.893,0.0211,0.4029,0.873,58.611,0.00245,25.0,0.5984,55.629,-0.042,-0.251,0.28,36.0,65.0,1,Copernicus CAMS via Open-Meteo,Lahore_Summer_2024-04-20
Lahore,Monsoon,7,30.5,74.0,12.0,968.1,0,96.157,17.679,1.406,0.2296,0.884,162.858,28.133,0.0247,0.1935,2.099,96.064,0.00068,49.0,0.8578,69.933,0.077,-0.077,1.62,71.7,65.0,1,Copernicus CAMS via Open-Meteo,Lahore_Monsoon_2024-07-25
Lahore,Monsoon,7,25.5,94.0,3.6,969.1,5,109.179,19.577,1.408,0.2312,0.963,107.319,27.159,0.0248,0.0877,3.995,107.892,0.00049,49.0,0.9548,67.0,0.124,-0.023,1.36,60.1,65.0,1,Copernicus CAMS via Open-Meteo,Lahore_Monsoon_2024-07-25
Lahore,Autumn_Harvest,10,23.0,67.0,5.9,984.4,11,77.86,12.056,0.37,0.2948,0.847,14.64,10.606,0.0,0.2302,1.608,77.86,8e-05,23.0,0.7962,8.145,0.034,-0.113,0.38,44.5,65.0,1,Copernicus CAMS via Open-Meteo,Lahore_Autumn_Harvest_2023-10-15
Lahore,Autumn_Harvest,9,26.5,77.0,4.5,981.7,9,148.498,9.501,2.179,0.1853,0.989,50.425,9.175,0.0074,0.0953,4.35,143.518,0.00011,32.0,1.0342,17.073,0.221,0.017,0.34,60.5,65.0,1,Copernicus CAMS via Open-Meteo,Lahore_Autumn_Harvest_2024-09-28
Lahore,Summer,5,16.4,60.0,8.4,978.3,0,67.072,11.955,-0.205,0.3243,0.744,55.917,30.433,0.0332,0.3888,1.003,67.072,0.00035,39.0,0.6126,55.1,-0.032,-0.24,0.26,26.6,65.0,0,Copernicus CAMS via Open-Meteo,Lahore_Summer_2024-05-01
Lahore,Summer,6,30.4,61.0,1.6,976.0,1,193.943,3.625,-2.243,0.3107,1.022,80.069,9.126,0.0,0.0684,6.647,182.007,9e-05,7.0,1.0023,4.715,0.301,0.001,0.72,27.2,65.0,0,Copernicus CAMS via Open-Meteo,Lahore_Summer_2023-06-15
Lahore,Winter_Peak,12,10.9,87.0,9.2,989.2,12,95.325,9.92,-0.198,0.3295,0.911,77.07,23.297,0.0011,0.1545,2.329,95.256,0.00031,28.0,0.8503,29.624,0.074,-0.081,0.37,114.3,65.0,2,Copernicus CAMS via Open-Meteo,Lahore_Winter_Peak_2023-12-10
Lahore,Autumn_Harvest,10,29.3,59.0,29.3,981.3,10,142.603,6.044,-0.247,0.3573,0.994,32.938,7.433,0.0,0.1398,3.225,132.996,7e-05,19.0,1.0722,3.265,0.218,0.035,0.54,46.3,65.0,1,Copernicus CAMS via Open-Meteo,Lahore_Autumn_Harvest_2024-10-05
Lahore,Winter_Peak,1,4.1,99.0,9.4,990.6,8,182.358,2.099,-1.128,0.2781,0.978,31.265,6.042,0.0,0.0748,6.197,180.989,4e-05,4.0,1.0038,2.262,0.279,0.002,0.88,201.6,65.0,3,Copernicus CAMS via Open-Meteo,Lahore_Winter_Peak_2024-01-15
Lahore,Winter_Peak,12,20.9,51.0,10.2,987.2,8,93.248,9.627,-0.142,0.3145,0.883,74.755,22.449,0.0005,0.1846,2.019,93.244,0.00027,29.0,0.8392,29.516,0.068,-0.087,0.21,36.9,65.0,1,Copernicus CAMS via Open-Meteo,Lahore_Winter_Peak_2023-12-10
Lahore,Winter_Peak,11,22.2,64.0,4.8,991.5,7,141.564,7.748,0.096,0.3376,1.015,79.617,10.075,0.0,0.0691,5.061,134.027,0.00017,21.0,1.0532,5.864,0.212,0.026,0.59,60.8,65.0,1,Copernicus CAMS via Open-Meteo,Lahore_Winter_Peak_2023-11-20
Lahore,Summer,6,32.9,54.0,7.2,975.7,2,191.238,2.556,-1.972,0.2765,0.964,42.068,6.68,0.0,0.0681,6.908,191.231,4e-05,5.0,0.932,2.728,0.268,-0.035,0.71,31.2,65.0,0,Copernicus CAMS via Open-Meteo,Lahore_Summer_2023-06-15
Lahore,Autumn_Harvest,9,27.2,83.0,4.8,981.4,12,200.251,5.958,-3.34,0.1691,1.047,75.861,10.296,0.0,0.0919,5.634,181.854,9e-05,8.0,1.1011,8.753,0.349,0.048,0.45,34.1,65.0,0,Copernicus CAMS via Open-Meteo,Lahore_Autumn_Harvest_2023-09-25
Lahore,Winter_Peak,11,19.3,84.0,2.1,988.2,12,51.998,1.851,-0.001,0.3918,0.971,32.138,5.479,0.0,0.0955,1.637,51.058,0.00043,4.0,0.9961,1.585,0.022,-0.002,1.73,244.9,65.0,3,Copernicus CAMS via Open-Meteo,Lahore_Winter_Peak_2024-11-15
Lahore,Autumn_Harvest,10,21.7,70.0,2.6,989.6,14,74.225,12.062,0.055,0.3333,0.8,67.396,20.429,0.0017,0.3052,1.239,74.224,0.00031,29.0,0.7585,27.137,0.019,-0.137,0.15,70.1,65.0,1,Copernicus CAMS via Open-Meteo,Lahore_Autumn_Harvest_2023-10-25
Lahore,Autumn_Harvest,10,26.6,53.0,4.0,984.4,10,107.813,6.021,-0.174,0.3463,0.903,74.358,10.388,0.0,0.1514,2.553,107.813,0.0002,17.0,0.8643,6.402,0.098,-0.073,0.29,70.5,65.0,1,Copernicus CAMS via Open-Meteo,Lahore_Autumn_Harvest_2024-10-15
Lahore,Monsoon,8,27.6,87.0,5.4,976.7,1,135.65,18.075,0.126,0.3708,0.932,34.237,15.688,0.0049,0.1138,3.699,135.65,0.00015,58.0,0.8894,22.911,0.153,-0.059,0.52,70.8,65.0,1,Copernicus CAMS via Open-Meteo,Lahore_Monsoon_2024-08-25
Lahore,Monsoon,8,27.7,90.0,5.4,977.0,0,121.612,8.747,2.09,0.2321,0.978,21.327,8.004,0.0,0.0614,4.861,120.733,7e-05,26.0,0.9504,5.474,0.146,-0.025,0.54,42.6,65.0,1,Copernicus CAMS via Open-Meteo,Lahore_Monsoon_2024-08-05
Lahore,Autumn_Harvest,9,32.6,62.0,1.5,976.1,9,134.453,18.926,0.858,0.2085,1.037,106.645,26.932,0.0248,0.0729,4.645,124.988,0.00043,59.0,1.0728,80.712,0.202,0.035,0.71,49.1,65.0,1,Copernicus CAMS via Open-Meteo,Lahore_Autumn_Harvest_2024-09-10
Lahore,Winter_Peak,1,8.0,94.0,2.4,993.0,8,196.797,2.69,0.001,0.2607,0.997,65.173,7.854,0.0,0.0624,7.292,191.25,7e-05,6.0,1.0283,3.239,0.316,0.014,0.72,227.7,65.0,3,Copernicus CAMS via Open-Meteo,Lahore_Winter_Peak_2024-01-05
Lahore,Autumn_Harvest,10,22.6,57.0,5.2,982.1,11,98.219,7.4,-0.491,0.382,0.855,14.65,6.198,0.0,0.2404,1.779,98.219,5e-05,18.0,0.8381,2.62,0.075,-0.088,0.29,60.5,65.0,1,Copernicus CAMS via Open-Meteo,Lahore_Autumn_Harvest_2023-10-05
Lahore,Autumn_Harvest,10,24.1,77.0,10.1,982.9,6,124.397,5.647,-0.265,0.3135,0.986,75.264,9.354,0.0,0.0627,4.821,122.353,0.00019,17.0,1.0043,4.81,0.165,0.002,0.74,73.6,65.0,1,Copernicus CAMS via Open-Meteo,Lahore_Autumn_Harvest_2024-10-05
Lahore,Winter_Peak,11,15.2,90.0,7.7,987.4,9,147.076,5.888,-0.14,0.3028,0.982,72.679,9.484,0.0,0.0612,5.742,145.472,0.00014,21.0,0.9496,5.205,0.193,-0.026,0.24,69.8,65.0,1,Copernicus CAMS via Open-Meteo,Lahore_Winter_Peak_2023-11-05
Lahore,Winter_Peak,11,17.5,69.0,6.2,989.4,5,131.34,5.716,0.376,0.2718,1.043,25.099,8.381,0.0,0.0972,3.601,118.718,7e-05,16.0,1.1063,4.31,0.202,0.05,0.18,66.6,65.0,1,Copernicus CAMS via Open-Meteo,Lahore_Winter_Peak_2024-11-25
Lahore,Monsoon,8,27.0,89.0,8.3,976.8,1,99.535,16.027,1.16,0.2468,0.961,123.437,29.737,0.0305,0.098,3.405,98.255,0.00057,40.0,0.9597,63.975,0.107,-0.021,1.18,36.6,65.0,1,Copernicus CAMS via Open-Meteo,Lahore_Monsoon_2023-08-05
Lahore,Winter_Peak,12,9.7,89.0,8.0,987.8,10,94.786,9.598,-0.218,0.3443,0.883,36.638,22.908,0.0006,0.1881,1.999,94.786,0.00016,28.0,0.8161,28.921,0.064,-0.101,0.31,85.0,65.0,2,Copernicus CAMS via Open-Meteo,Lahore_Winter_Peak_2023-12-10
Lahore,Summer,5,28.2,25.0,12.6,978.3,1,65.202,11.932,-0.178,0.3321,0.788,70.532,29.671,0.044,0.3091,1.082,65.202,0.00047,35.0,0.6989,47.985,-0.007,-0.177,0.22,16.3,65.0,0,Copernicus CAMS via Open-Meteo,Lahore_Summer_2024-05-01
Lahore,Winter_Peak,12,15.0,58.0,3.6,988.5,5,95.786,6.529,-0.757,0.3025,0.985,58.955,10.753,0.0,0.0656,3.726,94.038,0.00026,20.0,0.9823,7.234,0.104,-0.009,0.11,112.2,65.0,2,Copernicus CAMS via Open-Meteo,Lahore_Winter_Peak_2024-12-05
Lahore,Winter_Peak,12,16.0,55.0,4.0,988.5,10,116.071,7.763,-0.979,0.3762,0.979,25.706,10.771,0.0,0.0614,4.696,114.912,9e-05,25.0,0.9816,8.443,0.143,-0.009,0.11,99.4,65.0,2,Copernicus CAMS via Open-Meteo,Lahore_Winter_Peak_2024-12-05
Lahore,Winter_Peak,12,18.9,60.0,4.3,991.9,7,80.376,11.811,-0.05,0.3096,0.919,78.421,28.31,0.0275,0.1433,2.135,80.197,0.00048,37.0,0.8997,44.777,0.06,-0.053,0.21,47.6,65.0,1,Copernicus CAMS via Open-Meteo,Lahore_Winter_Peak_2023-12-20
Lahore,Autumn_Harvest,10,19.2,85.0,3.3,985.5,3,73.054,11.8,0.312,0.308,0.782,83.462,13.944,0.0003,0.3195,1.211,73.054,0.00035,24.0,0.7274,12.148,0.01,-0.158,0.51,32.2,65.0,0,Copernicus CAMS via Open-Meteo,Lahore_Autumn_Harvest_2023-10-15
Lahore,Winter_Peak,11,17.4,77.0,7.2,984.4,11,118.969,13.207,-5.397,0.0634,0.98,539.656,18.467,0.0229,0.0383,5.761,118.857,0.00222,12.0,0.9699,109.075,0.146,-0.015,0.09,36.2,65.0,1,Copernicus CAMS via Open-Meteo,Lahore_Winter_Peak_2024-11-01
Lahore,Monsoon,7,29.8,83.0,3.7,975.5,0,155.492,10.083,0.714,0.2065,1.044,64.469,11.151,0.0,0.0873,4.533,141.941,0.00015,33.0,1.0954,15.157,0.251,0.046,1.39,76.6,65.0,2,Copernicus CAMS via Open-Meteo,Lahore_Monsoon_2023-07-15
Lahore,Autumn_Harvest,9,22.7,96.0,9.2,980.6,9,164.502,11.037,2.17,0.1649,1.053,100.445,12.011,0.0077,0.0864,4.874,150.282,0.00019,35.0,1.0836,17.289,0.267,0.04,1.23,22.7,65.0,0,Copernicus CAMS via Open-Meteo,Lahore_Autumn_Harvest_2024-09-28
Lahore,Autumn_Harvest,9,21.5,99.0,24.8,980.5,8,151.413,10.424,2.083,0.1811,1.016,80.048,10.904,0.0077,0.049,6.366,145.068,0.00017,34.0,1.0419,17.206,0.229,0.021,1.58,31.1,65.0,0,Copernicus CAMS via Open-Meteo,Lahore_Autumn_Harvest_2024-09-28
Lahore,Summer,5,36.3,14.0,4.7,967.6,1,73.05,12.869,0.135,0.29,0.732,72.607,28.483,0.0159,0.3777,1.096,73.05,0.00032,46.0,0.6259,57.886,-0.022,-0.23,0.13,36.4,65.0,1,Copernicus CAMS via Open-Meteo,Lahore_Summer_2024-05-28
Lahore,Autumn_Harvest,10,31.1,43.0,1.7,987.9,12,125.615,4.126,-0.133,0.3365,1.016,43.804,8.382,0.0,0.0608,4.719,119.332,0.00012,12.0,1.0519,3.897,0.178,0.025,0.8,74.3,65.0,1,Copernicus CAMS via Open-Meteo,Lahore_Autumn_Harvest_2024-10-22
Lahore,Autumn_Harvest,9,31.7,61.0,5.2,979.2,17,119.234,4.041,0.089,0.2989,0.94,14.037,5.008,0.0,0.1159,3.229,119.191,4e-05,14.0,0.9423,1.593,0.139,-0.03,0.66,53.2,65.0,1,Copernicus CAMS via Open-Meteo,Lahore_Autumn_Harvest_2024-09-18
Lahore,Monsoon,8,29.9,69.0,5.2,979.7,0,92.998,11.571,-0.415,0.3623,0.889,14.919,7.466,0.0,0.1975,1.972,92.997,8e-05,28.0,0.8827,4.026,0.078,-0.062,0.34,66.6,65.0,1,Copernicus CAMS via Open-Meteo,Lahore_Monsoon_2023-08-30
Lahore,Autumn_Harvest,10,28.6,47.0,6.6,984.6,12,76.577,11.566,0.196,0.3119,0.821,21.812,10.181,0.0,0.2627,1.396,76.577,0.00011,23.0,0.7504,7.371,0.02,-0.143,0.51,32.5,65.0,0,Copernicus CAMS via Open-Meteo,Lahore_Autumn_Harvest_2023-10-15
Lahore,Summer,4,29.3,41.0,13.0,981.1,0,51.416,7.9,-0.259,0.1822,0.664,276.525,16.176,0.0215,0.4601,0.742,51.403,0.00221,24.0,0.5399,48.794,-0.065,-0.299,0.25,32.6,65.0,0,Copernicus CAMS via Open-Meteo,Lahore_Summer_2024-04-20
Lahore,Monsoon,8,25.8,84.0,4.7,980.0,0,91.432,12.284,-0.364,0.3528,0.901,25.63,8.346,0.0,0.1662,2.21,91.43,0.00013,28.0,0.8707,4.917,0.073,-0.069,0.54,58.2,65.0,1,Copernicus CAMS via Open-Meteo,Lahore_Monsoon_2023-08-30
Lahore,Summer,6,33.2,42.0,10.2,971.2,1,106.847,4.122,0.206,0.3337,0.885,40.765,7.98,0.0,0.1869,2.2,106.847,0.00011,14.0,0.813,4.034,0.081,-0.103,0.42,36.6,65.0,1,Copernicus CAMS via Open-Meteo,Lahore_Summer_2024-06-20
Lahore,Autumn_Harvest,9,34.7,60.0,6.6,980.0,13,117.044,6.447,1.329,0.2277,1.002,60.737,9.14,0.0,0.0765,4.019,111.977,0.00019,18.0,1.0422,5.368,0.159,0.021,1.02,48.8,65.0,1,Copernicus CAMS via Open-Meteo,Lahore_Autumn_Harvest_2023-09-15
Lahore,Winter_Peak,12,21.2,41.0,5.1,988.8,13,106.88,7.549,-0.966,0.3709,0.993,17.236,10.037,0.0,0.112,2.935,101.628,8e-05,23.0,1.0504,7.029,0.14,0.025,0.1,20.7,65.0,0,Copernicus CAMS via Open-Meteo,Lahore_Winter_Peak_2024-12-05
Lahore,Summer,6,30.4,43.0,6.8,977.5,1,99.517,10.049,-0.363,0.3511,0.88,85.729,14.629,0.0,0.1862,2.136,99.516,0.00026,23.0,0.8213,13.302,0.073,-0.098,0.65,30.4,65.0,0,Copernicus CAMS via Open-Meteo,Lahore_Summer_2023-06-05
Lahore,Autumn_Harvest,10,19.8,77.0,7.7,986.5,13,136.236,4.711,-0.15,0.3253,1.015,68.045,9.916,0.0,0.0809,4.344,127.901,0.00016,14.0,0.985,5.346,0.183,-0.008,0.88,101.7,65.0,2,Copernicus CAMS via Open-Meteo,Lahore_Autumn_Harvest_2024-10-22
Lahore,Monsoon,7,28.4,86.0,6.0,969.2,2,94.811,17.24,1.378,0.2253,0.917,145.325,25.851,0.0249,0.1439,2.595,94.612,0.00069,46.0,0.8737,54.856,0.079,-0.067,1.2,46.9,65.0,1,Copernicus CAMS via Open-Meteo,Lahore_Monsoon_2024-07-25
Lahore,Monsoon,8,28.4,88.0,8.0,977.4,0,121.11,8.986,1.99,0.2169,0.986,48.446,9.472,0.0,0.0671,4.673,118.635,0.00015,26.0,1.0021,6.791,0.158,0.001,0.64,27.1,65.0,0,Copernicus CAMS via Open-Meteo,Lahore_Monsoon_2024-08-05
Lahore,Monsoon,8,29.6,87.0,7.8,980.2,2,136.372,17.742,0.088,0.3327,1.025,87.555,23.696,0.0059,0.0748,4.499,127.226,0.00032,52.0,1.0067,47.203,0.189,0.003,0.76,59.8,65.0,1,Copernicus CAMS via Open-Meteo,Lahore_Monsoon_2023-08-20
Lahore,Summer,5,25.7,38.0,8.4,977.2,2,87.413,11.261,-0.682,0.3309,0.85,48.857,24.683,0.0071,0.2445,1.595,87.413,0.00023,34.0,0.7569,38.172,0.036,-0.138,0.37,32.2,65.0,0,Copernicus CAMS via Open-Meteo,Lahore_Summer_2024-05-18
Lahore,Winter_Peak,1,4.6,98.0,4.7,990.9,5,204.793,1.064,0.003,0.2424,1.048,11.134,3.241,0.0,0.1045,5.207,183.338,1e-05,3.0,1.117,0.57,0.364,0.055,0.71,197.4,65.0,3,Copernicus CAMS via Open-Meteo,Lahore_Winter_Peak_2024-01-05
Lahore,Autumn_Harvest,9,24.1,89.0,2.5,979.7,8,127.911,4.48,0.107,0.2937,0.933,13.763,5.253,0.0,0.1238,3.333,127.902,3e-05,15.0,0.9321,1.804,0.153,-0.035,0.55,78.7,65.0,2,Copernicus CAMS via Open-Meteo,Lahore_Autumn_Harvest_2024-09-18
Lahore,Autumn_Harvest,9,30.6,64.0,4.2,981.4,8,156.185,4.248,-2.845,0.1648,0.979,40.178,7.782,0.0,0.0411,7.207,156.038,7e-05,6.0,0.9611,6.151,0.214,-0.02,0.54,26.0,65.0,0,Copernicus CAMS via Open-Meteo,Lahore_Autumn_Harvest_2023-09-25
Lahore,Winter_Peak,12,16.3,65.0,9.0,987.5,12,78.409,8.059,-0.221,0.3362,0.838,44.955,20.34,0.0006,0.2398,1.432,78.409,0.00022,26.0,0.778,23.062,0.03,-0.125,0.24,62.4,65.0,1,Copernicus CAMS via Open-Meteo,Lahore_Winter_Peak_2023-12-10
Lahore,Summer,6,28.2,72.0,4.2,976.6,1,203.056,3.007,-1.131,0.2945,1.017,62.468,8.051,0.0,0.0498,8.229,193.893,6e-05,6.0,1.0471,3.859,0.336,0.023,0.67,49.4,65.0,1,Copernicus CAMS via Open-Meteo,Lahore_Summer_2023-06-15
Lahore,Autumn_Harvest,9,32.5,64.0,1.1,975.2,9,121.226,16.579,1.052,0.207,1.008,112.217,26.036,0.0281,0.0614,4.861,116.462,0.0005,54.0,1.0381,75.621,0.166,0.019,0.75,50.1,65.0,1,Copernicus CAMS via Open-Meteo,Lahore_Autumn_Harvest_2024-09-10
Lahore,Monsoon,7,32.7,67.0,4.7,975.2,1,140.428,10.611,1.371,0.227,0.969,154.179,23.235,0.026,0.0603,5.544,140.235,0.0004,36.0,0.9428,47.009,0.179,-0.029,1.01,90.3,65.0,2,Copernicus CAMS via Open-Meteo,Lahore_Monsoon_2024-07-10
Lahore,Autumn_Harvest,9,26.2,88.0,8.1,979.7,7,160.002,10.198,2.229,0.1842,1.011,34.393,7.997,0.0078,0.0475,6.66,153.8,8e-05,32.0,1.0402,14.661,0.246,0.02,0.75,49.7,65.0,1,Copernicus CAMS via Open-Meteo,Lahore_Autumn_Harvest_2024-09-28
Lahore,Summer,5,42.3,12.0,9.9,969.7,1,71.304,12.551,0.16,0.2999,0.784,103.089,27.692,0.0213,0.3438,1.111,71.304,0.00053,40.0,0.6586,48.552,-0.013,-0.206,0.23,22.5,65.0,0,Copernicus CAMS via Open-Meteo,Lahore_Summer_2024-05-28
Lahore,Summer,6,39.8,19.0,8.3,977.4,1,93.985,9.211,-1.12,0.3492,0.809,79.036,10.946,0.001,0.2848,1.57,93.985,0.00023,24.0,0.7168,8.306,0.031,-0.165,0.26,16.6,65.0,0,Copernicus CAMS via Open-Meteo,Lahore_Summer_2024-06-10
Lahore,Winter_Peak,1,4.5,95.0,2.9,993.0,6,200.241,1.685,-0.011,0.2231,1.06,26.737,5.032,0.0,0.0953,5.434,181.145,3e-05,4.0,1.1052,1.335,0.35,0.05,1.07,154.1,65.0,3,Copernicus CAMS via Open-Meteo,Lahore_Winter_Peak_2024-01-05
Lahore,Autumn_Harvest,10,23.7,73.0,10.7,980.7,10,110.375,8.7,-0.334,0.3635,0.89,26.015,7.423,0.0,0.1693,2.47,110.375,7e-05,18.0,0.8484,3.467,0.098,-0.082,0.3,74.5,65.0,1,Copernicus CAMS via Open-Meteo,Lahore_Autumn_Harvest_2023-10-05
Lahore,Summer,5,28.2,25.0,12.6,978.3,1,76.142,13.698,-0.182,0.3497,0.793,88.556,33.177,0.0372,0.3223,1.236,76.142,0.00045,41.0,0.6796,61.908,-0.001,-0.191,0.22,16.3,65.0,0,Copernicus CAMS via Open-Meteo,Lahore_Summer_2024-05-01
Lahore,Autumn_Harvest,10,26.2,61.0,3.3,984.1,7,109.099,8.19,-0.462,0.3417,0.905,16.845,6.464,0.0,0.1767,2.377,109.098,5e-05,18.0,0.9091,2.821,0.113,-0.048,0.32,75.4,65.0,2,Copernicus CAMS via Open-Meteo,Lahore_Autumn_Harvest_2023-10-05
Lahore,Winter_Peak,11,19.1,70.0,8.3,984.7,9,114.703,11.407,-6.015,0.0456,0.953,463.413,15.498,0.0187,0.1075,3.242,114.62,0.00193,6.0,0.8936,82.666,0.118,-0.056,0.09,39.3,65.0,1,Copernicus CAMS via Open-Meteo,Lahore_Winter_Peak_2024-11-01
Lahore,Summer,6,31.9,54.0,9.9,973.1,1,119.105,5.346,0.641,0.3021,0.931,65.157,9.724,0.0,0.1151,3.302,119.101,0.00016,16.0,0.8879,5.696,0.124,-0.059,0.54,37.1,65.0,1,Copernicus CAMS via Open-Meteo,Lahore_Summer_2024-06-20
Lahore,Autumn_Harvest,9,31.4,70.0,9.4,978.3,11,127.895,17.503,1.044,0.2077,0.993,118.405,27.578,0.0296,0.0566,5.37,125.278,0.00047,59.0,1.0124,85.697,0.174,0.006,0.85,47.5,65.0,1,Copernicus CAMS via Open-Meteo,Lahore_Autumn_Harvest_2024-09-10
Lahore,Summer,5,35.7,20.0,12.0,975.8,0,82.987,10.794,-0.664,0.3482,0.78,59.279,25.283,0.0059,0.327,1.305,82.987,0.00024,34.0,0.6744,40.486,0.004,-0.194,0.33,24.9,65.0,0,Copernicus CAMS via Open-Meteo,Lahore_Summer_2024-05-18
Lahore,Winter_Peak,11,24.2,66.0,4.6,990.8,7,157.527,6.026,-0.046,0.3377,1.014,45.62,8.226,0.0,0.0363,7.582,152.603,9e-05,22.0,1.026,4.079,0.237,0.013,0.34,76.8,65.0,2,Copernicus CAMS via Open-Meteo,Lahore_Winter_Peak_2023-11-05
Lahore,Summer,5,42.0,17.0,5.2,977.5,1,81.079,10.706,-0.575,0.3413,0.779,83.541,26.442,0.0095,0.358,1.232,81.079,0.00033,34.0,0.643,42.748,-0.009,-0.217,0.68,25.7,65.0,0,Copernicus CAMS via Open-Meteo,Lahore_Summer_2024-05-18
Lahore,Winter_Peak,12,13.1,98.0,6.0,992.8,15,131.695,8.168,0.06,0.3241,1.054,52.37,10.438,0.0,0.0901,3.876,119.783,0.00015,20.0,1.0777,6.537,0.197,0.037,1.43,91.0,65.0,2,Copernicus CAMS via Open-Meteo,Lahore_Winter_Peak_2023-12-01
Lahore,Summer,5,16.4,60.0,8.4,978.3,2,68.893,12.398,-0.226,0.3316,0.811,56.463,28.776,0.0367,0.2921,1.176,68.893,0.00041,36.0,0.7107,47.733,0.0,-0.169,0.26,26.6,65.0,0,Copernicus CAMS via Open-Meteo,Lahore_Summer_2024-05-01
Lahore,Autumn_Harvest,10,22.3,72.0,11.4,980.7,12,105.676,8.417,-0.381,0.3643,0.894,67.692,9.535,0.0,0.1662,2.397,105.676,0.00019,18.0,0.843,5.245,0.089,-0.085,0.29,75.7,65.0,2,Copernicus CAMS via Open-Meteo,Lahore_Autumn_Harvest_2023-10-05
Lahore,Monsoon,8,28.2,92.0,5.6,979.3,1,146.487,19.493,0.025,0.3353,1.042,45.67,24.949,0.0053,0.0893,4.282,133.855,0.00019,55.0,1.0943,52.848,0.232,0.045,0.83,56.5,65.0,1,Copernicus CAMS via Open-Meteo,Lahore_Monsoon_2023-08-20
Lahore,Monsoon,8,34.6,62.0,8.6,974.4,0,104.831,16.788,1.181,0.2359,0.932,120.784,31.802,0.0302,0.1281,3.088,104.549,0.00047,44.0,0.9227,71.891,0.108,-0.04,0.78,52.7,65.0,1,Copernicus CAMS via Open-Meteo,Lahore_Monsoon_2023-08-05
Lahore,Monsoon,8,27.4,91.0,5.4,976.4,1,109.378,7.963,2.013,0.2089,0.908,36.592,8.963,0.0,0.1744,2.342,109.287,0.00011,25.0,0.914,6.625,0.114,-0.045,0.57,39.7,65.0,1,Copernicus CAMS via Open-Meteo,Lahore_Monsoon_2024-08-05
Lahore,Summer,6,40.5,13.0,10.8,975.0,0,115.067,10.13,-1.228,0.3268,0.866,60.143,10.317,0.0007,0.2128,2.245,115.067,0.00014,24.0,0.7881,8.049,0.085,-0.118,0.19,9.9,65.0,0,Copernicus CAMS via Open-Meteo,Lahore_Summer_2024-06-10
Lahore,Summer,5,32.3,26.0,8.6,967.3,1,61.95,11.076,0.251,0.2764,0.739,38.831,22.864,0.014,0.4044,0.91,61.95,0.0003,39.0,0.5981,36.428,-0.04,-0.252,0.15,26.1,65.0,0,Copernicus CAMS via Open-Meteo,Lahore_Summer_2024-05-28
Lahore,Monsoon,8,27.0,89.0,8.3,976.8,2,92.49,13.123,1.007,0.2571,0.949,52.885,23.399,0.0151,0.1073,3.056,91.998,0.00029,32.0,0.9491,42.219,0.092,-0.026,1.18,36.6,65.0,1,Copernicus CAMS via Open-Meteo,Lahore_Monsoon_2023-08-05
Lahore,Autumn_Harvest,10,27.0,69.0,9.1,982.7,3,129.446,5.545,-0.222,0.3308,0.983,23.935,6.556,0.0,0.0632,4.855,128.105,6e-05,17.0,1.004,2.558,0.175,0.002,0.51,65.4,65.0,1,Copernicus CAMS via Open-Meteo,Lahore_Autumn_Harvest_2024-10-05
Lahore,Autumn_Harvest,9,27.7,72.0,1.9,980.7,7,137.669,5.095,0.062,0.307,0.933,30.617,6.88,0.0,0.1149,3.76,137.662,6e-05,17.0,0.9185,2.812,0.166,-0.042,0.48,83.6,65.0,2,Copernicus CAMS via Open-Meteo,Lahore_Autumn_Harvest_2024-09-18
Lahore,Summer,5,27.3,58.0,10.9,978.7,0,120.076,30.494,-0.652,0.2003,0.995,221.632,32.461,0.0573,0.0669,4.839,116.901,0.00092,113.0,0.9711,121.923,0.148,-0.015,0.5,45.3,65.0,1,Copernicus CAMS via Open-Meteo,Lahore_Summer_2023-05-25
Lahore,Winter_Peak,12,13.7,65.0,1.8,990.0,14,106.317,7.086,-1.003,0.3767,1.032,23.182,9.273,0.0,0.0983,3.08,97.219,0.00011,21.0,1.0934,5.85,0.146,0.045,0.08,56.0,65.0,1,Copernicus CAMS via Open-Meteo,Lahore_Winter_Peak_2024-12-05
Lahore,Summer,5,30.3,27.0,12.7,969.7,1,68.111,12.08,0.132,0.2819,0.767,60.776,24.819,0.0138,0.3419,1.062,68.111,0.00034,41.0,0.6615,43.022,-0.015,-0.204,0.15,49.4,65.0,1,Copernicus CAMS via Open-Meteo,Lahore_Summer_2024-05-28
Lahore,Autumn_Harvest,9,33.6,66.0,11.2,981.7,7,119.915,7.603,1.693,0.2036,0.996,28.717,8.071,0.0,0.0852,3.795,115.179,0.00011,23.0,1.0396,4.911,0.164,0.019,1.05,47.1,65.0,1,Copernicus CAMS via Open-Meteo,Lahore_Autumn_Harvest_2023-09-15
Lahore,Autumn_Harvest,9,30.1,66.0,5.2,982.1,11,172.137,5.257,-3.228,0.2258,1.033,61.283,9.338,0.0,0.084,5.154,158.124,0.0001,7.0,1.0154,7.012,0.263,0.008,0.55,25.1,65.0,0,Copernicus CAMS via Open-Meteo,Lahore_Autumn_Harvest_2023-09-25
Lahore,Winter_Peak,1,13.0,77.0,4.7,992.1,11,214.528,1.857,-0.015,0.2956,1.025,32.076,5.513,0.0,0.0566,7.985,202.431,3e-05,4.0,1.0598,1.599,0.364,0.029,0.81,139.2,65.0,2,Copernicus CAMS via Open-Meteo,Lahore_Winter_Peak_2024-01-05
Lahore,Summer,6,27.6,79.0,8.4,978.0,1,181.614,2.636,-0.885,0.3594,0.977,54.416,7.34,0.0,0.0497,7.716,181.328,6e-05,6.0,0.9818,3.109,0.269,-0.009,0.63,34.5,65.0,0,Copernicus CAMS via Open-Meteo,Lahore_Summer_2023-06-15
Lahore,Winter_Peak,12,17.0,77.0,7.3,990.9,18,127.509,8.384,0.049,0.319,1.013,29.471,9.808,0.0,0.0808,4.096,119.962,9e-05,23.0,1.0619,6.057,0.185,0.03,0.34,55.2,65.0,1,Copernicus CAMS via Open-Meteo,Lahore_Winter_Peak_2023-12-01
Lahore,Monsoon,8,32.0,62.0,4.7,979.6,0,94.313,12.31,-0.387,0.3529,0.9,73.047,10.694,0.0,0.186,2.137,94.27,0.00027,28.0,0.9013,7.335,0.085,-0.052,0.36,47.4,65.0,1,Copernicus CAMS via Open-Meteo,Lahore_Monsoon_2023-08-30
Lahore,Monsoon,7,32.4,67.0,5.2,974.1,1,183.815,12.115,0.665,0.224,1.048,54.689,11.205,0.0,0.0792,5.657,169.232,0.0001,39.0,1.0851,17.085,0.309,0.041,1.13,61.5,65.0,1,Copernicus CAMS via Open-Meteo,Lahore_Monsoon_2023-07-15
Lahore,Monsoon,8,28.5,87.0,5.0,976.3,1,169.633,13.412,-0.327,0.3113,1.05,68.456,14.139,0.0,0.0793,5.249,156.134,0.00016,41.0,1.0757,16.696,0.276,0.036,0.43,38.5,65.0,1,Copernicus CAMS via Open-Meteo,Lahore_Monsoon_2024-08-12
Lahore,Winter_Peak,11,18.3,73.0,7.8,984.5,10,128.433,12.938,-6.019,0.0521,1.004,475.65,15.796,0.0186,0.0551,5.024,124.206,0.00179,7.0,0.9788,95.539,0.166,-0.011,0.09,37.6,65.0,1,Copernicus CAMS via Open-Meteo,Lahore_Winter_Peak_2024-11-01
Lahore,Autumn_Harvest,10,24.1,77.0,10.1,982.9,20,126.418,5.242,-0.25,0.3143,0.991,18.019,5.879,0.0,0.0264,6.824,125.801,5e-05,15.0,0.9858,2.104,0.164,-0.007,0.74,73.6,65.0,1,Copernicus CAMS via Open-Meteo,Lahore_Autumn_Harvest_2024-10-05
Lahore,Autumn_Harvest,9,32.3,64.0,4.8,977.2,13,123.301,17.68,0.853,0.2011,0.98,151.204,28.943,0.0319,0.1051,3.586,119.97,0.00057,60.0,1.022,89.223,0.167,0.011,0.71,48.5,65.0,1,Copernicus CAMS via Open-Meteo,Lahore_Autumn_Harvest_2024-09-10
Lahore,Autumn_Harvest,10,19.7,78.0,9.5,984.8,10,117.879,6.156,-0.161,0.3505,0.889,56.833,9.798,0.0,0.1823,2.48,117.879,0.00013,17.0,0.8688,6.121,0.116,-0.07,0.28,53.7,65.0,1,Copernicus CAMS via Open-Meteo,Lahore_Autumn_Harvest_2024-10-15
Lahore,Monsoon,7,30.9,77.0,6.0,968.8,0,111.845,19.921,1.438,0.2247,0.947,139.356,28.888,0.0235,0.1171,3.417,110.727,0.00056,51.0,0.9493,76.038,0.128,-0.026,1.23,74.3,65.0,1,Copernicus CAMS via Open-Meteo,Lahore_Monsoon_2024-07-25
Lahore,Autumn_Harvest,9,23.9,97.0,6.6,979.9,7,163.426,4.224,-2.95,0.1948,0.98,42.177,7.87,0.0,0.0516,6.773,162.889,7e-05,6.0,0.9902,6.325,0.237,-0.005,0.52,43.2,65.0,1,Copernicus CAMS via Open-Meteo,Lahore_Autumn_Harvest_2023-09-25
Lahore,Autumn_Harvest,10,25.3,63.0,3.6,988.3,8,130.057,4.543,-0.12,0.3043,0.975,69.351,10.243,0.0,0.0806,4.372,128.463,0.00015,14.0,0.998,5.63,0.174,-0.001,1.13,149.0,65.0,2,Copernicus CAMS via Open-Meteo,Lahore_Autumn_Harvest_2024-10-22
Lahore,Autumn_Harvest,10,25.3,63.0,3.6,988.3,8,121.471,3.608,-0.161,0.3072,0.978,18.934,6.942,0.0,0.1116,3.26,118.111,5e-05,12.0,1.0273,2.78,0.165,0.013,1.13,149.0,65.0,2,Copernicus CAMS via Open-Meteo,Lahore_Autumn_Harvest_2024-10-22
Lahore,Summer,5,39.7,24.0,6.9,979.0,1,81.511,10.604,-0.599,0.357,0.832,63.38,24.319,0.0087,0.2466,1.48,81.511,0.00028,32.0,0.7626,36.219,0.03,-0.135,0.57,25.7,65.0,0,Copernicus CAMS via Open-Meteo,Lahore_Summer_2024-05-18
Lahore,Winter_Peak,12,13.3,79.0,3.7,992.8,15,79.006,11.606,-0.078,0.327,0.962,84.557,25.765,0.0279,0.0983,2.579,77.815,0.00057,34.0,0.9422,38.385,0.065,-0.03,0.23,105.2,65.0,2,Copernicus CAMS via Open-Meteo,Lahore_Winter_Peak_2023-12-20
Lahore,Winter_Peak,12,13.3,55.0,6.8,988.0,12,97.013,6.93,-0.955,0.3505,0.985,28.501,9.841,0.0,0.0571,4.033,95.688,0.00013,22.0,0.9841,6.631,0.107,-0.008,0.07,46.2,65.0,1,Copernicus CAMS via Open-Meteo,Lahore_Winter_Peak_2024-12-05
Lahore,Winter_Peak,12,10.7,87.0,6.3,992.4,8,76.524,11.118,-0.061,0.3038,0.894,55.346,27.535,0.0287,0.1726,1.753,76.508,0.00038,36.0,0.84,42.989,0.041,-0.087,0.23,108.5,65.0,2,Copernicus CAMS via Open-Meteo,Lahore_Winter_Peak_2023-12-20
Lahore,Monsoon,8,27.7,89.0,6.6,979.2,2,136.17,17.318,0.094,0.3801,0.975,29.943,14.053,0.0041,0.0591,5.329,135.921,0.00014,52.0,0.9439,18.401,0.171,-0.029,0.74,49.1,65.0,1,Copernicus CAMS via Open-Meteo,Lahore_Monsoon_2024-08-25
Lahore,Monsoon,8,32.2,78.0,3.4,977.9,2,143.85,18.047,0.113,0.3427,1.028,52.468,24.036,0.0057,0.0629,5.119,134.927,0.00021,53.0,1.0237,49.495,0.209,0.012,0.77,78.5,65.0,2,Copernicus CAMS via Open-Meteo,Lahore_Monsoon_2023-08-20
Lahore,Winter_Peak,11,18.4,80.0,10.5,992.5,10,141.607,16.75,1.717,0.1655,1.051,135.464,20.681,0.0276,0.0904,4.071,128.856,0.00048,55.0,1.0612,64.745,0.214,0.03,1.58,59.3,65.0,1,Copernicus CAMS via Open-Meteo,Lahore_Winter_Peak_2023-11-30
Lahore,Monsoon,8,25.4,92.0,4.0,976.9,1,156.898,12.815,-0.405,0.315,0.99,42.252,12.575,0.0,0.04,7.356,155.69,0.00011,43.0,1.0017,14.682,0.228,0.001,0.79,22.4,65.0,0,Copernicus CAMS via Open-Meteo,Lahore_Monsoon_2024-08-12
Lahore,Monsoon,7,35.5,50.0,2.4,966.3,1,104.011,18.546,1.486,0.2149,0.945,104.239,25.126,0.0219,0.1079,3.454,103.37,0.00051,46.0,0.931,57.48,0.109,-0.036,1.27,55.6,65.0,1,Copernicus CAMS via Open-Meteo,Lahore_Monsoon_2024-07-25
Lahore,Monsoon,7,29.2,87.0,4.3,978.0,0,137.675,30.453,0.528,0.2867,1.015,796.356,69.03,0.1531,0.0585,5.654,131.752,0.00248,94.0,1.0404,350.79,0.2,0.02,0.45,67.5,65.0,1,Copernicus CAMS via Open-Meteo,Lahore_Monsoon_2023-07-25
Lahore,Monsoon,8,29.0,86.0,4.7,975.5,1,118.846,8.565,2.002,0.2049,1.0,49.892,9.5,0.0,0.1098,3.37,111.918,0.00016,24.0,1.0589,6.797,0.166,0.029,0.63,44.1,65.0,1,Copernicus CAMS via Open-Meteo,Lahore_Monsoon_2024-08-05
Lahore,Winter_Peak,11,20.2,82.0,3.0,988.2,10,51.166,2.367,-0.002,0.2845,0.998,51.729,6.983,0.0,0.0788,1.791,49.164,0.0008,6.0,0.98,2.551,0.018,-0.01,1.69,238.4,65.0,3,Copernicus CAMS via Open-Meteo,Lahore_Winter_Peak_2024-11-15
Lahore,Summer,6,26.1,56.0,7.1,978.8,0,93.94,9.48,-0.355,0.3645,0.857,36.408,12.383,0.0,0.2152,1.833,93.94,0.00012,22.0,0.8131,9.908,0.062,-0.103,0.41,53.9,65.0,1,Copernicus CAMS via Open-Meteo,Lahore_Summer_2023-06-05
Lahore,Summer,6,29.2,42.0,8.3,977.6,1,96.369,9.284,-1.138,0.3205,0.86,68.126,10.322,0.0011,0.2112,1.904,96.369,0.00022,22.0,0.7958,7.132,0.06,-0.114,0.23,29.3,65.0,0,Copernicus CAMS via Open-Meteo,Lahore_Summer_2024-06-10
Lahore,Autumn_Harvest,9,26.3,95.0,4.0,977.2,12,148.624,20.378,1.024,0.2058,1.055,115.446,28.679,0.026,0.122,3.517,130.81,0.00044,63.0,1.1362,91.428,0.246,0.064,0.67,68.2,65.0,1,Copernicus CAMS via Open-Meteo,Lahore_Autumn_Harvest_2024-09-10
Lahore,Summer,6,24.2,56.0,8.2,978.1,1,103.376,10.206,-0.397,0.3536,0.857,50.978,14.048,0.0,0.2382,1.889,103.376,0.00014,24.0,0.7629,12.667,0.06,-0.135,0.28,59.3,65.0,1,Copernicus CAMS via Open-Meteo,Lahore_Summer_2023-06-05
Lahore,Monsoon,8,27.0,93.0,3.7,976.8,1,113.189,8.499,1.836,0.2182,0.953,71.068,10.428,0.0,0.0918,3.664,112.9,0.00022,25.0,0.9195,7.447,0.123,-0.042,0.66,34.7,65.0,0,Copernicus CAMS via Open-Meteo,Lahore_Monsoon_2024-08-05
Lahore,Summer,5,27.9,32.0,12.2,977.8,0,70.497,9.042,-0.621,0.3237,0.787,38.041,22.592,0.008,0.2991,1.152,70.497,0.00022,29.0,0.7093,30.635,0.002,-0.17,0.34,29.7,65.0,0,Copernicus CAMS via Open-Meteo,Lahore_Summer_2024-05-18
Lahore,Winter_Peak,12,20.9,51.0,10.2,987.2,11,86.206,8.729,-0.188,0.3368,0.923,32.055,19.373,0.0007,0.1372,2.251,86.085,0.00017,24.0,0.9111,21.165,0.073,-0.046,0.21,36.9,65.0,1,Copernicus CAMS via Open-Meteo,Lahore_Winter_Peak_2023-12-10
Lahore,Summer,5,36.3,14.0,4.7,967.6,0,63.505,11.354,0.24,0.2699,0.757,55.282,23.797,0.0153,0.3698,0.96,63.505,0.00036,39.0,0.6328,38.743,-0.028,-0.225,0.13,36.4,65.0,1,Copernicus CAMS via Open-Meteo,Lahore_Summer_2024-05-28
Lahore,Winter_Peak,1,8.2,96.0,3.9,994.3,14,198.648,1.104,0.01,0.2082,1.042,12.065,3.365,0.0,0.1169,4.682,175.596,1e-05,2.0,1.0051,0.61,0.311,0.003,1.24,156.9,65.0,3,Copernicus CAMS via Open-Meteo,Lahore_Winter_Peak_2024-01-05
Lahore,Summer,6,33.6,55.0,2.9,977.2,2,105.805,10.566,-0.376,0.3407,0.879,57.802,13.941,0.0,0.1908,2.23,105.805,0.00016,24.0,0.8475,12.672,0.09,-0.083,0.64,31.3,65.0,0,Copernicus CAMS via Open-Meteo,Lahore_Summer_2023-06-05
Lahore,Summer,5,44.0,10.0,7.6,967.7,2,70.881,12.357,0.167,0.2774,0.779,35.004,25.719,0.0156,0.3196,1.134,70.881,0.00022,41.0,0.6846,45.387,-0.005,-0.187,0.23,13.6,65.0,0,Copernicus CAMS via Open-Meteo,Lahore_Summer_2024-05-28
Lahore,Monsoon,8,30.5,76.0,9.7,979.5,0,146.273,18.882,0.24,0.3631,0.938,22.273,13.85,0.0021,0.1014,4.275,146.273,0.00011,59.0,0.9059,17.63,0.177,-0.049,0.9,48.3,65.0,1,Copernicus CAMS via Open-Meteo,Lahore_Monsoon_2024-08-25
Lahore,Autumn_Harvest,10,25.6,77.0,11.8,981.2,12,134.611,5.817,-0.178,0.348,0.934,40.552,7.722,0.0,0.1057,3.864,134.611,8e-05,19.0,0.9114,3.468,0.158,-0.046,0.6,76.8,65.0,2,Copernicus CAMS via Open-Meteo,Lahore_Autumn_Harvest_2024-10-05
Lahore,Monsoon,7,26.3,90.0,11.3,978.7,1,150.111,11.655,1.326,0.2321,1.003,204.43,25.293,0.0272,0.0386,7.113,146.716,0.00048,39.0,1.0095,53.56,0.217,0.005,0.93,49.0,65.0,1,Copernicus CAMS via Open-Meteo,Lahore_Monsoon_2024-07-10
Lahore,Autumn_Harvest,9,30.7,62.0,1.1,980.8,11,156.769,4.475,-1.879,0.2055,1.011,82.825,10.082,0.0,0.0688,5.505,149.042,0.00014,8.0,1.0514,7.48,0.242,0.025,0.54,27.4,65.0,0,Copernicus CAMS via Open-Meteo,Lahore_Autumn_Harvest_2023-09-25
Lahore,Winter_Peak,11,15.3,74.0,8.1,992.2,8,142.923,7.563,0.185,0.3563,1.009,27.993,7.235,0.0,0.0734,4.837,135.651,6e-05,20.0,1.0521,3.279,0.214,0.025,0.51,86.1,65.0,2,Copernicus CAMS via Open-Meteo,Lahore_Winter_Peak_2023-11-20
Lahore,Summer,6,29.0,52.0,9.4,979.9,1,94.224,9.498,-0.363,0.3727,0.905,48.636,12.186,0.0,0.1663,2.165,94.21,0.00018,20.0,0.8356,9.633,0.068,-0.09,0.33,39.9,65.0,1,Copernicus CAMS via Open-Meteo,Lahore_Summer_2023-06-05
Lahore,Winter_Peak,11,15.0,89.0,7.1,991.9,5,146.726,15.895,1.902,0.1566,1.045,93.876,18.419,0.0197,0.1166,3.59,130.169,0.00035,54.0,1.1272,54.614,0.24,0.06,1.64,82.9,65.0,2,Copernicus CAMS via Open-Meteo,Lahore_Winter_Peak_2023-11-30
Lahore,Autumn_Harvest,10,29.1,62.0,8.8,983.3,11,115.858,5.331,-0.178,0.3382,0.964,61.582,8.514,0.0,0.078,4.039,115.494,0.00017,16.0,0.9689,4.025,0.14,-0.016,0.49,64.7,65.0,1,Copernicus CAMS via Open-Meteo,Lahore_Autumn_Harvest_2024-10-05
Lahore,Winter_Peak,12,21.7,53.0,10.6,990.8,8,124.365,7.983,0.087,0.3063,1.028,16.582,8.696,0.0,0.0542,5.057,117.779,6e-05,22.0,1.051,4.936,0.176,0.025,0.67,59.8,65.0,1,Copernicus CAMS via Open-Meteo,Lahore_Winter_Peak_2023-12-01
Lahore,Autumn_Harvest,9,26.2,81.0,6.9,983.7,13,183.202,4.921,-3.983,0.1088,1.04,24.648,6.609,0.0,0.0954,4.973,165.754,4e-05,4.0,1.1053,5.476,0.313,0.05,0.58,32.7,65.0,0,Copernicus CAMS via Open-Meteo,Lahore_Autumn_Harvest_2023-09-25
Lahore,Monsoon,8,32.4,64.0,8.7,979.2,2,148.72,19.54,0.158,0.363,0.943,70.243,17.145,0.0048,0.0961,4.533,148.718,0.0002,61.0,0.9121,26.043,0.184,-0.046,0.78,42.3,65.0,1,Copernicus CAMS via Open-Meteo,Lahore_Monsoon_2024-08-25
Lahore,Autumn_Harvest,9,30.1,66.0,5.2,982.1,8,179.316,4.572,-3.485,0.1517,1.013,33.947,7.345,0.0,0.0258,9.539,174.876,5e-05,5.0,1.0216,6.814,0.279,0.011,0.55,25.1,65.0,0,Copernicus CAMS via Open-Meteo,Lahore_Autumn_Harvest_2023-09-25
Lahore,Winter_Peak,11,16.9,77.0,0.9,992.0,10,136.441,5.681,0.333,0.2751,1.064,15.568,7.66,0.0,0.1238,3.126,119.516,5e-05,15.0,1.1416,3.777,0.221,0.066,0.42,117.3,65.0,2,Copernicus CAMS via Open-Meteo,Lahore_Winter_Peak_2024-11-25
Lahore,Summer,6,28.0,71.0,5.2,973.6,0,161.351,2.218,-2.436,0.2614,0.985,27.914,5.564,0.0,0.0325,8.101,161.145,4e-05,4.0,0.97,2.174,0.227,-0.015,0.59,45.5,65.0,1,Copernicus CAMS via Open-Meteo,Lahore_Summer_2023-06-15
Lahore,Summer,5,28.9,25.0,16.4,978.9,2,73.319,13.043,-0.275,0.3526,0.756,63.516,32.363,0.0299,0.356,1.131,73.319,0.00035,42.0,0.6463,63.777,-0.015,-0.215,0.28,20.2,65.0,0,Copernicus CAMS via Open-Meteo,Lahore_Summer_2024-05-01
Lahore,Winter_Peak,12,6.8,94.0,9.2,992.7,15,80.969,12.058,-0.078,0.3348,0.93,92.147,28.892,0.0331,0.1307,2.259,80.619,0.00057,37.0,0.8877,45.72,0.059,-0.059,0.16,69.4,65.0,1,Copernicus CAMS via Open-Meteo,Lahore_Winter_Peak_2023-12-20
Lahore,Monsoon,8,28.3,90.0,4.4,979.1,2,150.637,19.926,0.098,0.3392,1.024,87.849,24.476,0.0054,0.0681,5.454,141.732,0.00028,57.0,1.0616,52.79,0.233,0.03,0.86,59.6,65.0,1,Copernicus CAMS via Open-Meteo,Lahore_Monsoon_2023-08-20
Lahore,Autumn_Harvest,10,21.1,67.0,10.1,981.7,9,94.924,7.631,-0.313,0.3592,0.853,38.034,7.834,0.0,0.2201,1.817,94.924,0.00012,16.0,0.8065,3.761,0.061,-0.107,0.28,65.9,65.0,1,Copernicus CAMS via Open-Meteo,Lahore_Autumn_Harvest_2023-10-05
Lahore,Winter_Peak,12,19.2,67.0,9.9,994.2,13,103.634,6.711,0.106,0.3331,0.979,40.913,9.081,0.0,0.0916,3.264,101.457,0.00016,19.0,0.9282,4.923,0.107,-0.037,0.83,60.3,65.0,1,Copernicus CAMS via Open-Meteo,Lahore_Winter_Peak_2023-12-01
Lahore,Autumn_Harvest,9,33.1,49.0,12.7,980.3,3,139.136,5.271,0.059,0.3358,0.95,47.021,7.813,0.0,0.0981,4.23,139.06,9e-05,18.0,0.9024,3.546,0.163,-0.051,0.66,51.6,65.0,1,Copernicus CAMS via Open-Meteo,Lahore_Autumn_Harvest_2024-09-18
Lahore,Monsoon,7,35.9,53.0,9.1,974.4,5,135.343,10.104,1.408,0.2167,0.964,150.085,22.534,0.0257,0.0746,4.755,135.096,0.0004,36.0,0.9667,45.612,0.176,-0.017,1.26,82.9,65.0,2,Copernicus CAMS via Open-Meteo,Lahore_Monsoon_2024-07-10
Lahore,Summer,4,24.0,50.0,10.2,980.6,0,55.079,8.439,-0.259,0.1772,0.694,293.687,16.222,0.021,0.4246,0.805,55.061,0.00229,25.0,0.5761,51.245,-0.051,-0.269,0.15,23.1,65.0,0,Copernicus CAMS via Open-Meteo,Lahore_Summer_2024-04-20
Lahore,Monsoon,8,31.7,70.0,2.2,974.7,0,169.303,13.607,-0.368,0.3067,0.998,47.691,13.841,0.0,0.0213,9.782,167.819,0.00012,45.0,1.0015,17.899,0.252,0.001,0.44,23.7,65.0,0,Copernicus CAMS via Open-Meteo,Lahore_Monsoon_2024-08-12
Lahore,Winter_Peak,12,13.3,55.0,6.8,988.0,10,117.26,8.508,-0.924,0.3525,0.99,50.577,12.244,0.0,0.0584,4.727,115.033,0.00016,26.0,0.9779,9.935,0.145,-0.011,0.07,46.2,65.0,1,Copernicus CAMS via Open-Meteo,Lahore_Winter_Peak_2024-12-05
Lahore,Autumn_Harvest,10,19.8,77.0,7.7,986.5,10,128.589,3.889,-0.122,0.332,1.003,22.071,7.163,0.0,0.0501,5.318,124.773,6e-05,12.0,1.0296,2.942,0.179,0.015,0.88,101.7,65.0,2,Copernicus CAMS via Open-Meteo,Lahore_Autumn_Harvest_2024-10-22
Lahore,Monsoon,8,33.9,64.0,2.5,978.0,1,151.56,20.1,0.121,0.3376,0.971,64.956,24.836,0.0053,0.0565,6.202,151.435,0.00021,63.0,0.9558,57.46,0.203,-0.023,0.77,61.9,65.0,1,Copernicus CAMS via Open-Meteo,Lahore_Monsoon_2023-08-20
Lahore,Monsoon,8,26.4,81.0,5.8,978.8,0,93.088,11.792,-0.291,0.339,0.873,12.974,7.566,0.0,0.2073,1.925,93.088,8e-05,28.0,0.8472,4.397,0.07,-0.083,0.34,65.9,65.0,1,Copernicus CAMS via Open-Meteo,Lahore_Monsoon_2023-08-30
Lahore,Winter_Peak,11,20.5,65.0,9.2,985.5,8,120.025,12.916,-5.667,0.0561,0.924,760.469,18.877,0.0221,0.1309,3.023,120.021,0.00244,10.0,0.9108,124.298,0.132,-0.047,0.12,42.5,65.0,1,Copernicus CAMS via Open-Meteo,Lahore_Winter_Peak_2024-11-01
Lahore,Summer,4,28.8,45.0,12.0,981.7,2,55.398,8.467,-0.185,0.1909,0.691,325.569,17.522,0.0209,0.4212,0.812,55.383,0.00244,25.0,0.5819,53.14,-0.049,-0.264,0.26,35.7,65.0,1,Copernicus CAMS via Open-Meteo,Lahore_Summer_2024-04-20
Lahore,Autumn_Harvest,10,34.6,41.0,7.2,980.0,7,123.813,5.536,-0.198,0.3508,0.963,42.193,7.761,0.0,0.0931,3.823,123.287,0.00011,17.0,0.9828,3.401,0.159,-0.009,0.51,46.3,65.0,1,Copernicus CAMS via Open-Meteo,Lahore_Autumn_Harvest_2024-10-05
Lahore,Summer,5,23.9,71.0,14.4,978.4,2,129.196,28.793,-0.752,0.1725,0.989,276.135,32.257,0.0559,0.1191,3.406,122.923,0.00097,110.0,0.9294,126.593,0.154,-0.037,0.75,39.2,65.0,1,Copernicus CAMS via Open-Meteo,Lahore_Summer_2023-05-25
Lahore,Winter_Peak,11,20.2,82.0,3.0,988.2,5,50.122,1.378,-0.007,0.3897,0.951,18.353,4.162,0.0,0.0918,1.607,50.059,0.00026,3.0,0.9474,0.909,0.013,-0.027,1.69,238.4,65.0,3,Copernicus CAMS via Open-Meteo,Lahore_Winter_Peak_2024-11-15
Lahore,Monsoon,8,31.9,68.0,0.7,975.1,1,183.477,15.048,-0.42,0.307,1.005,36.62,13.548,0.0,0.0253,9.739,179.939,9e-05,50.0,0.9983,18.545,0.279,-0.001,0.58,19.6,65.0,0,Copernicus CAMS via Open-Meteo,Lahore_Monsoon_2024-08-12
Lahore,Winter_Peak,11,15.8,71.0,10.4,991.2,18,145.5,7.856,0.176,0.3333,1.044,74.163,9.835,0.0,0.0854,4.501,133.165,0.00016,20.0,1.0903,5.452,0.229,0.043,0.53,104.3,65.0,2,Copernicus CAMS via Open-Meteo,Lahore_Winter_Peak_2023-11-20
Lahore,Autumn_Harvest,9,34.7,60.0,6.6,980.0,6,147.289,7.89,1.369,0.2105,1.026,39.908,8.804,0.0,0.0511,6.034,139.923,0.0001,23.0,1.0463,5.109,0.222,0.023,1.02,48.8,65.0,1,Copernicus CAMS via Open-Meteo,Lahore_Autumn_Harvest_2023-09-15
Lahore,Summer,5,25.3,68.0,11.4,979.5,0,138.512,31.886,-0.785,0.1716,1.006,226.574,30.978,0.0509,0.0684,5.07,132.709,0.00082,120.0,0.9809,132.566,0.186,-0.01,0.44,75.7,65.0,2,Copernicus CAMS via Open-Meteo,Lahore_Summer_2023-05-25
Lahore,Autumn_Harvest,9,25.8,92.0,23.8,979.6,8,133.451,7.365,1.36,0.2092,1.054,46.974,8.807,0.0,0.109,3.412,118.896,0.00015,21.0,1.1222,5.029,0.21,0.058,1.52,54.7,65.0,1,Copernicus CAMS via Open-Meteo,Lahore_Autumn_Harvest_2023-09-15
Lahore,Summer,6,25.1,79.0,12.7,976.6,0,182.228,2.719,-1.014,0.3054,0.978,52.793,7.429,0.0,0.0599,7.031,181.531,6e-05,6.0,0.9916,3.309,0.274,-0.004,0.58,32.0,65.0,0,Copernicus CAMS via Open-Meteo,Lahore_Summer_2023-06-15
Lahore,Winter_Peak,11,23.3,50.0,4.6,990.2,10,134.053,5.98,0.274,0.2682,1.081,65.746,10.064,0.0,0.1368,2.894,115.656,0.00018,15.0,1.158,5.874,0.219,0.073,0.34,40.3,65.0,1,Copernicus CAMS via Open-Meteo,Lahore_Winter_Peak_2024-11-25
Lahore,Summer,4,19.5,78.0,8.1,981.4,1,52.321,8.273,-0.237,0.2003,0.67,292.941,18.308,0.0224,0.449,0.759,52.308,0.00225,25.0,0.5526,52.062,-0.06,-0.288,0.29,32.8,65.0,0,Copernicus CAMS via Open-Meteo,Lahore_Summer_2024-04-20
Lahore,Winter_Peak,12,13.3,55.0,6.8,988.0,9,104.988,7.328,-0.877,0.3517,1.024,48.862,10.859,0.0,0.0659,3.929,99.111,0.00021,22.0,1.0399,7.664,0.134,0.02,0.07,46.2,65.0,1,Copernicus CAMS via Open-Meteo,Lahore_Winter_Peak_2024-12-05
Lahore,Summer,5,18.0,67.0,8.2,979.5,0,80.035,14.528,-0.209,0.3352,0.785,109.171,35.074,0.0386,0.3197,1.304,80.035,0.00049,44.0,0.684,70.332,0.004,-0.188,0.28,25.1,65.0,0,Copernicus CAMS via Open-Meteo,Lahore_Summer_2024-05-01
Lahore,Winter_Peak,12,17.6,71.0,7.4,990.5,6,109.987,7.193,0.05,0.3173,1.021,19.015,7.899,0.0,0.0486,4.622,105.201,8e-05,20.0,1.0317,4.085,0.142,0.016,0.39,50.9,65.0,1,Copernicus CAMS via Open-Meteo,Lahore_Winter_Peak_2023-12-01
Lahore,Winter_Peak,11,18.1,74.0,7.4,991.3,7,131.965,7.148,-0.013,0.3583,1.06,54.844,8.426,0.0,0.0994,3.632,118.771,0.00015,18.0,1.1053,4.082,0.203,0.05,0.64,98.3,65.0,2,Copernicus CAMS via Open-Meteo,Lahore_Winter_Peak_2023-11-20
Lahore,Autumn_Harvest,9,26.2,85.0,9.7,976.9,9,141.283,20.675,0.683,0.2134,1.005,150.42,30.402,0.0235,0.1088,3.9,132.474,0.00047,71.0,1.0661,98.621,0.214,0.032,0.83,39.7,65.0,1,Copernicus CAMS via Open-Meteo,Lahore_Autumn_Harvest_2024-09-10
Lahore,Autumn_Harvest,9,32.3,71.0,11.6,981.7,6,123.254,7.404,1.458,0.2314,0.977,32.28,7.911,0.0,0.1414,2.858,117.893,0.0001,23.0,1.0442,4.103,0.172,0.022,1.06,45.4,65.0,1,Copernicus CAMS via Open-Meteo,Lahore_Autumn_Harvest_2023-09-15
Lahore,Autumn_Harvest,9,34.7,60.0,6.6,980.0,4,130.855,6.941,1.199,0.2319,0.989,60.805,9.665,0.0,0.1218,3.329,124.231,0.00015,21.0,1.052,5.932,0.189,0.025,1.02,48.8,65.0,1,Copernicus CAMS via Open-Meteo,Lahore_Autumn_Harvest_2023-09-15
Lahore,Summer,6,27.6,79.0,8.4,978.0,2,175.991,2.599,-6.44,0.1308,0.992,15.869,4.555,0.0,0.0166,10.702,175.868,2e-05,3.0,0.9879,1.97,0.261,-0.006,0.63,34.5,65.0,0,Copernicus CAMS via Open-Meteo,Lahore_Summer_2023-06-15
Lahore,Summer,5,23.9,71.0,14.4,978.4,1,119.068,26.378,-0.784,0.168,0.981,236.42,30.048,0.0538,0.059,5.197,117.886,0.00094,104.0,0.9651,110.238,0.145,-0.018,0.75,39.2,65.0,1,Copernicus CAMS via Open-Meteo,Lahore_Summer_2023-05-25
Lahore,Summer,5,33.2,19.0,9.1,967.3,3,66.738,11.547,0.132,0.3015,0.76,36.324,24.936,0.0175,0.382,0.995,66.738,0.00025,39.0,0.6207,40.916,-0.029,-0.234,0.14,31.0,65.0,0,Copernicus CAMS via Open-Meteo,Lahore_Summer_2024-05-28
Lahore,Monsoon,8,28.1,87.0,4.6,977.0,2,166.191,13.937,-0.445,0.3099,0.987,36.434,13.01,0.0,0.0695,5.814,163.215,0.0001,47.0,0.9469,16.649,0.228,-0.027,0.46,47.5,65.0,1,Copernicus CAMS via Open-Meteo,Lahore_Monsoon_2024-08-12
Lahore,Summer,5,42.5,16.0,8.0,976.6,1,79.023,10.182,-0.599,0.3231,0.837,49.528,23.851,0.0086,0.2558,1.405,79.023,0.00026,31.0,0.7457,34.44,0.022,-0.146,0.71,25.7,65.0,0,Copernicus CAMS via Open-Meteo,Lahore_Summer_2024-05-18
Lahore,Autumn_Harvest,10,31.1,43.0,1.7,987.9,7,117.346,3.839,-0.102,0.301,0.973,38.906,8.069,0.0,0.0598,4.649,116.983,0.00011,12.0,0.9754,3.609,0.144,-0.012,0.8,74.3,65.0,1,Copernicus CAMS via Open-Meteo,Lahore_Autumn_Harvest_2024-10-22
Lahore,Autumn_Harvest,10,25.2,62.0,8.2,987.1,16,88.831,14.042,0.291,0.3074,0.85,51.571,13.358,0.0,0.2292,1.834,88.828,0.00019,26.0,0.7866,12.167,0.047,-0.119,0.5,35.4,65.0,1,Copernicus CAMS via Open-Meteo,Lahore_Autumn_Harvest_2023-10-15
Lahore,Monsoon,8,33.2,67.0,4.7,978.5,0,102.908,16.612,1.222,0.2329,0.933,66.712,31.229,0.0312,0.1237,3.087,102.782,0.00034,44.0,0.9253,71.488,0.105,-0.039,0.62,45.9,65.0,1,Copernicus CAMS via Open-Meteo,Lahore_Monsoon_2023-08-05
Lahore,Summer,5,42.0,17.0,5.2,977.5,2,83.958,10.915,-0.627,0.3438,0.81,55.018,25.708,0.0084,0.3064,1.359,83.958,0.00025,33.0,0.6949,40.654,0.012,-0.18,0.68,25.7,65.0,0,Copernicus CAMS via Open-Meteo,Lahore_Summer_2024-05-18
Lahore,Winter_Peak,11,25.7,56.0,5.1,988.1,12,52.79,2.732,0.003,0.264,0.972,67.179,8.018,0.0,0.1002,1.661,51.468,0.00089,6.0,0.9871,3.34,0.022,-0.006,1.45,137.4,65.0,2,Copernicus CAMS via Open-Meteo,Lahore_Winter_Peak_2024-11-15
Lahore,Autumn_Harvest,9,26.2,85.0,3.3,980.2,9,119.727,4.653,0.053,0.291,0.953,43.455,7.338,0.0,0.1008,3.562,119.394,0.00011,15.0,0.9622,3.072,0.146,-0.019,0.41,87.5,65.0,2,Copernicus CAMS via Open-Meteo,Lahore_Autumn_Harvest_2024-09-18
Lahore,Monsoon,7,28.3,83.0,16.4,977.1,2,166.132,10.627,0.74,0.2072,0.976,43.802,10.364,0.0,0.0884,5.148,164.103,9e-05,38.0,1.0109,17.317,0.249,0.005,0.88,57.4,65.0,1,Copernicus CAMS via Open-Meteo,Lahore_Monsoon_2023-07-15
Lahore,Winter_Peak,12,11.4,70.0,2.4,989.4,7,99.888,6.962,-0.955,0.3444,0.968,19.973,9.617,0.0,0.0807,3.49,99.089,9e-05,22.0,0.9774,6.546,0.111,-0.011,0.08,63.3,65.0,1,Copernicus CAMS via Open-Meteo,Lahore_Winter_Peak_2024-12-05
Lahore,Autumn_Harvest,10,23.1,85.0,7.1,982.6,7,138.434,6.009,-0.197,0.3473,0.979,32.921,7.236,0.0,0.1242,3.467,133.403,7e-05,18.0,1.0372,3.085,0.201,0.018,0.69,76.4,65.0,2,Copernicus CAMS via Open-Meteo,Lahore_Autumn_Harvest_2024-10-05
Lahore,Summer,5,29.9,43.0,9.6,979.4,0,84.909,11.001,-0.603,0.3428,0.813,62.732,25.841,0.0069,0.2813,1.435,84.909,0.00026,34.0,0.7205,41.567,0.022,-0.162,0.39,28.8,65.0,0,Copernicus CAMS via Open-Meteo,Lahore_Summer_2024-05-18
Lahore,Autumn_Harvest,9,34.5,60.0,8.9,977.8,8,133.801,7.945,1.736,0.2054,0.997,16.502,7.629,0.0,0.0736,4.58,129.172,7e-05,24.0,1.0348,4.653,0.191,0.017,0.95,47.5,65.0,1,Copernicus CAMS via Open-Meteo,Lahore_Autumn_Harvest_2023-09-15
Lahore,Winter_Peak,12,15.2,83.0,6.9,991.4,12,112.695,7.339,-0.005,0.3113,1.034,82.572,11.119,0.0,0.0768,3.768,104.744,0.0003,19.0,1.0399,7.157,0.149,0.02,0.28,55.5,65.0,1,Copernicus CAMS via Open-Meteo,Lahore_Winter_Peak_2023-12-01
Lahore,Winter_Peak,1,4.1,99.0,9.4,990.6,10,210.664,2.702,-1.122,0.226,1.049,48.154,7.592,0.0,0.0776,6.549,194.311,5e-05,5.0,1.0677,3.359,0.359,0.033,0.88,201.6,65.0,3,Copernicus CAMS via Open-Meteo,Lahore_Winter_Peak_2024-01-15
Lahore,Monsoon,8,32.1,72.0,8.0,979.0,1,103.419,16.945,1.194,0.2492,0.947,133.413,32.169,0.0354,0.115,3.275,102.642,0.00056,44.0,0.9488,74.161,0.112,-0.026,0.56,43.8,65.0,1,Copernicus CAMS via Open-Meteo,Lahore_Monsoon_2023-08-05
Lahore,Winter_Peak,11,16.7,70.0,8.4,992.0,10,127.47,7.012,0.17,0.3618,0.952,49.642,8.613,0.0,0.0825,4.307,127.402,0.00012,20.0,0.9359,4.312,0.153,-0.033,0.54,99.2,65.0,2,Copernicus CAMS via Open-Meteo,Lahore_Winter_Peak_2023-11-20
Lahore,Summer,4,20.1,74.0,7.5,979.8,1,51.571,7.975,-0.352,0.1914,0.679,263.373,17.263,0.0229,0.445,0.749,51.558,0.00218,23.0,0.5553,49.819,-0.06,-0.286,0.27,34.5,65.0,0,Copernicus CAMS via Open-Meteo,Lahore_Summer_2024-04-20
Lahore,Winter_Peak,11,16.7,72.0,6.2,989.4,7,121.391,4.992,0.339,0.311,1.003,16.582,7.314,0.0,0.064,4.436,116.923,5e-05,14.0,1.0371,3.484,0.167,0.018,0.16,68.7,65.0,1,Copernicus CAMS via Open-Meteo,Lahore_Winter_Peak_2024-11-25
Lahore,Monsoon,8,36.1,41.0,7.5,978.9,0,86.14,11.423,-0.326,0.3449,0.848,38.537,8.931,0.0,0.2429,1.579,86.14,0.00018,28.0,0.772,5.342,0.039,-0.129,0.51,44.6,65.0,1,Copernicus CAMS via Open-Meteo,Lahore_Monsoon_2023-08-30
Lahore,Winter_Peak,11,18.4,80.0,10.5,992.5,8,128.278,14.742,1.767,0.1623,1.044,103.72,18.268,0.0246,0.081,3.968,118.035,0.00046,49.0,1.0511,49.231,0.184,0.025,1.58,59.3,65.0,1,Copernicus CAMS via Open-Meteo,Lahore_Winter_Peak_2023-11-30
Lahore,Autumn_Harvest,10,19.3,70.0,3.7,988.8,12,76.672,12.418,0.149,0.337,0.859,26.72,19.166,0.0023,0.2141,1.645,76.669,0.00017,27.0,0.812,23.77,0.036,-0.104,0.17,74.0,65.0,1,Copernicus CAMS via Open-Meteo,Lahore_Autumn_Harvest_2023-10-25
Lahore,Summer,6,33.7,39.0,9.4,980.3,0,97.158,9.675,-0.377,0.3748,0.827,57.917,14.534,0.0,0.2639,1.681,97.158,0.00016,23.0,0.7377,13.082,0.043,-0.151,0.4,33.3,65.0,0,Copernicus CAMS via Open-Meteo,Lahore_Summer_2023-06-05
Lahore,Monsoon,7,32.2,73.0,4.3,967.5,2,105.398,17.766,1.582,0.2096,0.908,106.292,26.425,0.0157,0.2005,2.169,104.684,0.00043,45.0,0.9361,56.088,0.113,-0.033,1.3,73.1,65.0,1,Copernicus CAMS via Open-Meteo,Lahore_Monsoon_2024-07-25
Lahore,Winter_Peak,12,20.8,51.0,10.2,987.8,7,95.685,9.794,-0.188,0.3401,0.928,51.779,22.288,0.001,0.1326,2.562,95.439,0.00022,28.0,0.9207,27.627,0.091,-0.041,0.22,39.7,65.0,1,Copernicus CAMS via Open-Meteo,Lahore_Winter_Peak_2023-12-10
Lahore,Monsoon,8,25.5,91.0,7.1,976.7,1,165.569,11.796,-0.223,0.3181,1.04,43.174,12.109,0.0,0.1185,3.909,146.767,0.00011,35.0,1.1281,13.833,0.282,0.06,0.79,21.6,65.0,0,Copernicus CAMS via Open-Meteo,Lahore_Monsoon_2024-08-12
Lahore,Autumn_Harvest,9,25.5,93.0,18.6,979.3,13,143.097,7.251,0.858,0.2622,1.048,59.013,9.337,0.0,0.1008,3.886,128.762,0.00014,20.0,1.1111,5.318,0.229,0.053,1.57,56.6,65.0,1,Copernicus CAMS via Open-Meteo,Lahore_Autumn_Harvest_2023-09-15
Lahore,Autumn_Harvest,9,27.8,78.0,5.8,980.4,10,129.013,4.21,0.036,0.3031,0.938,15.772,5.358,0.0,0.0993,3.821,129.011,4e-05,15.0,0.912,1.799,0.149,-0.046,0.56,67.3,65.0,1,Copernicus CAMS via Open-Meteo,Lahore_Autumn_Harvest_2024-09-18
Lahore,Summer,5,28.9,25.0,16.4,978.9,0,74.931,13.529,-0.228,0.3428,0.803,106.636,31.587,0.0322,0.2954,1.274,74.931,0.00055,41.0,0.7108,57.712,0.007,-0.169,0.28,20.2,65.0,0,Copernicus CAMS via Open-Meteo,Lahore_Summer_2024-05-01
Lahore,Autumn_Harvest,9,31.8,57.0,1.5,982.1,10,108.959,4.254,0.072,0.2905,0.932,34.936,6.701,0.0,0.1173,2.959,108.944,0.0001,14.0,0.9186,2.58,0.115,-0.042,0.62,62.9,65.0,1,Copernicus CAMS via Open-Meteo,Lahore_Autumn_Harvest_2024-09-18
Lahore,Autumn_Harvest,9,26.3,91.0,5.4,976.1,11,144.979,19.523,1.152,0.2105,1.052,149.935,29.047,0.027,0.0892,4.329,132.157,0.0005,61.0,1.0792,89.179,0.225,0.038,0.6,56.8,65.0,1,Copernicus CAMS via Open-Meteo,Lahore_Autumn_Harvest_2024-09-10
Lahore,Autumn_Harvest,9,26.1,87.0,7.3,979.2,10,150.171,9.983,2.099,0.1823,1.018,71.15,10.427,0.0074,0.0395,6.856,144.624,0.00016,32.0,1.0243,15.264,0.221,0.012,0.94,43.2,65.0,1,Copernicus CAMS via Open-Meteo,Lahore_Autumn_Harvest_2024-09-28
Lahore,Winter_Peak,11,18.4,88.0,4.7,988.1,7,52.552,2.439,-0.009,0.3483,0.957,55.525,7.116,0.0,0.1026,1.639,51.939,0.0007,6.0,0.9611,2.703,0.019,-0.02,1.87,246.8,65.0,3,Copernicus CAMS via Open-Meteo,Lahore_Winter_Peak_2024-11-15
Lahore,Monsoon,8,30.8,78.0,3.4,978.6,2,137.535,17.669,0.083,0.3371,1.007,74.876,24.638,0.0059,0.0806,4.556,130.566,0.00026,55.0,1.053,52.76,0.203,0.026,0.77,95.7,65.0,2,Copernicus CAMS via Open-Meteo,Lahore_Monsoon_2023-08-20
Lahore,Summer,5,29.3,30.0,10.0,975.8,1,69.908,9.403,-0.528,0.343,0.779,103.249,24.081,0.0102,0.3521,1.072,69.908,0.00052,30.0,0.6487,34.299,-0.017,-0.213,0.46,36.1,65.0,1,Copernicus CAMS via Open-Meteo,Lahore_Summer_2024-05-18
Lahore,Winter_Peak,11,19.7,87.0,2.4,991.2,7,51.736,1.078,0.01,0.23,1.018,11.937,3.308,0.0,0.0528,2.105,49.359,0.00018,2.0,1.0459,0.586,0.026,0.022,1.43,250.5,65.0,3,Copernicus CAMS via Open-Meteo,Lahore_Winter_Peak_2024-11-15
Lahore,Monsoon,7,28.3,83.0,16.4,977.1,2,171.925,11.015,0.741,0.2097,1.064,54.517,10.835,0.0,0.1092,4.274,153.147,0.00012,36.0,1.1226,15.962,0.294,0.058,0.88,57.4,65.0,1,Copernicus CAMS via Open-Meteo,Lahore_Monsoon_2023-07-15
Lahore,Autumn_Harvest,9,26.2,95.0,8.0,979.3,13,144.386,8.998,1.741,0.2066,1.042,37.132,9.12,0.0,0.125,3.33,127.314,0.00011,26.0,1.1341,6.082,0.237,0.063,1.32,40.5,65.0,1,Copernicus CAMS via Open-Meteo,Lahore_Autumn_Harvest_2023-09-15
Lahore,Autumn_Harvest,9,31.8,57.0,1.5,982.1,11,117.904,4.915,0.072,0.307,0.962,67.349,8.774,0.0,0.0729,4.291,117.632,0.00018,15.0,0.9415,4.211,0.137,-0.03,0.62,62.9,65.0,1,Copernicus CAMS via Open-Meteo,Lahore_Autumn_Harvest_2024-09-18
Lahore,Winter_Peak,12,20.7,46.0,4.8,987.0,11,98.461,7.415,-0.877,0.3329,0.971,45.957,10.733,0.0,0.073,3.678,97.593,0.0002,23.0,0.9686,7.723,0.107,-0.016,0.12,18.0,65.0,0,Copernicus CAMS via Open-Meteo,Lahore_Winter_Peak_2024-12-05
Lahore,Winter_Peak,11,12.6,90.0,7.5,991.8,11,122.521,6.574,0.198,0.3468,1.019,47.772,8.117,0.0,0.0651,4.507,115.727,0.00014,16.0,1.0563,3.765,0.173,0.027,0.68,95.0,65.0,2,Copernicus CAMS via Open-Meteo,Lahore_Winter_Peak_2023-11-20
Lahore,Summer,5,23.9,71.0,14.4,978.4,1,127.346,26.621,-0.678,0.1836,1.01,214.437,29.85,0.0527,0.0446,5.911,123.388,0.00085,103.0,1.0225,117.511,0.175,0.011,0.75,39.2,65.0,1,Copernicus CAMS via Open-Meteo,Lahore_Summer_2023-05-25
Lahore,Winter_Peak,12,12.4,83.0,5.1,990.3,12,81.843,8.409,-0.203,0.3191,0.866,47.008,21.221,0.0009,0.2214,1.564,81.841,0.00023,26.0,0.8464,24.329,0.051,-0.083,0.29,85.9,65.0,2,Copernicus CAMS via Open-Meteo,Lahore_Winter_Peak_2023-12-10
Lahore,Autumn_Harvest,10,19.3,87.0,14.9,986.0,12,78.289,12.137,0.356,0.2871,0.778,75.91,13.918,0.0,0.3168,1.295,78.289,0.00028,25.0,0.7038,12.172,0.009,-0.174,0.56,26.5,65.0,0,Copernicus CAMS via Open-Meteo,Lahore_Autumn_Harvest_2023-10-15
Lahore,Summer,6,31.2,60.0,9.1,976.7,2,162.543,1.741,-1.381,0.2536,0.96,20.461,4.662,0.0,0.0806,5.347,162.542,3e-05,3.0,0.9192,1.451,0.211,-0.042,0.71,33.8,65.0,0,Copernicus CAMS via Open-Meteo,Lahore_Summer_2023-06-15
Lahore,Monsoon,7,28.7,87.0,3.2,978.4,0,131.783,29.318,0.493,0.2892,0.983,776.054,70.256,0.1556,0.0805,4.766,129.229,0.00244,95.0,1.0057,362.424,0.18,0.003,0.7,63.3,65.0,1,Copernicus CAMS via Open-Meteo,Lahore_Monsoon_2023-07-25
Lahore,Winter_Peak,12,10.3,88.0,8.5,988.2,13,96.229,9.615,-0.192,0.3111,0.943,60.771,20.848,0.0006,0.1329,2.523,95.156,0.00025,27.0,0.96,25.487,0.101,-0.02,0.32,91.0,65.0,2,Copernicus CAMS via Open-Meteo,Lahore_Winter_Peak_2023-12-10
Lahore,Autumn_Harvest,9,33.2,52.0,4.7,982.0,9,140.924,4.894,0.034,0.3181,0.975,21.731,5.992,0.0,0.0528,5.894,140.66,5e-05,16.0,0.9536,2.234,0.183,-0.024,0.62,58.2,65.0,1,Copernicus CAMS via Open-Meteo,Lahore_Autumn_Harvest_2024-09-18
Lahore,Summer,6,25.1,44.0,7.9,976.1,0,111.42,9.123,-1.273,0.38,0.866,27.994,8.234,0.0005,0.2095,2.181,111.42,8e-05,21.0,0.7914,5.791,0.081,-0.116,0.22,23.7,65.0,0,Copernicus CAMS via Open-Meteo,Lahore_Summer_2024-06-10
Lahore,Monsoon,8,34.6,62.0,8.6,974.4,0,107.43,16.631,1.075,0.2548,0.966,111.274,28.914,0.0221,0.0887,3.756,105.951,0.00046,41.0,0.946,62.864,0.119,-0.028,0.78,52.7,65.0,1,Copernicus CAMS via Open-Meteo,Lahore_Monsoon_2023-08-05
Lahore,Monsoon,8,28.5,86.0,6.8,976.7,2,102.596,15.457,1.116,0.2481,0.925,58.007,28.565,0.0228,0.1335,2.756,102.523,0.00029,40.0,0.8757,60.735,0.093,-0.066,0.79,73.6,65.0,1,Copernicus CAMS via Open-Meteo,Lahore_Monsoon_2023-08-05
Lahore,Summer,6,28.0,71.0,7.1,976.7,1,166.822,2.911,-1.441,0.2568,0.978,54.885,7.615,0.0,0.0647,6.201,165.85,8e-05,5.0,0.9406,3.429,0.226,-0.031,0.65,51.6,65.0,1,Copernicus CAMS via Open-Meteo,Lahore_Summer_2023-06-15
Lahore,Monsoon,7,27.6,92.0,5.4,976.3,3,116.128,26.094,0.498,0.2849,1.0,467.739,55.638,0.1395,0.0799,4.097,111.655,0.00205,83.0,1.0359,247.781,0.156,0.018,0.82,38.5,65.0,1,Copernicus CAMS via Open-Meteo,Lahore_Monsoon_2023-07-25
Lahore,Winter_Peak,1,7.3,93.0,1.0,995.0,10,200.736,2.413,0.006,0.374,1.061,53.623,7.099,0.0,0.1039,5.169,179.864,6e-05,5.0,1.1159,2.649,0.354,0.055,1.16,155.5,65.0,3,Copernicus CAMS via Open-Meteo,Lahore_Winter_Peak_2024-01-05
Lahore,Monsoon,8,26.1,94.0,5.8,977.7,1,160.919,20.936,0.104,0.3674,0.992,65.736,18.064,0.0054,0.0703,5.868,156.942,0.00017,61.0,1.0228,28.593,0.243,0.011,0.7,73.8,65.0,1,Copernicus CAMS via Open-Meteo,Lahore_Monsoon_2024-08-25
Lahore,Monsoon,8,25.3,86.0,5.6,979.0,0,103.041,13.045,-0.445,0.36,0.823,37.46,9.93,0.0,0.2645,1.814,103.041,0.00012,34.0,0.772,7.103,0.062,-0.129,0.41,59.8,65.0,1,Copernicus CAMS via Open-Meteo,Lahore_Monsoon_2023-08-30
Lahore,Monsoon,8,25.6,96.0,8.1,977.8,1,100.033,14.994,1.131,0.2535,0.918,107.096,27.884,0.022,0.1447,2.581,99.911,0.00045,38.0,0.8665,59.464,0.086,-0.072,0.84,35.3,65.0,1,Copernicus CAMS via Open-Meteo,Lahore_Monsoon_2023-08-05
Lahore,Autumn_Harvest,10,19.5,76.0,4.7,986.0,13,116.581,5.871,-0.252,0.3305,0.91,22.449,7.802,0.0,0.1396,2.855,116.581,6e-05,17.0,0.8646,4.174,0.113,-0.073,0.32,44.2,65.0,1,Copernicus CAMS via Open-Meteo,Lahore_Autumn_Harvest_2024-10-15
Lahore,Monsoon,8,26.8,93.0,12.5,977.4,2,94.884,14.379,1.105,0.2384,0.913,58.056,26.562,0.0225,0.1435,2.462,94.874,0.0003,38.0,0.8765,52.763,0.08,-0.066,0.69,34.9,65.0,0,Copernicus CAMS via Open-Meteo,Lahore_Monsoon_2023-08-05
Lahore,Winter_Peak,12,21.4,57.0,10.7,992.1,4,116.441,7.011,-0.096,0.3409,0.999,76.389,11.032,0.0,0.0517,4.943,113.487,0.00024,17.0,0.9936,7.138,0.147,-0.003,0.78,62.2,65.0,1,Copernicus CAMS via Open-Meteo,Lahore_Winter_Peak_2023-12-01
Lahore,Winter_Peak,1,6.0,96.0,8.4,989.9,9,181.381,2.504,-0.332,0.3253,0.96,51.829,7.378,0.0,0.0657,6.7,181.38,6e-05,6.0,0.9376,2.979,0.252,-0.032,0.76,186.3,65.0,3,Copernicus CAMS via Open-Meteo,Lahore_Winter_Peak_2024-01-15
Lahore,Winter_Peak,11,25.0,60.0,4.6,988.0,9,122.693,12.847,-5.843,0.0506,0.998,732.37,16.603,0.0204,0.0926,3.589,117.163,0.00269,9.0,1.0472,103.282,0.171,0.023,0.13,39.6,65.0,1,Copernicus CAMS via Open-Meteo,Lahore_Winter_Peak_2024-11-01
Lahore,Monsoon,7,30.4,79.0,7.7,976.0,1,150.817,11.399,1.423,0.2232,1.039,137.715,22.598,0.0254,0.0931,4.258,137.049,0.00037,37.0,1.1005,46.447,0.243,0.048,0.88,118.0,65.0,2,Copernicus CAMS via Open-Meteo,Lahore_Monsoon_2024-07-10
Lahore,Autumn_Harvest,9,25.8,90.0,6.3,981.5,5,185.42,4.515,-3.499,0.1277,1.034,24.783,6.474,0.0,0.0564,6.909,174.929,4e-05,4.0,1.0463,5.148,0.3,0.023,0.43,37.4,65.0,1,Copernicus CAMS via Open-Meteo,Lahore_Autumn_Harvest_2023-09-25
Lahore,Monsoon,8,31.4,76.0,3.8,978.2,1,158.662,21.089,0.093,0.3318,0.978,88.779,26.854,0.0053,0.0497,6.935,158.163,0.00025,64.0,0.9645,64.568,0.22,-0.018,0.77,91.0,65.0,2,Copernicus CAMS via Open-Meteo,Lahore_Monsoon_2023-08-20
Lahore,Monsoon,8,27.8,87.0,3.6,976.7,0,155.389,20.295,0.201,0.3617,0.97,44.269,16.085,0.0044,0.0609,6.029,155.324,0.00015,61.0,0.9427,23.089,0.206,-0.029,0.55,71.0,65.0,1,Copernicus CAMS via Open-Meteo,Lahore_Monsoon_2024-08-25
Lahore,Winter_Peak,12,18.8,60.0,3.2,992.4,4,77.135,11.282,-0.098,0.3276,0.917,88.757,26.836,0.0259,0.1501,1.986,76.905,0.00055,36.0,0.9017,40.573,0.055,-0.052,0.21,49.4,65.0,1,Copernicus CAMS via Open-Meteo,Lahore_Winter_Peak_2023-12-20
Lahore,Summer,6,29.1,29.0,10.1,975.2,1,99.83,9.753,-1.217,0.3762,0.855,26.528,8.27,0.0,0.2154,1.94,99.83,0.0001,23.0,0.7883,5.825,0.063,-0.118,0.18,23.7,65.0,0,Copernicus CAMS via Open-Meteo,Lahore_Summer_2024-06-10
Lahore,Summer,5,31.2,42.0,15.3,981.4,0,127.923,29.752,-0.755,0.1751,0.967,224.913,31.54,0.0551,0.0682,5.047,127.638,0.0008,119.0,0.9609,141.223,0.161,-0.02,0.8,38.0,65.0,1,Copernicus CAMS via Open-Meteo,Lahore_Summer_2023-05-25
Lahore,Autumn_Harvest,10,25.2,62.0,8.2,987.1,15,80.582,12.271,0.315,0.2944,0.817,52.179,12.389,0.0,0.2704,1.464,80.582,0.00021,25.0,0.7582,10.993,0.028,-0.138,0.5,35.4,65.0,1,Copernicus CAMS via Open-Meteo,Lahore_Autumn_Harvest_2023-10-15
Lahore,Winter_Peak,12,20.9,51.0,10.2,987.2,7,81.592,8.277,-0.164,0.3418,0.892,36.324,19.325,0.0009,0.1698,1.856,81.59,0.0002,25.0,0.8475,21.047,0.051,-0.083,0.21,36.9,65.0,1,Copernicus CAMS via Open-Meteo,Lahore_Winter_Peak_2023-12-10
Lahore,Summer,5,33.2,19.0,9.1,967.3,2,70.093,12.183,0.103,0.2864,0.759,36.605,25.739,0.0144,0.3515,1.077,70.093,0.00022,42.0,0.6515,46.787,-0.016,-0.211,0.14,31.0,65.0,0,Copernicus CAMS via Open-Meteo,Lahore_Summer_2024-05-28
Lahore,Summer,6,23.7,59.0,7.5,978.2,1,101.376,10.031,-0.391,0.3537,0.868,27.929,12.958,0.0,0.2082,2.001,101.376,9e-05,23.0,0.7936,11.146,0.067,-0.115,0.28,55.6,65.0,1,Copernicus CAMS via Open-Meteo,Lahore_Summer_2023-06-05
Lahore,Monsoon,8,27.8,87.0,3.6,976.7,1,165.243,20.378,0.072,0.3767,1.011,44.704,16.031,0.0027,0.0335,8.118,160.627,0.00013,58.0,1.0168,22.679,0.249,0.008,0.55,71.0,65.0,1,Copernicus CAMS via Open-Meteo,Lahore_Monsoon_2024-08-25
Lahore,Autumn_Harvest,9,33.0,52.0,11.1,979.5,11,108.036,4.09,0.016,0.2865,0.879,40.888,7.102,0.0,0.1847,2.236,108.036,0.00011,15.0,0.8413,2.891,0.092,-0.086,0.65,49.9,65.0,1,Copernicus CAMS via Open-Meteo,Lahore_Autumn_Harvest_2024-09-18
Lahore,Monsoon,8,27.7,90.0,5.4,977.0,0,126.74,8.15,2.211,0.244,1.012,28.522,8.038,0.0,0.0621,4.99,120.782,0.0001,22.0,1.0438,5.216,0.179,0.021,0.54,42.6,65.0,1,Copernicus CAMS via Open-Meteo,Lahore_Monsoon_2024-08-05
Lahore,Winter_Peak,11,15.3,74.0,8.1,992.2,16,131.971,6.814,0.21,0.338,1.017,17.432,6.247,0.0,0.0505,5.356,126.411,5e-05,17.0,1.0094,2.504,0.181,0.005,0.51,86.1,65.0,2,Copernicus CAMS via Open-Meteo,Lahore_Winter_Peak_2023-11-20
Lahore,Monsoon,8,32.2,71.0,6.6,978.4,2,120.648,8.994,1.986,0.1939,0.961,36.506,8.917,0.0,0.1053,3.521,119.364,0.00011,28.0,0.9825,6.544,0.152,-0.009,0.79,36.7,65.0,1,Copernicus CAMS via Open-Meteo,Lahore_Monsoon_2024-08-05
Lahore,Monsoon,8,33.1,68.0,5.4,977.5,0,106.231,7.392,2.009,0.2463,0.932,67.298,9.914,0.0,0.1196,2.895,106.111,0.00022,23.0,0.9139,6.67,0.109,-0.045,0.89,30.6,65.0,0,Copernicus CAMS via Open-Meteo,Lahore_Monsoon_2024-08-05
Lahore,Monsoon,7,29.3,85.0,4.7,978.3,0,116.638,26.529,0.452,0.2971,1.005,577.127,59.424,0.1519,0.0631,4.797,112.61,0.00246,83.0,1.0196,267.482,0.153,0.01,1.36,41.4,65.0,1,Copernicus CAMS via Open-Meteo,Lahore_Monsoon_2023-07-25
Lahore,Autumn_Harvest,9,33.6,66.0,11.2,981.7,12,133.538,7.998,1.768,0.196,0.984,15.915,7.631,0.0,0.0375,6.43,132.959,7e-05,25.0,0.9799,4.579,0.176,-0.01,1.05,47.1,65.0,1,Copernicus CAMS via Open-Meteo,Lahore_Autumn_Harvest_2023-09-15
Lahore,Winter_Peak,12,7.1,92.0,9.8,992.8,12,82.589,12.23,-0.058,0.3257,0.959,56.303,26.718,0.0279,0.1151,2.332,81.089,0.00038,36.0,0.9054,40.398,0.065,-0.05,0.16,71.5,65.0,1,Copernicus CAMS via Open-Meteo,Lahore_Winter_Peak_2023-12-20
Lahore,Autumn_Harvest,9,24.8,88.0,9.0,981.9,9,154.308,10.471,1.891,0.1969,1.052,103.966,12.277,0.0073,0.1095,3.926,137.585,0.00022,33.0,1.1214,17.223,0.255,0.057,0.68,20.4,65.0,0,Copernicus CAMS via Open-Meteo,Lahore_Autumn_Harvest_2024-09-28
Lahore,Monsoon,7,31.1,73.0,6.2,979.3,0,157.604,11.375,1.532,0.2073,1.019,131.94,22.029,0.0242,0.0464,6.729,150.716,0.00032,38.0,1.045,49.866,0.242,0.022,1.46,55.8,65.0,1,Copernicus CAMS via Open-Meteo,Lahore_Monsoon_2024-07-10
Lahore,Monsoon,8,27.4,91.0,3.9,977.0,0,120.62,8.74,2.031,0.2377,0.908,47.328,9.682,0.0,0.1682,2.641,120.554,0.00012,28.0,0.9061,7.445,0.132,-0.049,0.62,27.3,65.0,0,Copernicus CAMS via Open-Meteo,Lahore_Monsoon_2024-08-05
Lahore,Monsoon,7,27.9,87.0,6.0,976.4,3,157.169,10.465,0.658,0.2141,1.026,101.375,13.238,0.0,0.0628,5.764,147.956,0.0002,35.0,1.0611,17.787,0.246,0.03,0.89,54.1,65.0,1,Copernicus CAMS via Open-Meteo,Lahore_Monsoon_2023-07-15
Lahore,Autumn_Harvest,10,23.1,71.0,9.4,987.0,10,73.421,11.556,0.186,0.3084,0.8,57.135,12.073,0.0,0.3099,1.226,73.421,0.00025,24.0,0.7658,9.966,0.02,-0.133,0.49,35.0,65.0,0,Copernicus CAMS via Open-Meteo,Lahore_Autumn_Harvest_2023-10-15
Lahore,Monsoon,8,32.0,62.0,4.7,979.6,2,106.537,13.89,-0.344,0.3447,0.897,21.283,8.978,0.0,0.1886,2.364,106.532,9e-05,33.0,0.8965,5.996,0.105,-0.055,0.36,47.4,65.0,1,Copernicus CAMS via Open-Meteo,Lahore_Monsoon_2023-08-30
Lahore,Monsoon,7,29.3,81.0,10.2,969.3,0,108.427,16.959,1.654,0.2368,0.932,77.124,24.388,0.0107,0.1486,2.732,107.691,0.00032,38.0,0.9473,46.515,0.121,-0.027,1.22,50.4,65.0,1,Copernicus CAMS via Open-Meteo,Lahore_Monsoon_2024-07-25
Lahore,Autumn_Harvest,10,21.3,70.0,2.4,982.8,6,101.524,7.146,-0.544,0.3323,0.896,18.822,6.205,0.0,0.1608,2.322,101.524,6e-05,17.0,0.8586,2.567,0.086,-0.076,0.31,72.2,65.0,1,Copernicus CAMS via Open-Meteo,Lahore_Autumn_Harvest_2023-10-05
Lahore,Winter_Peak,11,14.5,95.0,9.2,993.1,8,153.139,18.42,1.647,0.1717,0.996,178.839,24.991,0.0258,0.0452,6.851,150.058,0.00049,65.0,1.0053,86.25,0.222,0.003,1.48,87.5,65.0,2,Copernicus CAMS via Open-Meteo,Lahore_Winter_Peak_2023-11-30
Lahore,Winter_Peak,11,18.4,80.0,10.5,992.5,11,135.759,16.059,1.707,0.165,0.967,159.178,22.71,0.0262,0.0892,4.253,134.45,0.00049,60.0,0.9857,74.453,0.182,-0.007,1.58,59.3,65.0,1,Copernicus CAMS via Open-Meteo,Lahore_Winter_Peak_2023-11-30
Lahore,Winter_Peak,1,3.8,95.0,2.9,992.4,7,196.107,1.577,-0.028,0.3994,1.029,24.249,4.737,0.0,0.1025,5.116,177.837,3e-05,4.0,0.9907,1.202,0.301,-0.005,1.06,151.8,65.0,3,Copernicus CAMS via Open-Meteo,Lahore_Winter_Peak_2024-01-05
Lahore,Summer,5,30.6,46.0,6.5,979.5,0,116.687,23.547,-0.819,0.1558,0.998,170.201,24.867,0.0489,0.0532,4.989,113.991,0.00081,94.0,0.9767,92.981,0.143,-0.012,0.62,30.2,65.0,0,Copernicus CAMS via Open-Meteo,Lahore_Summer_2023-05-25
Lahore,Monsoon,7,33.1,70.0,5.4,977.3,0,116.488,25.851,0.504,0.2875,0.978,602.81,61.93,0.154,0.0613,4.801,115.446,0.00243,83.0,0.9636,282.719,0.14,-0.019,0.79,37.7,65.0,1,Copernicus CAMS via Open-Meteo,Lahore_Monsoon_2023-07-25
Lahore,Autumn_Harvest,9,30.1,66.0,5.2,982.1,8,159.585,4.371,-3.119,0.2197,1.008,40.722,7.805,0.0,0.0429,7.033,154.593,7e-05,6.0,1.0319,5.318,0.243,0.016,0.55,25.1,65.0,0,Copernicus CAMS via Open-Meteo,Lahore_Autumn_Harvest_2023-09-25
Lahore,Winter_Peak,12,9.8,90.0,9.2,988.7,14,93.236,9.369,-0.152,0.3431,0.874,36.676,21.491,0.0008,0.1955,1.933,93.236,0.00015,28.0,0.8128,27.573,0.061,-0.103,0.33,97.8,65.0,2,Copernicus CAMS via Open-Meteo,Lahore_Winter_Peak_2023-12-10
Lahore,Summer,4,18.3,86.0,9.2,979.0,0,54.969,8.483,-0.247,0.181,0.699,277.444,17.399,0.0217,0.4164,0.809,54.954,0.00216,25.0,0.5854,52.256,-0.049,-0.262,0.31,36.4,65.0,1,Copernicus CAMS via Open-Meteo,Lahore_Summer_2024-04-20
Lahore,Winter_Peak,11,18.3,73.0,7.8,984.5,3,117.994,12.393,-5.689,0.0517,0.948,586.978,17.747,0.0209,0.1265,3.03,117.844,0.00214,8.0,0.9769,104.793,0.146,-0.012,0.09,37.6,65.0,1,Copernicus CAMS via Open-Meteo,Lahore_Winter_Peak_2024-11-01
Lahore,Monsoon,7,34.4,65.0,3.7,966.9,1,98.488,17.886,1.439,0.2227,0.891,106.708,26.304,0.0235,0.2036,2.037,98.324,0.00049,50.0,0.892,66.294,0.09,-0.057,1.27,60.8,65.0,1,Copernicus CAMS via Open-Meteo,Lahore_Monsoon_2024-07-25
Lahore,Summer,6,31.2,46.0,5.2,969.3,3,123.952,5.271,0.562,0.2921,0.88,53.453,9.541,0.0,0.1797,2.605,123.952,0.00011,17.0,0.8249,5.78,0.111,-0.096,0.65,52.4,65.0,1,Copernicus CAMS via Open-Meteo,Lahore_Summer_2024-06-20
Lahore,Summer,6,33.3,20.0,9.2,975.7,1,90.86,8.797,-1.197,0.345,0.811,31.832,8.403,0.0002,0.292,1.495,90.86,0.00011,22.0,0.709,5.743,0.025,-0.17,0.19,24.6,65.0,0,Copernicus CAMS via Open-Meteo,Lahore_Summer_2024-06-10
Lahore,Winter_Peak,1,11.1,85.0,4.1,991.1,10,186.368,3.116,-0.155,0.3578,1.032,83.371,9.103,0.0,0.0724,6.163,173.198,0.00011,7.0,1.022,4.452,0.293,0.011,1.25,122.9,65.0,2,Copernicus CAMS via Open-Meteo,Lahore_Winter_Peak_2024-01-15
Lahore,Summer,5,26.0,38.0,11.4,977.8,0,78.096,10.216,-0.592,0.3339,0.834,67.124,23.762,0.0104,0.2759,1.338,78.096,0.00035,30.0,0.7253,32.578,0.015,-0.159,0.37,27.5,65.0,0,Copernicus CAMS via Open-Meteo,Lahore_Summer_2024-05-18
Lahore,Winter_Peak,12,11.8,97.0,5.8,993.5,14,115.877,6.854,0.023,0.3101,1.043,19.987,8.064,0.0,0.0753,3.892,107.092,8e-05,16.0,1.0785,4.282,0.164,0.038,0.9,66.8,65.0,1,Copernicus CAMS via Open-Meteo,Lahore_Winter_Peak_2023-12-01
Lahore,Summer,6,35.5,40.0,15.9,971.6,0,105.742,4.476,0.31,0.3307,0.876,40.873,8.303,0.0,0.1966,2.11,105.742,0.00011,15.0,0.8482,4.324,0.09,-0.082,0.53,41.9,65.0,1,Copernicus CAMS via Open-Meteo,Lahore_Summer_2024-06-20
Lahore,Winter_Peak,11,19.7,67.0,8.7,985.1,16,132.692,13.947,-5.752,0.0572,0.985,772.116,20.155,0.0201,0.077,4.506,130.177,0.00236,10.0,1.0153,123.613,0.184,0.008,0.1,41.0,65.0,1,Copernicus CAMS via Open-Meteo,Lahore_Winter_Peak_2024-11-01
Lahore,Monsoon,8,28.7,88.0,6.7,975.9,1,109.183,7.793,2.1,0.1999,0.976,41.765,8.709,0.0,0.119,2.96,105.585,0.00015,22.0,1.0238,5.579,0.139,0.012,0.61,41.3,65.0,1,Copernicus CAMS via Open-Meteo,Lahore_Monsoon_2024-08-05
Lahore,Winter_Peak,11,25.9,58.0,6.2,990.6,5,169.543,6.666,-0.069,0.356,1.053,58.266,9.094,0.0,0.1016,4.484,152.374,0.00011,22.0,1.0529,4.787,0.269,0.026,0.38,71.0,65.0,1,Copernicus CAMS via Open-Meteo,Lahore_Winter_Peak_2023-11-05
Lahore,Summer,5,30.6,29.0,11.8,975.9,1,79.151,10.362,-0.574,0.3365,0.807,83.003,25.646,0.0096,0.2955,1.309,79.151,0.00037,32.0,0.7059,38.954,0.011,-0.172,0.41,32.1,65.0,0,Copernicus CAMS via Open-Meteo,Lahore_Summer_2024-05-18
Lahore,Winter_Peak,11,23.4,47.0,5.8,988.9,8,109.401,4.938,0.368,0.3096,0.973,37.819,8.447,0.0,0.0549,4.575,109.072,0.00012,15.0,0.9668,4.261,0.127,-0.017,0.33,34.9,65.0,0,Copernicus CAMS via Open-Meteo,Lahore_Winter_Peak_2024-11-25
Lahore,Summer,4,20.1,74.0,7.5,979.8,1,50.771,7.895,-0.304,0.1987,0.643,285.009,17.668,0.0219,0.4764,0.731,50.758,0.00214,25.0,0.525,53.417,-0.071,-0.311,0.27,34.5,65.0,0,Copernicus CAMS via Open-Meteo,Lahore_Summer_2024-04-20
Lahore,Monsoon,7,29.2,79.0,7.2,977.9,1,161.775,12.009,1.474,0.2222,1.003,154.582,24.503,0.0278,0.0494,6.79,157.043,0.00034,41.0,1.029,58.362,0.246,0.014,0.85,51.7,65.0,1,Copernicus CAMS via Open-Meteo,Lahore_Monsoon_2024-07-10
Lahore,Autumn_Harvest,10,29.4,56.0,3.9,990.4,11,126.457,4.304,-0.129,0.3299,1.051,50.735,8.712,0.0,0.0877,3.736,115.349,0.00015,13.0,1.0664,4.129,0.183,0.032,0.97,82.4,65.0,2,Copernicus CAMS via Open-Meteo,Lahore_Autumn_Harvest_2024-10-22
Lahore,Autumn_Harvest,9,34.5,62.0,8.7,980.9,8,130.699,6.771,1.656,0.2,0.999,15.102,6.917,0.0,0.1117,3.427,123.053,5e-05,19.0,1.062,3.744,0.191,0.03,1.01,49.9,65.0,1,Copernicus CAMS via Open-Meteo,Lahore_Autumn_Harvest_2023-09-15
Lahore,Monsoon,8,28.0,91.0,4.0,978.6,1,102.639,16.116,1.207,0.2459,0.952,62.333,28.99,0.0275,0.106,3.429,102.051,0.00032,41.0,0.9559,64.977,0.112,-0.023,0.53,34.2,65.0,0,Copernicus CAMS via Open-Meteo,Lahore_Monsoon_2023-08-05
Lahore,Monsoon,7,30.9,76.0,4.6,975.6,1,158.597,12.04,1.449,0.2276,1.032,131.67,23.392,0.0285,0.0552,6.083,149.89,0.00035,38.0,1.0532,54.23,0.247,0.026,0.93,112.5,65.0,2,Copernicus CAMS via Open-Meteo,Lahore_Monsoon_2024-07-10
Lahore,Monsoon,8,25.9,95.0,5.4,977.6,0,162.468,20.903,0.25,0.361,0.953,59.008,16.967,0.004,0.0836,5.382,162.452,0.00016,65.0,0.9413,25.447,0.219,-0.03,0.77,69.4,65.0,1,Copernicus CAMS via Open-Meteo,Lahore_Monsoon_2024-08-25
Lahore,Autumn_Harvest,10,30.5,44.0,6.2,986.0,11,114.677,5.608,-0.257,0.3289,0.909,16.866,7.229,0.0,0.1443,2.748,114.677,5e-05,16.0,0.857,3.49,0.107,-0.077,0.35,49.4,65.0,1,Copernicus CAMS via Open-Meteo,Lahore_Autumn_Harvest_2024-10-15
Lahore,Monsoon,8,34.3,64.0,5.7,977.3,1,102.052,16.313,1.191,0.2305,0.938,76.816,29.626,0.0283,0.1177,3.169,101.815,0.00037,44.0,0.9318,65.914,0.105,-0.035,0.7,48.8,65.0,1,Copernicus CAMS via Open-Meteo,Lahore_Monsoon_2023-08-05
Lahore,Summer,5,16.4,60.0,8.4,978.3,2,68.742,12.547,-0.197,0.3289,0.811,78.728,29.947,0.041,0.2786,1.204,68.742,0.0005,37.0,0.7419,49.851,0.008,-0.148,0.26,26.6,65.0,0,Copernicus CAMS via Open-Meteo,Lahore_Summer_2024-05-01
Lahore,Winter_Peak,11,20.1,68.0,3.2,994.8,11,125.428,6.58,0.257,0.336,0.974,39.313,7.674,0.0,0.0833,4.093,123.83,0.0001,18.0,0.9958,3.525,0.165,-0.002,0.69,95.5,65.0,2,Copernicus CAMS via Open-Meteo,Lahore_Winter_Peak_2023-11-20
Lahore,Winter_Peak,11,14.8,94.0,6.6,988.9,7,121.904,13.28,1.864,0.1569,1.007,98.573,17.149,0.0167,0.1087,3.273,113.797,0.00039,47.0,1.0703,39.878,0.175,0.034,1.2,76.1,65.0,2,Copernicus CAMS via Open-Meteo,Lahore_Winter_Peak_2023-11-30
Lahore,Monsoon,7,34.7,56.0,4.2,972.7,1,177.726,11.269,0.767,0.2117,1.06,50.324,10.683,0.0,0.1008,4.651,159.735,0.00011,36.0,1.0726,16.835,0.292,0.035,1.14,56.0,65.0,1,Copernicus CAMS via Open-Meteo,Lahore_Monsoon_2023-07-15
Lahore,Monsoon,8,35.9,41.0,7.6,978.6,0,94.475,12.857,-0.337,0.3554,0.926,17.877,7.943,0.0,0.1336,2.736,94.455,0.0001,28.0,0.9084,4.532,0.087,-0.048,0.5,43.8,65.0,1,Copernicus CAMS via Open-Meteo,Lahore_Monsoon_2023-08-30
Lahore,Summer,6,28.6,33.0,9.8,975.4,1,92.287,8.3,-1.224,0.3513,0.862,27.098,7.716,0.0019,0.2359,1.695,92.287,0.00011,20.0,0.7649,5.048,0.045,-0.133,0.18,28.5,65.0,0,Copernicus CAMS via Open-Meteo,Lahore_Summer_2024-06-10
Lahore,Autumn_Harvest,10,26.1,60.0,2.7,988.2,10,127.155,3.788,-0.166,0.2839,1.001,19.403,6.897,0.0,0.04,5.848,124.447,5e-05,13.0,1.0195,2.82,0.174,0.01,1.14,147.1,65.0,2,Copernicus CAMS via Open-Meteo,Lahore_Autumn_Harvest_2024-10-22
Lahore,Summer,6,35.9,26.0,6.2,977.1,3,87.145,8.482,-0.41,0.3504,0.82,17.472,11.668,0.0,0.2937,1.425,87.145,7e-05,20.0,0.7075,8.814,0.02,-0.171,0.64,24.6,65.0,0,Copernicus CAMS via Open-Meteo,Lahore_Summer_2023-06-05
Lahore,Summer,5,43.8,11.0,7.3,968.5,1,64.223,11.425,0.196,0.303,0.77,41.906,22.865,0.0152,0.3603,0.979,64.223,0.00029,38.0,0.6424,38.299,-0.024,-0.218,0.24,15.3,65.0,0,Copernicus CAMS via Open-Meteo,Lahore_Summer_2024-05-28
Lahore,Winter_Peak,12,5.6,98.0,8.8,993.7,12,81.638,11.878,-0.135,0.3245,0.939,75.084,26.451,0.0224,0.131,2.269,80.97,0.00045,36.0,0.9425,41.295,0.07,-0.03,0.23,95.5,65.0,2,Copernicus CAMS via Open-Meteo,Lahore_Winter_Peak_2023-12-20
Lahore,Winter_Peak,12,7.6,91.0,10.0,992.9,10,79.569,11.9,-0.095,0.3209,0.931,92.927,27.746,0.0286,0.1352,2.197,79.116,0.00058,36.0,0.9228,44.352,0.063,-0.04,0.16,72.2,65.0,1,Copernicus CAMS via Open-Meteo,Lahore_Winter_Peak_2023-12-20
Lahore,Autumn_Harvest,9,26.7,79.0,6.6,981.1,10,169.233,11.066,2.259,0.1741,1.038,84.266,11.399,0.0081,0.0665,5.865,158.003,0.00016,36.0,1.0512,19.006,0.268,0.025,0.35,49.7,65.0,1,Copernicus CAMS via Open-Meteo,Lahore_Autumn_Harvest_2024-09-28
Lahore,Autumn_Harvest,10,24.5,64.0,6.9,988.7,6,85.717,13.757,0.065,0.3411,0.864,46.756,20.593,0.0013,0.2193,1.78,85.696,0.00022,30.0,0.7855,26.612,0.042,-0.12,0.15,34.1,65.0,0,Copernicus CAMS via Open-Meteo,Lahore_Autumn_Harvest_2023-10-25
Lahore,Monsoon,8,33.2,63.0,4.1,977.8,1,145.615,18.331,0.134,0.3763,0.96,44.552,14.673,0.0021,0.0713,5.236,145.602,0.00014,55.0,0.9353,18.028,0.186,-0.033,0.74,41.8,65.0,1,Copernicus CAMS via Open-Meteo,Lahore_Monsoon_2024-08-25
Lahore,Autumn_Harvest,10,24.5,64.0,6.9,988.7,13,81.501,13.423,0.174,0.3177,0.855,78.544,21.948,0.0031,0.221,1.736,81.486,0.00036,29.0,0.7988,29.319,0.04,-0.112,0.15,34.1,65.0,0,Copernicus CAMS via Open-Meteo,Lahore_Autumn_Harvest_2023-10-25
Lahore,Summer,6,29.1,29.0,10.1,975.2,0,91.905,9.433,-1.094,0.3586,0.834,82.124,10.991,0.0002,0.2597,1.617,91.905,0.00027,23.0,0.7416,8.087,0.037,-0.148,0.18,23.7,65.0,0,Copernicus CAMS via Open-Meteo,Lahore_Summer_2024-06-10
Lahore,Winter_Peak,12,14.2,52.0,7.5,988.2,11,108.224,7.883,-0.829,0.3199,0.972,83.687,12.869,0.0,0.0968,3.442,106.105,0.00027,25.0,0.9964,10.515,0.131,-0.002,0.08,48.3,65.0,1,Copernicus CAMS via Open-Meteo,Lahore_Winter_Peak_2024-12-05
Lahore,Autumn_Harvest,9,28.6,81.0,6.9,975.6,14,132.42,19.038,0.775,0.2126,1.036,110.397,26.827,0.0257,0.0743,4.46,122.887,0.00044,61.0,1.0387,78.099,0.189,0.019,0.75,45.3,65.0,1,Copernicus CAMS via Open-Meteo,Lahore_Autumn_Harvest_2024-09-10
Lahore,Winter_Peak,1,8.2,96.0,3.9,994.3,10,185.668,2.531,-0.015,0.3711,1.001,59.286,7.414,0.0,0.0671,6.574,178.906,7e-05,5.0,0.9683,2.909,0.272,-0.016,1.24,156.9,65.0,3,Copernicus CAMS via Open-Meteo,Lahore_Winter_Peak_2024-01-05
Lahore,Autumn_Harvest,10,17.1,82.0,5.6,988.1,10,83.508,13.446,0.128,0.3286,0.81,29.132,21.954,0.0015,0.2766,1.475,83.508,0.00014,31.0,0.7304,30.94,0.023,-0.156,0.18,59.0,65.0,1,Copernicus CAMS via Open-Meteo,Lahore_Autumn_Harvest_2023-10-25
Lahore,Autumn_Harvest,10,26.2,53.0,3.3,984.8,12,91.94,13.717,0.308,0.2976,0.828,18.685,11.825,0.0,0.2594,1.707,91.94,7e-05,27.0,0.7825,10.371,0.05,-0.122,0.39,46.6,65.0,1,Copernicus CAMS via Open-Meteo,Lahore_Autumn_Harvest_2023-10-15
Lahore,Summer,6,29.8,66.0,29.9,972.7,2,119.956,5.594,0.607,0.3006,0.898,82.644,10.785,0.0,0.1581,2.737,119.956,0.00018,17.0,0.848,6.955,0.113,-0.082,0.41,35.5,65.0,1,Copernicus CAMS via Open-Meteo,Lahore_Summer_2024-06-20
Lahore,Monsoon,7,32.4,67.0,5.2,974.1,0,153.352,9.674,0.827,0.2101,1.016,40.657,9.762,0.0,0.0316,7.588,148.631,0.0001,33.0,1.0291,14.175,0.229,0.014,1.13,61.5,65.0,1,Copernicus CAMS via Open-Meteo,Lahore_Monsoon_2023-07-15
Lahore,Winter_Peak,11,13.7,82.0,5.6,988.8,11,121.24,4.937,0.276,0.3057,1.033,13.275,6.89,0.0,0.0634,4.306,113.649,5e-05,14.0,1.0342,3.053,0.166,0.017,0.49,110.1,65.0,2,Copernicus CAMS via Open-Meteo,Lahore_Winter_Peak_2024-11-25
Lahore,Summer,6,30.5,59.0,10.0,972.8,2,106.402,4.775,0.49,0.3108,0.85,60.497,9.387,0.0,0.2378,1.918,106.402,0.00015,16.0,0.7619,5.352,0.063,-0.135,0.49,35.0,65.0,0,Copernicus CAMS via Open-Meteo,Lahore_Summer_2024-06-20
Lahore,Autumn_Harvest,10,25.7,56.0,1.8,984.7,10,110.501,5.639,-0.211,0.3178,0.891,24.724,7.72,0.0,0.1723,2.393,110.501,7e-05,17.0,0.8613,3.877,0.102,-0.075,0.28,79.4,65.0,2,Copernicus CAMS via Open-Meteo,Lahore_Autumn_Harvest_2024-10-15
Lahore,Summer,5,23.0,76.0,12.7,978.8,3,135.598,30.13,-0.797,0.176,0.937,240.485,31.9,0.0507,0.1107,3.92,135.551,0.00076,127.0,0.9225,150.849,0.164,-0.04,0.7,39.6,65.0,1,Copernicus CAMS via Open-Meteo,Lahore_Summer_2023-05-25
Lahore,Winter_Peak,11,13.7,82.0,5.6,988.8,9,133.278,5.794,0.344,0.2715,1.062,30.655,8.57,0.0,0.0972,3.638,120.278,9e-05,15.0,1.0999,4.491,0.205,0.048,0.49,110.1,65.0,2,Copernicus CAMS via Open-Meteo,Lahore_Winter_Peak_2024-11-25
Lahore,Monsoon,7,29.6,78.0,8.4,977.7,3,139.638,10.679,1.445,0.2346,0.966,112.607,22.294,0.0284,0.0564,5.555,139.63,0.00032,38.0,0.9505,49.445,0.18,-0.025,0.83,55.3,65.0,1,Copernicus CAMS via Open-Meteo,Lahore_Monsoon_2024-07-10
Lahore,Summer,4,18.2,82.0,8.8,980.6,1,57.394,8.879,-0.227,0.2056,0.72,294.121,18.415,0.0217,0.387,0.864,57.375,0.00218,24.0,0.6209,52.758,-0.036,-0.234,0.28,31.5,65.0,0,Copernicus CAMS via Open-Meteo,Lahore_Summer_2024-04-20
Lahore,Summer,6,36.1,42.0,11.1,972.8,3,110.461,4.47,0.373,0.3067,0.906,22.785,6.934,0.0,0.1476,2.601,110.461,7e-05,14.0,0.8543,3.325,0.1,-0.079,0.58,41.8,65.0,1,Copernicus CAMS via Open-Meteo,Lahore_Summer_2024-06-20
Lahore,Winter_Peak,11,15.0,82.0,5.8,993.6,10,120.835,6.572,0.159,0.3251,0.988,43.381,7.929,0.0,0.0882,3.773,117.037,0.00012,18.0,1.0259,3.683,0.163,0.013,0.68,114.8,65.0,2,Copernicus CAMS via Open-Meteo,Lahore_Winter_Peak_2023-11-20
Lahore,Monsoon,7,29.1,87.0,3.6,978.0,0,113.951,25.771,0.524,0.2833,0.998,475.903,55.335,0.1425,0.0551,5.019,111.184,0.00218,82.0,1.0041,243.113,0.144,0.002,0.56,72.4,65.0,1,Copernicus CAMS via Open-Meteo,Lahore_Monsoon_2023-07-25
Lahore,Summer,6,33.3,20.0,9.2,975.7,2,101.578,10.077,-1.225,0.3568,0.9,55.371,9.652,0.0003,0.1567,2.441,101.578,0.00019,22.0,0.8576,6.688,0.086,-0.077,0.19,24.6,65.0,0,Copernicus CAMS via Open-Meteo,Lahore_Summer_2024-06-10
Lahore,Winter_Peak,1,8.1,98.0,3.9,992.9,7,202.624,1.94,-2.221,0.2973,1.009,21.904,5.278,0.0,0.0286,10.29,197.603,2e-05,4.0,1.0254,1.936,0.327,0.013,1.26,121.1,65.0,2,Copernicus CAMS via Open-Meteo,Lahore_Winter_Peak_2024-01-15
Lahore,Winter_Peak,11,14.3,80.0,5.9,988.6,10,128.654,5.826,0.262,0.2991,0.982,58.388,10.271,0.0,0.0644,4.891,126.901,0.00014,17.0,0.9996,6.27,0.172,-0.0,0.43,102.9,65.0,2,Copernicus CAMS via Open-Meteo,Lahore_Winter_Peak_2024-11-25
Lahore,Monsoon,7,28.6,81.0,6.2,977.4,2,135.607,10.223,1.359,0.2272,0.995,150.976,22.118,0.0252,0.0465,6.002,133.061,0.00043,34.0,1.0099,43.36,0.188,0.005,0.97,51.3,65.0,1,Copernicus CAMS via Open-Meteo,Lahore_Monsoon_2024-07-10
Lahore,Autumn_Harvest,9,26.3,90.0,3.6,975.9,15,129.508,18.024,0.958,0.2038,1.022,123.986,27.421,0.0299,0.073,4.617,121.656,0.0005,57.0,1.0635,78.091,0.189,0.031,0.65,46.3,65.0,1,Copernicus CAMS via Open-Meteo,Lahore_Autumn_Harvest_2024-09-10
Lahore,Winter_Peak,12,21.4,57.0,10.7,992.1,13,124.092,8.761,0.052,0.3074,0.983,83.731,12.458,0.0,0.1287,3.086,118.249,0.00022,25.0,1.0438,8.874,0.174,0.021,0.78,62.2,65.0,1,Copernicus CAMS via Open-Meteo,Lahore_Winter_Peak_2023-12-01
Lahore,Summer,5,27.5,33.0,13.4,969.0,0,66.713,11.645,0.138,0.2976,0.75,44.578,25.669,0.0165,0.3551,1.021,66.713,0.00027,40.0,0.6486,45.429,-0.02,-0.213,0.15,44.7,65.0,1,Copernicus CAMS via Open-Meteo,Lahore_Summer_2024-05-28
Lahore,Monsoon,8,32.2,78.0,3.4,977.9,0,160.584,21.342,0.093,0.3344,1.028,50.667,24.688,0.005,0.062,5.942,151.309,0.0002,62.0,1.0604,57.466,0.253,0.029,0.77,78.5,65.0,2,Copernicus CAMS via Open-Meteo,Lahore_Monsoon_2023-08-20
Lahore,Winter_Peak,1,12.8,79.0,4.8,989.8,6,169.528,1.889,-0.82,0.2917,0.95,27.851,5.579,0.0,0.0868,5.361,169.528,3e-05,4.0,0.9401,1.852,0.231,-0.031,1.03,124.8,65.0,2,Copernicus CAMS via Open-Meteo,Lahore_Winter_Peak_2024-01-15
Lahore,Winter_Peak,12,17.4,78.0,8.4,994.7,9,108.166,7.27,0.063,0.3215,1.017,80.091,11.131,0.0,0.06,4.208,103.14,0.0003,18.0,1.0234,7.003,0.137,0.012,0.85,60.5,65.0,1,Copernicus CAMS via Open-Meteo,Lahore_Winter_Peak_2023-12-01
Lahore,Winter_Peak,11,14.3,96.0,6.9,989.5,15,132.773,15.723,1.733,0.1607,1.015,155.358,20.482,0.0262,0.062,4.991,126.193,0.00055,55.0,1.0511,64.879,0.193,0.025,1.15,77.8,65.0,2,Copernicus CAMS via Open-Meteo,Lahore_Winter_Peak_2023-11-30
Lahore,Winter_Peak,1,4.6,98.0,4.7,990.9,11,215.492,2.726,-0.003,0.3544,1.062,67.384,7.942,0.0,0.1047,5.526,192.913,7e-05,6.0,1.1168,3.342,0.387,0.055,0.71,197.4,65.0,3,Copernicus CAMS via Open-Meteo,Lahore_Winter_Peak_2024-01-05
Lahore,Monsoon,8,28.4,86.0,12.7,981.5,0,149.151,19.913,0.031,0.3319,1.028,81.258,26.023,0.0058,0.0575,5.739,140.997,0.00027,57.0,1.042,58.679,0.224,0.021,0.72,53.1,65.0,1,Copernicus CAMS via Open-Meteo,Lahore_Monsoon_2023-08-20
Lahore,Autumn_Harvest,10,19.5,76.0,4.7,986.0,10,114.748,5.836,-0.133,0.3342,0.912,33.903,8.155,0.0,0.1361,2.87,114.748,9e-05,15.0,0.8718,4.19,0.112,-0.068,0.32,44.2,65.0,1,Copernicus CAMS via Open-Meteo,Lahore_Autumn_Harvest_2024-10-15
Lahore,Autumn_Harvest,9,29.0,71.0,4.2,980.3,2,127.8,5.016,0.056,0.3032,0.96,73.719,9.114,0.0,0.0808,4.382,127.435,0.00017,15.0,0.9565,4.584,0.159,-0.022,0.6,60.5,65.0,1,Copernicus CAMS via Open-Meteo,Lahore_Autumn_Harvest_2024-09-18
Lahore,Summer,6,35.9,24.0,14.2,979.9,0,95.073,9.37,-0.396,0.3676,0.821,33.48,13.39,0.0,0.2671,1.631,95.073,0.0001,23.0,0.7346,11.255,0.039,-0.153,0.47,29.9,65.0,0,Copernicus CAMS via Open-Meteo,Lahore_Summer_2023-06-05
Lahore,Autumn_Harvest,10,22.6,80.0,6.7,990.3,9,127.54,3.92,-0.221,0.3296,1.004,23.701,7.565,0.0,0.0304,6.524,125.103,6e-05,12.0,1.0148,3.195,0.174,0.007,0.97,80.3,65.0,2,Copernicus CAMS via Open-Meteo,Lahore_Autumn_Harvest_2024-10-22
Lahore,Winter_Peak,1,4.4,100.0,4.0,991.0,14,204.217,1.218,-0.003,0.4049,1.015,14.363,3.667,0.0,0.031,9.986,197.955,1e-05,3.0,1.0137,0.728,0.326,0.007,0.67,203.0,65.0,3,Copernicus CAMS via Open-Meteo,Lahore_Winter_Peak_2024-01-05
Lahore,Summer,6,29.8,66.0,29.9,972.7,1,108.91,4.567,0.448,0.2668,0.924,48.837,8.564,0.0,0.1336,2.752,108.908,0.00014,14.0,0.8666,4.488,0.101,-0.071,0.41,35.5,65.0,1,Copernicus CAMS via Open-Meteo,Lahore_Summer_2024-06-20
Lahore,Winter_Peak,11,13.7,82.0,5.6,988.8,10,118.643,4.965,0.295,0.2684,0.983,17.525,7.585,0.0,0.0396,5.658,118.258,6e-05,15.0,0.9672,3.627,0.145,-0.017,0.49,110.1,65.0,2,Copernicus CAMS via Open-Meteo,Lahore_Winter_Peak_2024-11-25
Lahore,Winter_Peak,11,17.7,87.0,3.1,987.9,12,45.385,2.568,0.01,0.3304,0.966,60.153,7.551,0.0,0.1008,1.442,44.463,0.00108,5.0,0.9382,2.978,0.003,-0.032,1.98,240.3,65.0,3,Copernicus CAMS via Open-Meteo,Lahore_Winter_Peak_2024-11-15
Lahore,Summer,6,28.1,52.0,10.5,977.6,1,95.219,9.523,-0.372,0.3811,0.87,23.609,11.655,0.0,0.2415,1.724,95.218,9e-05,21.0,0.7598,9.139,0.048,-0.136,0.5,35.2,65.0,1,Copernicus CAMS via Open-Meteo,Lahore_Summer_2023-06-05
Lahore,Summer,4,22.8,55.0,10.5,981.2,0,48.439,7.409,-0.39,0.1726,0.691,261.861,16.397,0.0226,0.417,0.711,48.425,0.00243,20.0,0.591,44.111,-0.051,-0.257,0.15,22.8,65.0,0,Copernicus CAMS via Open-Meteo,Lahore_Summer_2024-04-20
Lahore,Monsoon,8,27.3,91.0,5.5,976.3,0,113.948,8.695,1.92,0.2063,0.946,67.416,10.195,0.0,0.1006,3.451,113.694,0.0002,26.0,0.9307,7.312,0.127,-0.036,0.63,37.3,65.0,1,Copernicus CAMS via Open-Meteo,Lahore_Monsoon_2024-08-05
Lahore,Winter_Peak,11,26.6,61.0,3.7,987.8,6,144.064,5.205,-0.155,0.3541,0.984,25.285,6.59,0.0,0.0446,6.464,143.394,6e-05,20.0,0.96,2.768,0.191,-0.02,0.47,56.3,65.0,1,Copernicus CAMS via Open-Meteo,Lahore_Winter_Peak_2023-11-05
Lahore,Autumn_Harvest,10,21.9,69.0,12.2,980.3,8,96.874,7.6,-0.337,0.3594,0.877,21.611,6.644,0.0,0.2051,1.934,96.874,7e-05,16.0,0.8591,2.919,0.079,-0.076,0.28,74.0,65.0,1,Copernicus CAMS via Open-Meteo,Lahore_Autumn_Harvest_2023-10-05
Lahore,Monsoon,8,28.1,81.0,7.2,979.0,1,170.341,14.52,-0.458,0.321,1.023,42.534,13.297,0.0,0.0416,7.439,163.345,0.00012,47.0,1.0404,17.551,0.267,0.02,0.2,8.7,65.0,0,Copernicus CAMS via Open-Meteo,Lahore_Monsoon_2024-08-12
Lahore,Monsoon,7,35.6,56.0,1.0,967.4,3,104.801,18.729,1.388,0.2206,0.923,118.598,27.798,0.0237,0.1555,2.61,104.235,0.00049,50.0,0.9278,65.609,0.11,-0.037,0.96,56.2,65.0,1,Copernicus CAMS via Open-Meteo,Lahore_Monsoon_2024-07-25
Lahore,Winter_Peak,11,22.1,60.0,4.8,994.5,12,135.401,6.775,0.124,0.3578,0.959,34.941,7.667,0.0,0.0803,4.66,135.322,8e-05,19.0,0.9206,3.553,0.163,-0.041,0.69,87.5,65.0,2,Copernicus CAMS via Open-Meteo,Lahore_Winter_Peak_2023-11-20
Lahore,Monsoon,7,28.5,88.0,6.1,978.1,0,139.231,31.026,0.491,0.2908,1.023,761.279,69.253,0.1562,0.0627,5.348,131.715,0.00245,94.25,1.0238,356.556,0.199,0.012,1.01,40.9,65.0,1,Copernicus CAMS via Open-Meteo,Lahore_Monsoon_2023-07-25
Lahore,Summer,6,35.9,24.0,14.2,979.9,1,105.18,10.49,-0.362,0.3494,0.869,49.005,13.494,0.0,0.2103,2.071,105.18,0.00014,24.0,0.7913,12.127,0.072,-0.117,0.47,29.9,65.0,0,Copernicus CAMS via Open-Meteo,Lahore_Summer_2023-06-05
Lahore,Autumn_Harvest,9,27.7,84.0,9.0,980.4,16,125.026,7.474,1.69,0.2088,1.037,24.405,7.416,0.0,0.0887,3.671,114.135,0.0001,22.0,1.0954,3.931,0.186,0.046,0.98,59.6,65.0,1,Copernicus CAMS via Open-Meteo,Lahore_Autumn_Harvest_2023-09-15
Lahore,Winter_Peak,1,4.4,99.0,4.4,990.7,6,211.945,2.835,-0.004,0.2908,1.031,73.263,8.321,0.0,0.0531,8.277,200.682,7e-05,6.0,1.0513,3.656,0.356,0.025,0.76,184.4,65.0,3,Copernicus CAMS via Open-Meteo,Lahore_Winter_Peak_2024-01-05
Lahore,Monsoon,7,33.7,64.0,5.5,975.2,1,139.002,31.133,0.503,0.2857,1.051,608.681,62.809,0.1417,0.0885,4.217,127.015,0.00216,92.0,1.0857,301.128,0.214,0.041,0.73,29.5,65.0,0,Copernicus CAMS via Open-Meteo,Lahore_Monsoon_2023-07-25
Lahore,Autumn_Harvest,10,20.8,76.0,8.0,984.1,12,101.608,5.506,-0.185,0.3191,0.899,45.059,8.657,0.0,0.1597,2.312,101.608,0.00014,15.0,0.8426,4.713,0.082,-0.085,0.23,91.3,65.0,2,Copernicus CAMS via Open-Meteo,Lahore_Autumn_Harvest_2024-10-15
Lahore,Autumn_Harvest,10,23.8,77.0,6.9,979.8,10,135.7,6.05,-0.223,0.3572,0.976,55.49,8.651,0.0,0.0656,5.111,134.779,0.00012,18.0,0.9895,4.263,0.183,-0.005,0.49,77.8,65.0,2,Copernicus CAMS via Open-Meteo,Lahore_Autumn_Harvest_2024-10-05
Lahore,Monsoon,7,32.6,68.0,9.2,976.6,0,183.672,11.996,0.694,0.229,1.048,51.748,11.202,0.0,0.0882,5.273,167.46,0.0001,38.0,1.0968,18.147,0.312,0.046,0.94,48.2,65.0,1,Copernicus CAMS via Open-Meteo,Lahore_Monsoon_2023-07-15
Lahore,Winter_Peak,12,15.0,58.0,3.6,988.5,6,106.281,7.391,-0.963,0.3862,1.019,15.798,9.648,0.0,0.0626,4.195,100.931,8e-05,22.0,1.05,6.453,0.138,0.024,0.11,112.2,65.0,2,Copernicus CAMS via Open-Meteo,Lahore_Winter_Peak_2024-12-05
Lahore,Autumn_Harvest,10,25.2,69.0,9.2,980.5,7,104.04,7.873,-0.413,0.3666,0.882,19.048,6.639,0.0,0.2155,2.011,104.04,6e-05,17.0,0.8872,2.98,0.098,-0.06,0.31,73.8,65.0,1,Copernicus CAMS via Open-Meteo,Lahore_Autumn_Harvest_2023-10-05
Lahore,Winter_Peak,11,15.0,82.0,5.8,993.6,19,131.668,6.95,0.14,0.3295,0.989,39.533,7.82,0.0,0.0699,4.768,128.855,0.0001,18.0,0.9512,3.722,0.165,-0.025,0.68,114.8,65.0,2,Copernicus CAMS via Open-Meteo,Lahore_Winter_Peak_2023-11-20
Lahore,Autumn_Harvest,10,18.8,74.0,10.7,984.8,7,123.326,6.29,-0.191,0.3222,0.935,65.888,9.915,0.0,0.1258,3.253,123.24,0.00015,17.0,0.8748,5.894,0.127,-0.067,0.33,44.8,65.0,1,Copernicus CAMS via Open-Meteo,Lahore_Autumn_Harvest_2024-10-15
Lahore,Monsoon,7,30.3,82.0,2.4,979.0,0,122.128,27.067,0.516,0.2871,0.988,673.34,64.691,0.1543,0.1198,3.271,116.669,0.00244,87.0,1.0428,301.783,0.169,0.021,1.05,40.2,65.0,1,Copernicus CAMS via Open-Meteo,Lahore_Monsoon_2023-07-25
Lahore,Winter_Peak,12,19.2,67.0,9.9,994.2,13,113.767,6.899,0.079,0.2935,0.972,22.052,8.57,0.0,0.0814,3.778,112.489,8e-05,20.0,0.9913,4.751,0.141,-0.004,0.83,60.3,65.0,1,Copernicus CAMS via Open-Meteo,Lahore_Winter_Peak_2023-12-01
Lahore,Summer,4,21.6,70.0,5.4,981.9,0,53.292,8.505,-0.202,0.2059,0.711,284.639,17.522,0.0216,0.4064,0.792,53.273,0.00241,23.0,0.5954,48.513,-0.047,-0.254,0.3,34.2,65.0,0,Copernicus CAMS via Open-Meteo,Lahore_Summer_2024-04-20
Lahore,Monsoon,7,28.2,83.0,6.1,977.6,2,149.018,11.284,1.455,0.2263,1.023,126.148,22.132,0.0278,0.055,5.793,141.099,0.00036,37.0,1.056,47.68,0.228,0.027,1.04,52.4,65.0,1,Copernicus CAMS via Open-Meteo,Lahore_Monsoon_2024-07-10
Lahore,Winter_Peak,11,14.9,90.0,17.9,990.4,11,130.36,16.022,1.667,0.168,0.995,123.112,20.608,0.0231,0.0421,5.99,128.192,0.00045,57.0,0.9863,59.557,0.172,-0.007,1.87,73.6,65.0,1,Copernicus CAMS via Open-Meteo,Lahore_Winter_Peak_2023-11-30
Lahore,Autumn_Harvest,10,27.5,55.0,2.4,987.5,9,102.577,5.659,-0.143,0.3153,0.943,74.233,9.854,0.0,0.099,3.212,102.495,0.00025,14.0,0.9158,5.555,0.103,-0.044,0.33,48.8,65.0,1,Copernicus CAMS via Open-Meteo,Lahore_Autumn_Harvest_2024-10-15
Lahore,Autumn_Harvest,9,26.8,92.0,6.0,977.3,7,135.772,19.27,0.862,0.2041,0.967,160.643,32.141,0.0336,0.1355,3.353,132.142,0.00049,67.0,1.0213,113.619,0.192,0.011,0.68,73.3,65.0,1,Copernicus CAMS via Open-Meteo,Lahore_Autumn_Harvest_2024-09-10
Lahore,Summer,6,27.3,74.0,6.0,973.1,3,168.425,2.924,-0.4,0.3507,0.962,70.056,8.328,0.0,0.0773,5.759,168.306,9e-05,6.0,0.9232,3.863,0.223,-0.04,0.66,47.1,65.0,1,Copernicus CAMS via Open-Meteo,Lahore_Summer_2023-06-15
Lahore,Autumn_Harvest,9,27.5,90.0,4.5,976.8,7,130.027,18.142,0.878,0.197,0.958,104.901,27.655,0.0249,0.0759,4.522,129.744,0.00038,62.0,0.9456,88.306,0.16,-0.028,0.66,71.5,65.0,1,Copernicus CAMS via Open-Meteo,Lahore_Autumn_Harvest_2024-09-10
Lahore,Summer,5,18.0,67.0,8.2,979.5,0,71.499,12.838,-0.161,0.346,0.752,90.989,33.0,0.0372,0.3842,1.077,71.499,0.00046,41.0,0.6169,61.774,-0.027,-0.237,0.28,25.1,65.0,0,Copernicus CAMS via Open-Meteo,Lahore_Summer_2024-05-01
Lahore,Winter_Peak,12,16.3,65.0,9.0,987.5,20,82.956,8.462,-0.192,0.3218,0.889,44.099,19.573,0.0007,0.1904,1.743,82.937,0.00022,25.0,0.8746,22.577,0.059,-0.067,0.24,62.4,65.0,1,Copernicus CAMS via Open-Meteo,Lahore_Winter_Peak_2023-12-10
Lahore,Autumn_Harvest,10,19.9,79.0,10.4,985.1,11,103.427,5.665,-0.198,0.3119,0.934,59.223,9.287,0.0,0.1093,3.018,103.403,0.00019,15.0,0.9113,5.116,0.103,-0.046,0.29,58.0,65.0,1,Copernicus CAMS via Open-Meteo,Lahore_Autumn_Harvest_2024-10-15
Lahore,Summer,5,29.5,51.0,13.5,979.5,2,129.786,30.743,-0.704,0.1907,0.995,239.159,32.969,0.0574,0.0435,6.498,127.837,0.0009,117.0,0.9931,134.436,0.173,-0.003,0.55,30.4,65.0,0,Copernicus CAMS via Open-Meteo,Lahore_Summer_2023-05-25
Lahore,Winter_Peak,11,24.7,64.0,2.7,990.0,9,46.779,1.926,0.001,0.3531,1.002,34.992,5.697,0.0,0.0676,1.764,45.039,0.00064,4.0,1.0103,1.716,0.013,0.005,1.39,181.1,65.0,3,Copernicus CAMS via Open-Meteo,Lahore_Winter_Peak_2024-11-15
Lahore,Monsoon,8,32.0,62.0,4.7,979.6,0,93.504,12.049,-0.398,0.3479,0.859,18.139,7.999,0.0,0.2272,1.819,93.504,9e-05,29.0,0.8302,4.91,0.066,-0.093,0.36,47.4,65.0,1,Copernicus CAMS via Open-Meteo,Lahore_Monsoon_2023-08-30
Lahore,Autumn_Harvest,9,24.1,96.0,5.6,979.7,9,203.499,4.183,-3.15,0.1122,1.061,23.296,6.138,0.0,0.1331,4.372,176.462,3e-05,4.0,1.0416,4.942,0.335,0.02,0.53,42.8,65.0,1,Copernicus CAMS via Open-Meteo,Lahore_Autumn_Harvest_2023-09-25
Lahore,Monsoon,8,33.2,67.0,4.7,978.5,2,88.83,13.937,1.186,0.2501,0.909,60.893,26.347,0.0263,0.156,2.153,88.818,0.00036,37.0,0.8527,53.641,0.064,-0.08,0.62,45.9,65.0,1,Copernicus CAMS via Open-Meteo,Lahore_Monsoon_2023-08-05
Lahore,Autumn_Harvest,9,22.3,92.0,13.2,983.4,7,185.767,5.642,-3.418,0.1652,1.055,48.401,8.793,0.0,0.1006,4.898,167.081,7e-05,8.0,1.1118,7.316,0.321,0.053,0.52,32.4,65.0,0,Copernicus CAMS via Open-Meteo,Lahore_Autumn_Harvest_2023-09-25
Lahore,Autumn_Harvest,9,28.9,80.0,18.6,978.8,6,123.132,7.292,1.559,0.2225,0.989,39.171,8.492,0.0,0.0391,5.887,121.973,0.00013,22.0,0.9857,5.064,0.158,-0.007,0.94,46.8,65.0,1,Copernicus CAMS via Open-Meteo,Lahore_Autumn_Harvest_2023-09-15
Lahore,Monsoon,7,31.3,73.0,14.5,976.9,3,173.727,11.455,0.7,0.2264,1.029,50.655,10.91,0.0,0.112,4.312,156.755,0.0001,37.0,1.1083,15.835,0.294,0.051,0.89,50.9,65.0,1,Copernicus CAMS via Open-Meteo,Lahore_Monsoon_2023-07-15
Lahore,Winter_Peak,11,20.2,82.0,3.0,988.2,16,52.467,2.116,0.003,0.3092,1.009,41.893,6.237,0.0,0.0808,1.782,49.73,0.00063,5.0,0.9865,2.051,0.021,-0.007,1.69,238.4,65.0,3,Copernicus CAMS via Open-Meteo,Lahore_Winter_Peak_2024-11-15
Lahore,Winter_Peak,11,25.9,58.0,6.2,990.6,12,139.289,5.243,-0.075,0.3721,0.987,16.113,6.101,0.0,0.0355,6.845,138.758,4e-05,20.0,0.969,2.411,0.184,-0.016,0.38,71.0,65.0,1,Copernicus CAMS via Open-Meteo,Lahore_Winter_Peak_2023-11-05
Lahore,Monsoon,7,32.6,68.0,9.2,976.6,1,194.926,12.528,0.727,0.2047,1.073,70.687,12.336,0.0,0.1326,4.218,169.068,0.00012,40.0,1.1529,20.179,0.353,0.071,0.94,48.2,65.0,1,Copernicus CAMS via Open-Meteo,Lahore_Monsoon_2023-07-15
Lahore,Autumn_Harvest,10,17.1,80.0,8.1,988.1,10,81.225,13.238,0.233,0.322,0.839,29.832,21.161,0.0018,0.2381,1.613,81.225,0.00016,29.0,0.7769,27.834,0.034,-0.126,0.18,50.1,65.0,1,Copernicus CAMS via Open-Meteo,Lahore_Autumn_Harvest_2023-10-25
Lahore,Summer,6,31.2,60.0,9.1,976.7,1,185.411,2.386,-2.635,0.2979,0.947,34.016,5.992,0.0,0.0826,6.027,185.411,4e-05,4.0,0.9211,2.33,0.252,-0.041,0.71,33.8,65.0,0,Copernicus CAMS via Open-Meteo,Lahore_Summer_2023-06-15
Lahore,Winter_Peak,11,18.6,78.0,5.4,987.6,13,172.311,6.767,-0.021,0.3402,1.001,74.985,10.155,0.0,0.0361,8.321,168.98,0.00011,25.0,0.993,6.0,0.255,-0.004,0.24,74.5,65.0,1,Copernicus CAMS via Open-Meteo,Lahore_Winter_Peak_2023-11-05
Lahore,Monsoon,7,34.0,62.0,2.9,969.0,0,115.699,20.768,1.44,0.2165,0.971,138.645,28.097,0.0227,0.0882,4.095,113.665,0.00056,51.0,0.9719,74.121,0.14,-0.014,1.11,57.0,65.0,1,Copernicus CAMS via Open-Meteo,Lahore_Monsoon_2024-07-25
Lahore,Summer,6,31.5,45.0,9.7,980.3,1,104.862,10.274,-0.406,0.3786,0.844,33.181,14.355,0.0,0.2267,1.972,104.862,9e-05,24.0,0.7859,13.367,0.07,-0.12,0.36,35.6,65.0,1,Copernicus CAMS via Open-Meteo,Lahore_Summer_2023-06-05
Lahore,Monsoon,8,30.7,77.0,1.1,974.6,0,129.428,9.827,1.932,0.1983,0.963,51.571,9.919,0.0,0.085,4.301,128.592,0.00013,31.0,0.9693,7.62,0.166,-0.016,0.78,37.4,65.0,1,Copernicus CAMS via Open-Meteo,Lahore_Monsoon_2024-08-05
Lahore,Winter_Peak,11,30.0,40.0,8.0,986.5,9,113.963,12.367,-5.428,0.0659,1.002,575.87,19.068,0.0215,0.0415,5.366,111.423,0.00255,10.0,1.0117,90.179,0.146,0.006,0.18,30.7,65.0,0,Copernicus CAMS via Open-Meteo,Lahore_Winter_Peak_2024-11-01
Lahore,Autumn_Harvest,10,28.9,44.0,3.7,983.3,12,72.014,11.024,0.332,0.2993,0.77,39.647,11.923,0.0,0.3333,1.15,72.014,0.00018,22.0,0.6735,9.169,-0.007,-0.195,0.5,32.7,65.0,0,Copernicus CAMS via Open-Meteo,Lahore_Autumn_Harvest_2023-10-15
Lahore,Summer,6,30.6,62.0,3.9,973.1,0,131.795,5.144,0.22,0.2899,0.933,58.086,9.605,0.0,0.1102,3.713,131.789,0.00012,16.0,0.9129,5.764,0.154,-0.046,0.54,58.3,65.0,1,Copernicus CAMS via Open-Meteo,Lahore_Summer_2024-06-20
Lahore,Monsoon,8,31.7,70.0,2.2,974.7,1,169.886,14.251,-0.423,0.3065,0.986,68.282,14.944,0.0,0.0374,8.298,169.157,0.00014,48.0,0.9893,19.249,0.25,-0.005,0.44,23.7,65.0,0,Copernicus CAMS via Open-Meteo,Lahore_Monsoon_2024-08-12
Lahore,Autumn_Harvest,10,27.9,50.0,8.2,985.5,13,70.735,10.939,0.313,0.2923,0.76,74.378,13.206,0.0,0.3416,1.126,70.735,0.0003,22.0,0.6916,11.246,-0.003,-0.182,0.51,34.0,65.0,0,Copernicus CAMS via Open-Meteo,Lahore_Autumn_Harvest_2023-10-15
Lahore,Autumn_Harvest,9,26.3,90.0,3.6,975.9,13,125.127,17.93,0.857,0.2018,1.02,150.672,28.212,0.0322,0.0906,3.902,116.349,0.0006,58.0,1.0751,85.667,0.182,0.036,0.65,46.3,65.0,1,Copernicus CAMS via Open-Meteo,Lahore_Autumn_Harvest_2024-09-10
Lahore,Autumn_Harvest,10,20.7,79.0,2.0,990.8,7,73.434,12.131,0.173,0.3237,0.865,55.327,19.624,0.003,0.2086,1.645,73.41,0.00033,26.0,0.8064,22.69,0.029,-0.107,0.17,56.1,65.0,1,Copernicus CAMS via Open-Meteo,Lahore_Autumn_Harvest_2023-10-25
Lahore,Winter_Peak,11,23.1,72.0,3.8,987.2,12,48.853,2.898,-0.009,0.2831,1.019,77.232,8.472,0.0,0.1079,1.418,45.163,0.00134,6.0,1.0571,3.782,0.021,0.028,1.71,204.4,65.0,3,Copernicus CAMS via Open-Meteo,Lahore_Winter_Peak_2024-11-15
Lahore,Monsoon,7,28.4,86.0,6.0,969.2,3,108.525,19.435,1.417,0.219,0.922,132.147,28.248,0.0246,0.1365,3.07,108.268,0.00052,51.0,0.9017,71.01,0.11,-0.052,1.2,46.9,65.0,1,Copernicus CAMS via Open-Meteo,Lahore_Monsoon_2024-07-25
Lahore,Winter_Peak,11,15.0,82.0,5.8,993.6,9,121.541,6.768,0.164,0.3547,0.997,55.876,8.656,0.0,0.0751,4.188,117.097,0.00016,18.0,1.0321,4.252,0.166,0.016,0.68,114.8,65.0,2,Copernicus CAMS via Open-Meteo,Lahore_Winter_Peak_2023-11-20
Lahore,Autumn_Harvest,10,22.4,72.0,8.4,989.0,15,83.463,13.414,0.262,0.3035,0.81,39.747,22.319,0.0019,0.2755,1.489,83.463,0.00017,31.0,0.7458,33.488,0.028,-0.146,0.15,45.9,65.0,1,Copernicus CAMS via Open-Meteo,Lahore_Autumn_Harvest_2023-10-25
Lahore,Winter_Peak,1,13.0,77.0,4.7,992.1,7,183.352,1.491,-0.003,0.216,1.019,21.617,4.506,0.0,0.0641,6.392,172.674,3e-05,3.0,0.997,1.08,0.278,-0.002,0.81,139.2,65.0,2,Copernicus CAMS via Open-Meteo,Lahore_Winter_Peak_2024-01-05
Lahore,Summer,6,31.2,46.0,5.2,969.3,0,113.336,4.841,0.818,0.2954,0.896,29.624,7.778,0.0,0.1746,2.422,113.336,8e-05,15.0,0.8252,3.984,0.095,-0.096,0.65,52.4,65.0,1,Copernicus CAMS via Open-Meteo,Lahore_Summer_2024-06-20
Lahore,Winter_Peak,12,6.8,94.0,9.2,992.7,6,72.873,10.901,-0.145,0.3193,0.91,88.217,25.047,0.0247,0.1678,1.738,72.613,0.00059,34.0,0.9033,37.458,0.048,-0.051,0.16,69.4,65.0,1,Copernicus CAMS via Open-Meteo,Lahore_Winter_Peak_2023-12-20
Lahore,Summer,6,28.9,72.0,4.0,976.3,3,211.236,2.791,-2.825,0.2883,1.058,43.984,6.828,0.0,0.0901,5.963,192.201,5e-05,5.0,1.0973,2.862,0.371,0.046,0.68,36.3,65.0,1,Copernicus CAMS via Open-Meteo,Lahore_Summer_2023-06-15
Lahore,Summer,4,25.4,44.0,11.1,980.2,0,53.096,8.346,-0.131,0.1883,0.705,271.378,17.034,0.0216,0.4027,0.788,53.082,0.00226,24.0,0.6042,47.788,-0.044,-0.247,0.16,22.9,65.0,0,Copernicus CAMS via Open-Meteo,Lahore_Summer_2024-04-20
Lahore,Winter_Peak,1,4.2,99.0,4.2,991.8,8,186.919,3.155,-0.427,0.3037,1.005,78.222,9.21,0.0,0.0532,7.51,180.49,9e-05,6.0,1.035,4.625,0.299,0.017,1.07,129.5,65.0,2,Copernicus CAMS via Open-Meteo,Lahore_Winter_Peak_2024-01-15
Lahore,Autumn_Harvest,10,21.9,69.0,12.2,980.3,7,99.691,7.98,-0.341,0.3575,0.92,52.085,8.483,0.0,0.1315,2.674,99.687,0.00018,17.0,0.8931,4.261,0.092,-0.056,0.28,74.0,65.0,1,Copernicus CAMS via Open-Meteo,Lahore_Autumn_Harvest_2023-10-05
Lahore,Autumn_Harvest,10,20.2,86.0,7.7,989.5,13,145.544,4.426,-0.142,0.3489,1.053,33.798,8.216,0.0,0.0837,4.367,133.334,8e-05,14.0,1.085,3.838,0.228,0.041,0.96,79.6,65.0,2,Copernicus CAMS via Open-Meteo,Lahore_Autumn_Harvest_2024-10-22
Lahore,Winter_Peak,11,14.0,94.0,3.3,989.0,7,133.623,15.688,1.755,0.1584,1.015,125.306,20.322,0.0244,0.0916,3.963,124.677,0.00044,55.0,1.0713,61.056,0.199,0.034,1.38,67.3,65.0,1,Copernicus CAMS via Open-Meteo,Lahore_Winter_Peak_2023-11-30
Lahore,Winter_Peak,11,26.2,51.0,7.7,985.7,12,118.617,12.95,-5.437,0.0616,0.972,545.46,19.402,0.0216,0.0529,5.067,118.49,0.00219,10.0,0.9596,105.829,0.143,-0.021,0.18,48.2,65.0,1,Copernicus CAMS via Open-Meteo,Lahore_Winter_Peak_2024-11-01
Lahore,Monsoon,8,35.3,58.0,4.7,977.3,1,142.158,18.561,0.077,0.3375,0.98,79.098,25.728,0.0055,0.0479,6.353,141.617,0.00026,58.0,0.9718,55.426,0.191,-0.014,0.81,50.1,65.0,1,Copernicus CAMS via Open-Meteo,Lahore_Monsoon_2023-08-20
Lahore,Winter_Peak,11,14.9,91.0,6.3,987.5,7,176.497,7.056,-0.069,0.3097,1.04,75.326,10.138,0.0,0.0883,5.157,161.304,0.00012,24.0,1.0299,5.981,0.276,0.015,0.29,85.2,65.0,2,Copernicus CAMS via Open-Meteo,Lahore_Winter_Peak_2023-11-05
Lahore,Autumn_Harvest,9,24.4,96.0,5.4,980.3,12,200.032,5.668,-2.683,0.241,1.091,78.232,10.254,0.0,0.1336,4.311,173.282,0.00011,8.0,1.1494,8.487,0.363,0.07,0.52,43.0,65.0,1,Copernicus CAMS via Open-Meteo,Lahore_Autumn_Harvest_2023-09-25
Lahore,Monsoon,8,29.9,69.0,5.2,979.7,3,101.332,13.075,-0.353,0.3551,0.878,64.687,10.731,0.0,0.2064,2.045,101.327,0.00021,32.0,0.8059,7.654,0.071,-0.108,0.34,66.6,65.0,1,Copernicus CAMS via Open-Meteo,Lahore_Monsoon_2023-08-30
Lahore,Winter_Peak,11,18.1,74.0,7.4,991.3,9,132.502,6.657,0.058,0.3709,0.963,18.178,6.44,0.0,0.0638,5.101,132.47,5e-05,19.0,0.9444,2.716,0.165,-0.029,0.64,98.3,65.0,2,Copernicus CAMS via Open-Meteo,Lahore_Winter_Peak_2023-11-20
Lahore,Winter_Peak,11,16.1,88.0,6.7,985.3,12,125.082,13.235,-5.676,0.0609,0.985,610.001,19.583,0.0205,0.0524,5.323,123.875,0.00222,9.0,0.96,104.821,0.155,-0.02,0.1,38.2,65.0,1,Copernicus CAMS via Open-Meteo,Lahore_Winter_Peak_2024-11-01
Lahore,Winter_Peak,11,15.9,76.0,7.1,988.9,10,115.395,5.02,0.377,0.3156,1.002,18.491,7.538,0.0,0.0315,5.857,113.383,6e-05,15.0,0.9955,3.479,0.145,-0.002,0.55,110.4,65.0,2,Copernicus CAMS via Open-Meteo,Lahore_Winter_Peak_2024-11-25
Lahore,Autumn_Harvest,9,26.7,79.0,6.6,981.1,13,172.318,11.631,2.05,0.1826,1.025,100.185,12.345,0.0074,0.0904,5.031,158.797,0.00017,38.0,1.0851,22.868,0.284,0.041,0.35,49.7,65.0,1,Copernicus CAMS via Open-Meteo,Lahore_Autumn_Harvest_2024-09-28
Lahore,Winter_Peak,12,15.9,81.0,7.0,991.1,7,116.461,7.895,0.058,0.302,1.01,60.251,10.755,0.0,0.096,3.418,108.99,0.0002,22.0,1.0665,6.794,0.163,0.032,0.3,55.6,65.0,1,Copernicus CAMS via Open-Meteo,Lahore_Winter_Peak_2023-12-01
Lahore,Winter_Peak,12,18.1,63.0,2.6,993.0,7,72.884,10.952,-0.08,0.3138,0.905,95.883,27.344,0.0362,0.1605,1.799,72.776,0.00066,34.0,0.866,40.279,0.041,-0.072,0.21,53.7,65.0,1,Copernicus CAMS via Open-Meteo,Lahore_Winter_Peak_2023-12-20
Lahore,Monsoon,8,29.6,83.0,8.0,975.7,0,115.313,16.948,1.083,0.272,0.941,66.543,31.161,0.0198,0.1191,3.572,114.988,0.00025,42.0,0.9415,71.051,0.132,-0.03,0.81,63.8,65.0,1,Copernicus CAMS via Open-Meteo,Lahore_Monsoon_2023-08-05
Lahore,Summer,6,29.6,30.0,12.2,975.4,2,101.125,9.283,-1.208,0.3685,0.906,46.165,8.979,0.0016,0.1814,2.187,101.098,0.00016,20.0,0.8195,5.933,0.075,-0.099,0.18,28.5,65.0,0,Copernicus CAMS via Open-Meteo,Lahore_Summer_2024-06-10
Lahore,Autumn_Harvest,10,27.6,54.0,6.4,989.0,5,78.323,12.939,0.162,0.3316,0.787,66.461,23.368,0.002,0.311,1.299,78.323,0.00028,31.0,0.7293,32.716,0.017,-0.157,0.2,28.1,65.0,0,Copernicus CAMS via Open-Meteo,Lahore_Autumn_Harvest_2023-10-25
Lahore,Autumn_Harvest,10,25.3,69.0,3.6,982.7,13,144.847,6.374,-0.229,0.3105,0.997,64.392,9.189,0.0,0.0936,4.296,138.343,0.00012,19.0,1.0462,4.769,0.217,0.023,0.69,75.9,65.0,2,Copernicus CAMS via Open-Meteo,Lahore_Autumn_Harvest_2024-10-05
Lahore,Winter_Peak,11,12.6,90.0,7.5,991.8,9,144.649,7.399,-0.007,0.3593,1.013,21.734,6.77,0.0,0.0494,6.06,138.701,5e-05,19.0,1.0405,2.95,0.215,0.02,0.68,95.0,65.0,2,Copernicus CAMS via Open-Meteo,Lahore_Winter_Peak_2023-11-20
Lahore,Autumn_Harvest,10,28.9,44.0,3.7,983.3,13,79.061,11.751,0.356,0.2948,0.836,53.833,12.26,0.0,0.255,1.482,79.053,0.00024,22.0,0.7524,9.457,0.024,-0.141,0.5,32.7,65.0,0,Copernicus CAMS via Open-Meteo,Lahore_Autumn_Harvest_2023-10-15
Lahore,Summer,5,22.7,41.0,6.1,980.5,1,74.5,13.444,-0.252,0.3341,0.793,62.622,31.14,0.0303,0.2997,1.242,74.5,0.00036,41.0,0.721,57.263,0.01,-0.162,0.19,46.4,65.0,1,Copernicus CAMS via Open-Meteo,Lahore_Summer_2024-05-01
Lahore,Autumn_Harvest,10,20.8,68.0,8.9,981.5,13,110.51,8.269,-0.478,0.3527,0.897,31.337,7.381,0.0,0.1623,2.514,110.51,9e-05,18.0,0.8429,3.497,0.096,-0.085,0.27,64.5,65.0,1,Copernicus CAMS via Open-Meteo,Lahore_Autumn_Harvest_2023-10-05
Lahore,Monsoon,7,30.9,77.0,6.0,968.8,1,96.518,17.353,1.423,0.2196,0.928,100.605,24.884,0.0242,0.1329,2.707,96.233,0.00054,45.0,0.8773,54.255,0.083,-0.065,1.23,74.3,65.0,1,Copernicus CAMS via Open-Meteo,Lahore_Monsoon_2024-07-25
Lahore,Autumn_Harvest,10,18.8,74.0,10.7,984.8,13,101.571,5.168,-0.216,0.3055,0.906,16.452,6.84,0.0,0.1591,2.297,101.571,6e-05,15.0,0.8409,3.235,0.081,-0.086,0.33,44.8,65.0,1,Copernicus CAMS via Open-Meteo,Lahore_Autumn_Harvest_2024-10-15
Lahore,Winter_Peak,11,16.7,88.0,7.4,991.5,9,131.672,14.655,1.83,0.1616,0.993,127.787,19.153,0.0163,0.0913,4.053,126.376,0.00039,53.0,1.0355,47.167,0.187,0.017,1.81,80.6,65.0,2,Copernicus CAMS via Open-Meteo,Lahore_Winter_Peak_2023-11-30
Lahore,Winter_Peak,1,7.3,93.0,1.0,995.0,9,212.832,1.961,-0.02,0.3671,1.023,35.847,5.791,0.0,0.048,8.658,202.659,3e-05,5.0,1.0215,1.787,0.346,0.011,1.16,155.5,65.0,3,Copernicus CAMS via Open-Meteo,Lahore_Winter_Peak_2024-01-05
Lahore,Summer,5,31.2,42.0,15.3,981.4,2,132.706,30.203,-0.687,0.1937,1.031,258.673,32.823,0.0556,0.0743,4.581,123.947,0.00095,111.0,1.0626,130.278,0.196,0.03,0.8,38.0,65.0,1,Copernicus CAMS via Open-Meteo,Lahore_Summer_2023-05-25
Lahore,Winter_Peak,12,15.0,51.0,7.9,988.5,12,112.484,8.03,-0.85,0.3405,0.989,67.457,12.575,0.0,0.0734,4.185,109.561,0.00023,25.0,1.0112,9.989,0.143,0.006,0.08,51.7,65.0,1,Copernicus CAMS via Open-Meteo,Lahore_Winter_Peak_2024-12-05
Lahore,Summer,4,29.3,41.0,13.0,981.1,1,54.831,8.599,-0.168,0.1815,0.714,230.662,15.888,0.0224,0.411,0.81,54.817,0.00199,24.0,0.5888,48.107,-0.048,-0.259,0.25,32.6,65.0,0,Copernicus CAMS via Open-Meteo,Lahore_Summer_2024-04-20
Lahore,Monsoon,8,28.4,91.0,7.9,979.9,0,150.55,20.54,0.059,0.3437,1.043,62.616,24.467,0.0056,0.0935,4.294,137.013,0.00023,59.0,1.0987,53.222,0.242,0.047,0.8,57.2,65.0,1,Copernicus CAMS via Open-Meteo,Lahore_Monsoon_2023-08-20
Lahore,Summer,6,33.3,20.0,9.2,975.7,1,103.219,8.02,-1.288,0.3373,0.891,15.3,6.822,0.001,0.166,2.323,103.219,6e-05,18.0,0.8403,4.056,0.084,-0.087,0.19,24.6,65.0,0,Copernicus CAMS via Open-Meteo,Lahore_Summer_2024-06-10
Lahore,Monsoon,8,26.6,91.0,4.9,977.9,0,157.455,20.33,0.235,0.3591,1.002,62.445,15.438,0.0035,0.0349,7.758,154.294,0.00018,58.0,0.9996,20.7,0.229,-0.0,0.67,78.7,65.0,2,Copernicus CAMS via Open-Meteo,Lahore_Monsoon_2024-08-25
Lahore,Monsoon,8,30.0,76.0,2.5,976.0,0,172.658,14.305,-0.395,0.3256,1.023,77.556,15.138,0.0,0.0778,5.511,160.843,0.00016,46.0,1.0734,19.129,0.282,0.035,0.42,26.7,65.0,0,Copernicus CAMS via Open-Meteo,Lahore_Monsoon_2024-08-12
Lahore,Winter_Peak,11,28.1,44.0,7.1,988.2,8,158.838,5.643,-0.163,0.3575,1.0,15.608,6.269,0.0,0.047,6.73,155.0,3e-05,21.0,1.023,2.663,0.238,0.011,0.47,51.6,65.0,1,Copernicus CAMS via Open-Meteo,Lahore_Winter_Peak_2023-11-05
Lahore,Summer,5,27.5,33.0,13.4,969.0,0,65.221,11.758,0.157,0.2802,0.728,100.65,26.473,0.0177,0.3994,0.964,65.221,0.00051,41.0,0.6031,47.351,-0.036,-0.248,0.15,44.7,65.0,1,Copernicus CAMS via Open-Meteo,Lahore_Summer_2024-05-28
Lahore,Winter_Peak,12,17.3,77.0,4.8,991.4,8,68.428,10.419,-0.117,0.3322,0.878,65.059,24.732,0.0245,0.2136,1.373,68.384,0.00048,34.0,0.8702,36.176,0.034,-0.069,0.2,51.3,65.0,1,Copernicus CAMS via Open-Meteo,Lahore_Winter_Peak_2023-12-20
Lahore,Autumn_Harvest,10,23.7,73.0,10.7,980.7,5,112.198,8.615,-0.369,0.3512,0.907,26.243,7.239,0.0,0.1526,2.704,112.198,7e-05,18.0,0.8861,3.298,0.112,-0.06,0.3,74.5,65.0,1,Copernicus CAMS via Open-Meteo,Lahore_Autumn_Harvest_2023-10-05
Lahore,Winter_Peak,11,24.8,64.0,3.3,987.3,7,51.51,1.605,0.007,0.2638,1.02,24.68,4.786,0.0,0.0605,1.999,48.905,0.00039,3.0,1.0399,1.208,0.025,0.02,1.41,135.0,65.0,2,Copernicus CAMS via Open-Meteo,Lahore_Winter_Peak_2024-11-15
Lahore,Autumn_Harvest,9,27.8,75.0,5.4,980.6,10,157.506,10.552,2.017,0.1963,1.031,89.517,11.615,0.0075,0.0859,4.739,144.859,0.00018,34.0,1.0873,18.963,0.254,0.042,0.37,36.4,65.0,1,Copernicus CAMS via Open-Meteo,Lahore_Autumn_Harvest_2024-09-28
Lahore,Monsoon,8,27.5,91.0,5.9,977.2,1,105.757,7.801,1.975,0.2206,0.936,32.82,8.167,0.0,0.1263,2.754,105.508,0.00012,24.0,0.9404,5.314,0.114,-0.031,0.62,26.5,65.0,0,Copernicus CAMS via Open-Meteo,Lahore_Monsoon_2024-08-05
Lahore,Monsoon,8,28.1,86.0,7.0,981.3,1,161.023,22.11,0.046,0.3341,1.023,102.515,27.26,0.0058,0.0543,6.469,153.077,0.00029,65.0,1.0365,65.835,0.247,0.018,0.75,52.6,65.0,1,Copernicus CAMS via Open-Meteo,Lahore_Monsoon_2023-08-20
Lahore,Autumn_Harvest,9,26.0,87.0,5.7,980.7,12,128.179,4.503,0.107,0.3035,0.968,22.718,5.822,0.0,0.0806,4.318,127.655,6e-05,14.0,0.9226,2.041,0.15,-0.04,0.44,84.3,65.0,2,Copernicus CAMS via Open-Meteo,Lahore_Autumn_Harvest_2024-09-18
Lahore,Winter_Peak,12,13.3,55.0,6.8,988.0,8,109.336,7.753,-0.912,0.328,0.984,35.74,11.172,0.0,0.0575,4.533,107.943,0.00014,23.0,0.9819,8.366,0.13,-0.009,0.07,46.2,65.0,1,Copernicus CAMS via Open-Meteo,Lahore_Winter_Peak_2024-12-05
Lahore,Monsoon,8,27.7,89.0,6.6,979.2,1,154.383,19.438,0.125,0.3621,0.998,81.095,16.569,0.0033,0.0912,4.754,147.412,0.0002,57.0,1.0463,22.311,0.236,0.023,0.74,49.1,65.0,1,Copernicus CAMS via Open-Meteo,Lahore_Monsoon_2024-08-25
Lahore,Monsoon,8,34.3,49.0,5.8,981.5,2,98.028,13.278,-0.281,0.3373,0.832,44.231,10.3,0.0,0.2638,1.749,98.028,0.00015,33.0,0.7962,7.03,0.063,-0.113,0.58,58.4,65.0,1,Copernicus CAMS via Open-Meteo,Lahore_Monsoon_2023-08-30
Lahore,Monsoon,7,33.3,65.0,4.7,969.4,1,113.508,20.543,1.41,0.2261,0.966,142.091,28.031,0.0239,0.1037,3.622,111.249,0.00058,52.0,0.9785,70.673,0.138,-0.011,1.12,59.8,65.0,1,Copernicus CAMS via Open-Meteo,Lahore_Monsoon_2024-07-25
Lahore,Summer,5,25.6,39.0,7.4,967.5,2,72.33,13.048,0.194,0.2979,0.791,97.61,26.451,0.0173,0.3263,1.155,72.33,0.00049,42.0,0.6764,47.086,-0.006,-0.193,0.12,33.2,65.0,0,Copernicus CAMS via Open-Meteo,Lahore_Summer_2024-05-28
Lahore,Monsoon,7,28.2,90.0,7.0,977.5,1,117.82,26.178,0.495,0.2914,0.976,615.437,63.102,0.1544,0.1011,3.598,115.449,0.00238,86.0,1.0109,294.882,0.154,0.005,0.86,41.3,65.0,1,Copernicus CAMS via Open-Meteo,Lahore_Monsoon_2023-07-25
Lahore,Winter_Peak,12,17.5,66.0,5.2,990.3,9,90.918,9.527,-0.184,0.3423,0.902,83.52,22.84,0.001,0.1618,2.161,90.892,0.00035,28.0,0.8482,27.773,0.066,-0.082,0.26,65.2,65.0,1,Copernicus CAMS via Open-Meteo,Lahore_Winter_Peak_2023-12-10
Lahore,Winter_Peak,11,22.5,55.0,3.0,991.0,10,116.414,5.586,0.27,0.2773,1.019,75.221,10.378,0.0,0.0551,4.682,111.058,0.00024,15.0,1.0198,6.19,0.153,0.01,0.36,45.4,65.0,1,Copernicus CAMS via Open-Meteo,Lahore_Winter_Peak_2024-11-25
Lahore,Autumn_Harvest,10,17.1,80.0,8.1,988.1,11,83.562,13.736,0.173,0.3237,0.862,68.279,21.948,0.002,0.2272,1.72,83.499,0.00032,30.0,0.7772,28.761,0.037,-0.125,0.18,50.1,65.0,1,Copernicus CAMS via Open-Meteo,Lahore_Autumn_Harvest_2023-10-25
Lahore,Winter_Peak,11,21.1,62.0,1.8,992.1,8,112.254,4.707,0.35,0.2986,1.022,12.796,6.737,0.0,0.0589,4.172,106.171,5e-05,14.0,1.0122,2.89,0.143,0.006,0.39,70.3,65.0,1,Copernicus CAMS via Open-Meteo,Lahore_Winter_Peak_2024-11-25
Lahore,Winter_Peak,1,11.1,85.0,4.1,991.1,15,202.158,2.815,-0.453,0.3132,1.028,63.242,8.236,0.0,0.0898,5.79,185.499,7e-05,7.0,0.9982,3.742,0.316,-0.001,1.25,122.9,65.0,2,Copernicus CAMS via Open-Meteo,Lahore_Winter_Peak_2024-01-15
Lahore,Autumn_Harvest,10,27.3,55.0,3.3,991.9,14,73.524,12.265,0.122,0.3314,0.803,97.313,21.935,0.003,0.2959,1.262,73.523,0.00046,28.0,0.7089,28.674,0.005,-0.17,0.18,36.0,65.0,1,Copernicus CAMS via Open-Meteo,Lahore_Autumn_Harvest_2023-10-25
Lahore,Winter_Peak,11,19.7,67.0,8.7,985.1,7,126.227,13.072,-5.747,0.056,0.965,680.706,17.178,0.0207,0.0666,4.625,126.212,0.00236,10.0,0.934,111.395,0.15,-0.034,0.1,41.0,65.0,1,Copernicus CAMS via Open-Meteo,Lahore_Winter_Peak_2024-11-01
Lahore,Winter_Peak,11,18.0,86.0,8.0,989.3,9,165.113,6.305,-0.044,0.3211,1.046,45.484,8.273,0.0,0.0921,4.657,150.02,9e-05,22.0,1.0426,4.082,0.257,0.021,0.55,123.4,65.0,2,Copernicus CAMS via Open-Meteo,Lahore_Winter_Peak_2023-11-05
Lahore,Autumn_Harvest,10,19.1,88.0,10.0,985.0,6,89.768,13.748,0.331,0.297,0.844,33.153,12.624,0.0,0.2519,1.723,89.766,0.00012,26.0,0.8171,11.349,0.057,-0.101,0.59,26.5,65.0,0,Copernicus CAMS via Open-Meteo,Lahore_Autumn_Harvest_2023-10-15
Lahore,Autumn_Harvest,10,19.3,81.0,7.6,983.9,12,86.018,12.965,0.353,0.2925,0.826,25.409,12.352,0.0,0.2595,1.613,86.018,0.0001,25.0,0.7737,11.015,0.039,-0.128,0.32,32.4,65.0,0,Copernicus CAMS via Open-Meteo,Lahore_Autumn_Harvest_2023-10-15
Lahore,Winter_Peak,11,16.2,92.0,4.0,988.9,15,146.488,5.877,-0.074,0.3268,0.98,62.293,9.084,0.0,0.0544,6.076,145.575,0.00012,21.0,0.9525,4.804,0.193,-0.024,0.29,94.5,65.0,2,Copernicus CAMS via Open-Meteo,Lahore_Winter_Peak_2023-11-05
Lahore,Monsoon,7,31.7,71.0,5.8,976.2,0,120.258,26.725,0.506,0.2893,0.995,692.128,63.688,0.1566,0.0623,4.817,117.154,0.00266,84.0,0.9807,293.456,0.151,-0.01,0.48,35.9,65.0,1,Copernicus CAMS via Open-Meteo,Lahore_Monsoon_2023-07-25
Lahore,Autumn_Harvest,9,31.7,61.0,5.2,979.2,4,134.133,5.023,-0.005,0.3324,0.908,55.854,8.396,0.0,0.1585,3.038,134.131,0.0001,18.0,0.8963,4.052,0.153,-0.055,0.66,53.2,65.0,1,Copernicus CAMS via Open-Meteo,Lahore_Autumn_Harvest_2024-09-18
Lahore,Summer,5,26.0,38.0,11.4,977.8,1,72.326,9.439,-0.636,0.3313,0.768,50.334,23.392,0.0086,0.347,1.11,72.326,0.00026,31.0,0.6544,33.727,-0.013,-0.209,0.37,27.5,65.0,0,Copernicus CAMS via Open-Meteo,Lahore_Summer_2024-05-18
Lahore,Winter_Peak,11,24.7,64.0,2.7,990.0,9,50.318,2.351,-0.006,0.3064,0.968,51.377,6.926,0.0,0.0899,1.686,49.504,0.00075,5.0,0.936,2.524,0.012,-0.033,1.39,181.1,65.0,3,Copernicus CAMS via Open-Meteo,Lahore_Winter_Peak_2024-11-15
Lahore,Winter_Peak,12,6.8,94.0,9.2,992.7,16,72.675,10.614,-0.117,0.3386,0.878,75.763,26.391,0.026,0.1991,1.515,72.659,0.00051,35.0,0.8081,40.418,0.029,-0.106,0.16,69.4,65.0,1,Copernicus CAMS via Open-Meteo,Lahore_Winter_Peak_2023-12-20
Lahore,Monsoon,7,27.2,93.0,2.8,968.1,0,113.588,20.143,1.503,0.2209,0.969,96.488,26.362,0.0199,0.1176,3.183,110.45,0.00044,49.0,1.0016,63.047,0.143,0.001,1.26,45.6,65.0,1,Copernicus CAMS via Open-Meteo,Lahore_Monsoon_2024-07-25
Lahore,Summer,6,27.6,72.0,5.2,973.4,1,198.773,2.101,-4.616,0.3198,1.005,18.946,4.606,0.0,0.0413,8.735,193.16,2e-05,3.0,1.0291,1.703,0.321,0.014,0.63,47.5,65.0,1,Copernicus CAMS via Open-Meteo,Lahore_Summer_2023-06-15
Lahore,Winter_Peak,11,26.6,61.0,3.7,987.8,9,171.791,6.532,-0.066,0.3207,1.032,25.424,7.386,0.0,0.0729,5.681,159.444,5e-05,23.0,1.0774,3.495,0.281,0.037,0.47,56.3,65.0,1,Copernicus CAMS via Open-Meteo,Lahore_Winter_Peak_2023-11-05
Lahore,Winter_Peak,11,15.9,76.0,7.1,988.9,10,110.726,5.184,0.334,0.2776,1.001,56.76,9.302,0.0,0.0689,4.022,106.632,0.00019,15.0,1.0339,5.045,0.144,0.017,0.55,110.4,65.0,2,Copernicus CAMS via Open-Meteo,Lahore_Winter_Peak_2024-11-25
Lahore,Autumn_Harvest,9,25.9,92.0,4.7,975.7,13,130.21,18.298,0.91,0.2012,0.985,123.129,28.449,0.0277,0.0568,5.447,128.535,0.00046,61.0,0.9974,90.004,0.175,-0.001,0.64,49.6,65.0,1,Copernicus CAMS via Open-Meteo,Lahore_Autumn_Harvest_2024-09-10
Lahore,Winter_Peak,11,14.9,90.0,17.9,990.4,4,147.162,18.25,1.615,0.1759,1.04,136.511,22.055,0.028,0.0694,5.24,137.097,0.00046,61.0,1.071,77.081,0.228,0.034,1.87,73.6,65.0,1,Copernicus CAMS via Open-Meteo,Lahore_Winter_Peak_2023-11-30
Lahore,Autumn_Harvest,10,23.1,71.0,9.4,987.0,10,77.941,12.426,0.249,0.3009,0.795,65.172,13.284,0.0,0.2979,1.332,77.941,0.00026,25.0,0.7176,11.655,0.013,-0.164,0.49,35.0,65.0,0,Copernicus CAMS via Open-Meteo,Lahore_Autumn_Harvest_2023-10-15
Lahore,Monsoon,8,31.4,69.0,4.3,977.4,1,170.45,13.904,-0.433,0.319,1.035,42.402,12.091,0.0,0.0688,5.721,158.647,0.00011,44.0,1.0355,13.34,0.266,0.017,0.36,14.6,65.0,0,Copernicus CAMS via Open-Meteo,Lahore_Monsoon_2024-08-12
Lahore,Autumn_Harvest,10,25.3,69.0,3.6,982.7,11,121.783,5.198,-0.229,0.3423,0.966,19.627,6.204,0.0,0.0817,4.015,121.524,6e-05,16.0,0.9825,2.238,0.155,-0.009,0.69,75.9,65.0,2,Copernicus CAMS via Open-Meteo,Lahore_Autumn_Harvest_2024-10-05
Lahore,Winter_Peak,12,17.6,71.0,7.4,990.5,12,130.137,8.66,0.076,0.309,1.023,35.406,10.031,0.0,0.0557,5.084,123.748,0.00011,24.0,1.0251,6.201,0.181,0.012,0.39,50.9,65.0,1,Copernicus CAMS via Open-Meteo,Lahore_Winter_Peak_2023-12-01
Lahore,Winter_Peak,1,4.2,99.0,4.2,991.8,8,182.126,2.375,-0.967,0.2678,0.937,40.445,6.943,0.0,0.1259,4.67,182.126,4e-05,5.0,0.9465,2.928,0.257,-0.027,1.07,129.5,65.0,2,Copernicus CAMS via Open-Meteo,Lahore_Winter_Peak_2024-01-15
Lahore,Monsoon,7,34.7,56.0,4.2,972.7,0,164.65,11.121,0.632,0.2163,1.071,85.814,12.41,0.0,0.114,4.007,145.838,0.00018,35.0,1.1267,15.404,0.279,0.06,1.14,56.0,65.0,1,Copernicus CAMS via Open-Meteo,Lahore_Monsoon_2023-07-15
Lahore,Monsoon,8,25.4,86.0,5.9,978.7,0,95.913,11.679,-0.444,0.3655,0.937,39.317,8.65,0.0,0.1183,2.992,95.821,0.00018,26.0,0.928,4.974,0.093,-0.037,0.37,62.6,65.0,1,Copernicus CAMS via Open-Meteo,Lahore_Monsoon_2023-08-30
Lahore,Summer,5,14.7,69.0,7.1,977.8,0,66.594,12.092,-0.256,0.3436,0.799,71.502,27.599,0.0351,0.3297,1.066,66.594,0.00048,36.0,0.672,45.338,-0.013,-0.196,0.22,22.8,65.0,0,Copernicus CAMS via Open-Meteo,Lahore_Summer_2024-05-01
Lahore,Winter_Peak,1,4.7,97.0,2.9,991.8,7,184.758,2.231,-1.17,0.3618,0.955,35.364,6.471,0.0,0.0877,5.816,184.757,4e-05,5.0,0.9566,2.629,0.266,-0.022,1.11,123.9,65.0,2,Copernicus CAMS via Open-Meteo,Lahore_Winter_Peak_2024-01-15
Lahore,Winter_Peak,11,28.7,45.0,6.1,987.3,9,103.968,9.776,-6.225,0.0466,0.963,319.252,13.524,0.0166,0.0739,3.67,103.903,0.00163,5.0,0.9275,59.011,0.108,-0.038,0.16,34.1,65.0,0,Copernicus CAMS via Open-Meteo,Lahore_Winter_Peak_2024-11-01
Lahore,Autumn_Harvest,10,20.4,77.0,8.0,989.7,10,82.15,13.459,0.208,0.3244,0.828,69.481,22.405,0.0023,0.2578,1.54,82.149,0.0003,30.0,0.7499,31.401,0.027,-0.143,0.14,65.7,65.0,1,Copernicus CAMS via Open-Meteo,Lahore_Autumn_Harvest_2023-10-25
Lahore,Autumn_Harvest,10,21.4,76.0,6.5,984.5,13,109.802,5.777,-0.154,0.3356,0.906,62.008,9.619,0.0,0.1477,2.628,109.802,0.00017,16.0,0.858,5.68,0.1,-0.076,0.26,85.9,65.0,2,Copernicus CAMS via Open-Meteo,Lahore_Autumn_Harvest_2024-10-15
Lahore,Monsoon,7,29.3,85.0,4.7,978.3,1,113.744,25.203,0.512,0.2863,0.956,576.726,60.967,0.1515,0.088,3.758,113.396,0.0023,84.0,0.9223,274.051,0.124,-0.04,1.36,41.4,65.0,1,Copernicus CAMS via Open-Meteo,Lahore_Monsoon_2023-07-25
Lahore,Summer,6,35.0,45.0,9.9,973.2,1,129.206,5.224,0.963,0.2922,0.913,13.188,7.356,0.0,0.1617,2.877,129.206,3e-05,17.0,0.838,3.745,0.124,-0.088,0.6,39.7,65.0,1,Copernicus CAMS via Open-Meteo,Lahore_Summer_2024-06-20
Lahore,Winter_Peak,12,11.4,100.0,4.4,992.5,11,129.602,9.023,0.046,0.2932,1.038,84.026,12.242,0.0,0.0756,4.344,120.2,0.00024,24.0,1.0534,8.52,0.187,0.026,1.34,71.2,65.0,1,Copernicus CAMS via Open-Meteo,Lahore_Winter_Peak_2023-12-01
Lahore,Summer,6,36.2,29.0,3.2,978.0,0,108.119,8.924,-1.258,0.3539,0.888,37.504,8.566,0.0005,0.1837,2.298,108.119,0.00011,20.0,0.8172,5.737,0.085,-0.101,0.24,32.1,65.0,0,Copernicus CAMS via Open-Meteo,Lahore_Summer_2024-06-10
Lahore,Monsoon,8,35.3,59.0,5.2,978.1,3,155.809,19.431,0.116,0.3385,1.054,53.44,23.971,0.0057,0.0886,4.478,141.953,0.00019,56.0,1.0758,53.524,0.247,0.037,0.81,49.7,65.0,1,Copernicus CAMS via Open-Meteo,Lahore_Monsoon_2023-08-20
Multan,Autumn_Harvest,9,25.6,80.0,5.5,989.9,13,115.868,5.712,0.563,0.3116,0.976,14.904,6.763,0.0,0.0704,4.141,114.851,5e-05,20.0,0.9935,3.461,0.146,-0.003,0.43,63.6,,1,Copernicus CAMS via Open-Meteo,Multan_Autumn_Harvest_2024-09-18
Multan,Summer,5,29.5,18.0,7.5,978.0,1,86.904,22.52,-0.264,0.348,0.809,102.889,38.376,0.0534,0.331,1.39,86.903,0.00047,68.0,0.678,95.728,0.009,-0.192,0.15,30.3,,0,Copernicus CAMS via Open-Meteo,Multan_Summer_2024-05-28
Multan,Winter_Peak,1,5.6,100.0,4.8,1002.3,9,46.744,2.773,0.018,0.2609,1.015,70.452,8.184,0.0,0.0976,1.44,43.666,0.00135,6.0,1.0212,3.49,0.014,0.01,0.58,258.9,,3,Copernicus CAMS via Open-Meteo,Multan_Winter_Peak_2024-01-15
Multan,Summer,5,34.7,42.0,9.2,987.1,0,115.132,8.4,-0.249,0.3345,0.891,86.274,15.55,0.0,0.1738,2.489,115.132,0.0002,28.0,0.8619,14.826,0.11,-0.074,0.68,35.6,,1,Copernicus CAMS via Open-Meteo,Multan_Summer_2023-05-25
Multan,Summer,5,29.7,21.0,5.3,990.1,4,95.176,17.478,-0.245,0.3366,0.806,48.262,27.767,0.0075,0.3145,1.538,95.176,0.00018,48.0,0.6907,46.661,0.023,-0.183,0.14,12.0,,0,Copernicus CAMS via Open-Meteo,Multan_Summer_2024-05-01
Multan,Autumn_Harvest,10,26.4,36.0,14.0,994.1,11,89.721,7.934,-0.441,0.349,0.904,43.586,9.995,0.0,0.1657,2.035,89.667,0.00017,26.0,0.8911,6.748,0.074,-0.058,0.12,28.5,,0,Copernicus CAMS via Open-Meteo,Multan_Autumn_Harvest_2024-10-15
Multan,Winter_Peak,11,17.5,95.0,2.8,1000.5,5,176.1,2.833,0.004,0.3098,0.955,73.141,8.197,0.0,0.111,4.873,175.674,9e-05,7.0,0.8909,3.573,0.223,-0.058,1.24,196.5,,3,Copernicus CAMS via Open-Meteo,Multan_Winter_Peak_2024-11-15
Multan,Summer,5,33.2,34.0,13.2,990.6,1,92.696,16.378,-0.203,0.3374,0.845,73.845,26.95,0.0071,0.2534,1.671,92.696,0.00028,45.0,0.752,42.616,0.042,-0.142,0.32,30.5,,0,Copernicus CAMS via Open-Meteo,Multan_Summer_2024-05-18
Multan,Winter_Peak,11,24.7,67.0,3.1,1001.5,10,140.013,4.579,0.162,0.2961,0.997,24.335,6.386,0.0,0.0253,7.628,138.752,6e-05,14.0,0.9922,2.404,0.192,-0.004,0.84,82.4,,2,Copernicus CAMS via Open-Meteo,Multan_Winter_Peak_2023-11-05
Multan,Winter_Peak,11,22.5,53.0,4.6,1000.6,7,155.054,7.217,1.219,0.2416,1.023,52.863,10.874,0.0,0.1211,3.752,140.318,0.0001,22.0,1.105,8.412,0.253,0.05,0.55,46.1,,1,Copernicus CAMS via Open-Meteo,Multan_Winter_Peak_2023-11-30
Multan,Autumn_Harvest,9,37.1,41.0,7.1,987.0,10,87.63,11.578,-0.211,0.352,0.878,25.755,18.577,0.0002,0.2011,1.778,87.61,0.00014,37.0,0.8558,24.182,0.063,-0.078,0.43,29.3,,0,Copernicus CAMS via Open-Meteo,Multan_Autumn_Harvest_2024-09-10
Multan,Winter_Peak,12,9.4,97.0,9.2,1000.8,9,110.889,9.109,-0.33,0.3208,0.948,37.82,16.458,0.0,0.0959,3.48,110.594,0.00012,31.0,0.9348,16.879,0.122,-0.034,0.57,114.6,,2,Copernicus CAMS via Open-Meteo,Multan_Winter_Peak_2023-12-10
Multan,Summer,6,36.8,27.0,7.6,987.9,1,83.539,14.001,-0.22,0.3186,0.801,42.805,12.548,0.0,0.3065,1.358,83.539,0.00017,37.0,0.701,11.812,0.014,-0.176,0.55,26.8,,0,Copernicus CAMS via Open-Meteo,Multan_Summer_2023-06-05
Multan,Monsoon,8,36.4,50.0,6.8,987.8,0,128.826,6.775,0.215,0.295,0.965,60.353,10.259,0.0,0.0749,4.575,128.05,0.00014,27.0,0.9616,6.714,0.163,-0.02,0.62,34.7,,0,Copernicus CAMS via Open-Meteo,Multan_Monsoon_2024-08-25
Multan,Summer,6,35.6,37.0,10.0,978.9,1,169.111,10.319,1.484,0.1551,0.962,76.392,13.122,0.0,0.0641,6.385,169.108,0.00012,33.0,0.9482,24.829,0.233,-0.027,0.83,55.5,,1,Copernicus CAMS via Open-Meteo,Multan_Summer_2024-06-20
Multan,Winter_Peak,11,31.6,31.0,4.7,998.3,6,149.275,6.844,1.115,0.2838,0.984,83.186,10.195,0.0,0.0516,6.353,147.854,0.00016,19.0,0.9602,5.878,0.201,-0.02,0.79,69.8,,1,Copernicus CAMS via Open-Meteo,Multan_Winter_Peak_2023-11-05
Multan,Summer,6,33.8,50.0,18.9,981.4,2,152.075,9.674,1.344,0.171,0.999,81.914,12.981,0.0,0.0293,7.937,150.003,0.00017,30.0,0.9944,19.823,0.217,-0.003,0.78,44.6,,1,Copernicus CAMS via Open-Meteo,Multan_Summer_2024-06-20
Multan,Autumn_Harvest,10,19.9,79.0,6.9,999.8,12,137.614,6.414,-0.021,0.3466,0.947,58.161,10.874,0.0,0.091,4.405,137.587,0.00012,26.0,0.9139,7.584,0.164,-0.045,0.54,81.5,,2,Copernicus CAMS via Open-Meteo,Multan_Autumn_Harvest_2023-10-25
Multan,Monsoon,7,30.8,66.0,7.1,984.0,3,129.824,12.019,1.016,0.242,0.951,69.784,11.64,0.0004,0.0865,4.36,129.701,0.0002,36.0,0.9226,11.328,0.153,-0.04,0.7,50.2,,1,Copernicus CAMS via Open-Meteo,Multan_Monsoon_2023-07-15
Multan,Autumn_Harvest,10,21.2,73.0,6.5,992.5,8,135.082,9.149,-0.174,0.3224,1.019,38.049,9.438,0.0,0.088,4.137,125.609,0.0001,31.0,1.0732,6.106,0.203,0.035,0.33,79.9,,2,Copernicus CAMS via Open-Meteo,Multan_Autumn_Harvest_2023-10-05
Multan,Winter_Peak,1,8.9,96.0,4.0,1004.3,8,45.995,1.885,-0.016,0.3926,0.967,33.807,5.581,0.0,0.0944,1.486,45.279,0.0006,4.0,0.923,1.656,0.003,-0.04,0.7,172.3,,3,Copernicus CAMS via Open-Meteo,Multan_Winter_Peak_2024-01-15
Multan,Summer,6,31.3,56.0,17.7,980.4,0,178.973,10.747,1.538,0.157,0.975,54.547,11.538,0.0006,0.0477,7.722,178.964,9e-05,36.0,0.9729,25.576,0.261,-0.014,0.77,43.5,,1,Copernicus CAMS via Open-Meteo,Multan_Summer_2024-06-20
Multan,Monsoon,7,31.4,65.0,9.3,987.1,1,97.518,8.931,0.021,0.3419,0.889,35.454,11.937,0.0,0.1822,2.049,97.517,0.00013,32.0,0.8662,9.811,0.082,-0.072,0.67,38.5,,1,Copernicus CAMS via Open-Meteo,Multan_Monsoon_2024-07-10
Multan,Autumn_Harvest,10,26.5,73.0,7.9,990.8,13,106.614,6.37,-0.083,0.356,0.959,21.53,8.003,0.0,0.0725,3.838,106.464,8e-05,24.0,0.9434,4.379,0.117,-0.029,0.28,69.8,,1,Copernicus CAMS via Open-Meteo,Multan_Autumn_Harvest_2024-10-05
Multan,Autumn_Harvest,10,21.1,67.0,8.4,996.5,3,149.247,6.188,-0.128,0.3276,1.051,64.247,9.669,0.0,0.0887,4.398,136.082,0.00014,20.0,1.0654,5.384,0.231,0.032,0.33,60.8,,1,Copernicus CAMS via Open-Meteo,Multan_Autumn_Harvest_2024-10-22
Multan,Autumn_Harvest,9,36.5,45.0,6.9,989.3,8,159.222,3.979,-0.318,0.2863,0.969,11.838,4.871,0.0,0.0738,5.497,158.431,2e-05,16.0,0.9791,1.522,0.226,-0.011,0.56,30.5,,0,Copernicus CAMS via Open-Meteo,Multan_Autumn_Harvest_2024-09-28
Multan,Summer,5,32.1,15.0,8.1,989.9,2,78.842,14.444,-0.234,0.3186,0.789,56.24,23.569,0.0045,0.3132,1.281,78.842,0.00025,40.0,0.6929,34.497,0.006,-0.181,0.15,13.2,,0,Copernicus CAMS via Open-Meteo,Multan_Summer_2024-05-01
Multan,Winter_Peak,11,22.5,70.0,4.3,996.0,10,155.573,6.137,0.095,0.318,1.029,13.483,6.829,0.0,0.0767,5.047,144.143,3e-05,24.0,1.0792,3.256,0.247,0.038,0.56,98.5,,2,Copernicus CAMS via Open-Meteo,Multan_Winter_Peak_2024-11-01
Multan,Autumn_Harvest,10,21.8,72.0,8.1,992.2,7,114.192,7.512,-0.149,0.3272,0.969,27.666,8.152,0.0,0.0807,3.867,113.35,9e-05,26.0,0.9829,4.727,0.14,-0.009,0.34,87.3,,2,Copernicus CAMS via Open-Meteo,Multan_Autumn_Harvest_2023-10-05
Multan,Monsoon,8,29.4,86.0,7.3,986.2,0,120.741,20.466,1.15,0.2357,0.969,116.123,17.954,0.0068,0.0689,4.672,120.117,0.0004,67.0,0.9611,38.326,0.147,-0.02,0.95,50.1,,1,Copernicus CAMS via Open-Meteo,Multan_Monsoon_2024-08-12
Multan,Winter_Peak,11,14.1,91.0,5.4,1000.4,13,141.325,6.574,1.267,0.236,0.954,36.49,9.917,0.0,0.1274,3.583,139.884,7e-05,22.0,0.9912,7.541,0.195,-0.004,0.88,104.3,,2,Copernicus CAMS via Open-Meteo,Multan_Winter_Peak_2023-11-30
Multan,Monsoon,8,34.8,56.0,8.9,988.4,2,116.158,5.837,0.177,0.2877,0.909,27.613,8.178,0.0,0.1429,2.818,116.158,7e-05,26.0,0.8608,4.587,0.111,-0.075,0.57,33.5,,0,Copernicus CAMS via Open-Meteo,Multan_Monsoon_2024-08-25
Multan,Winter_Peak,1,11.3,91.0,6.2,1004.1,9,52.13,1.93,0.011,0.2366,1.016,35.254,5.7,0.0,0.0811,1.746,49.045,0.00055,5.0,0.9944,1.725,0.022,-0.003,0.66,145.8,,2,Copernicus CAMS via Open-Meteo,Multan_Winter_Peak_2024-01-15
Multan,Summer,5,30.2,16.0,7.6,978.0,0,69.21,17.974,-0.268,0.3461,0.746,103.251,34.248,0.0537,0.3953,1.031,69.21,0.00058,60.0,0.6128,73.463,-0.03,-0.24,0.14,31.1,,0,Copernicus CAMS via Open-Meteo,Multan_Summer_2024-05-28
Multan,Winter_Peak,11,24.4,61.0,4.1,1002.1,8,177.822,1.362,0.003,0.3054,0.984,18.617,4.158,0.0,0.0327,8.836,177.763,2e-05,3.0,0.9678,0.917,0.257,-0.016,1.11,188.1,,3,Copernicus CAMS via Open-Meteo,Multan_Winter_Peak_2024-11-15
Multan,Autumn_Harvest,9,33.3,51.0,13.0,991.6,9,147.165,23.523,0.911,0.3005,1.036,258.159,27.182,0.0381,0.0727,4.821,136.412,0.00076,61.0,1.0347,113.344,0.218,0.017,0.57,22.1,,0,Copernicus CAMS via Open-Meteo,Multan_Autumn_Harvest_2023-09-25
Multan,Autumn_Harvest,9,34.0,53.0,5.8,991.3,8,132.767,3.518,-0.261,0.3158,0.927,32.973,6.364,0.0,0.1277,3.407,132.763,6e-05,14.0,0.919,2.287,0.157,-0.042,0.62,24.4,,0,Copernicus CAMS via Open-Meteo,Multan_Autumn_Harvest_2024-09-28
Multan,Autumn_Harvest,10,31.0,56.0,5.1,993.6,8,111.391,9.821,-0.425,0.3333,0.984,65.009,11.518,0.0,0.0723,4.175,109.059,0.00021,29.0,0.9967,8.732,0.138,-0.002,0.17,27.4,,0,Copernicus CAMS via Open-Meteo,Multan_Autumn_Harvest_2024-10-15
Multan,Autumn_Harvest,10,24.8,77.0,7.0,989.9,16,107.213,6.406,-0.068,0.3221,0.937,40.83,9.312,0.0,0.1228,2.841,107.059,0.00013,25.0,0.9394,5.798,0.117,-0.031,0.25,77.5,,2,Copernicus CAMS via Open-Meteo,Multan_Autumn_Harvest_2024-10-05
Multan,Winter_Peak,11,28.8,42.0,2.6,996.4,12,154.97,6.465,0.166,0.2833,1.027,58.65,9.716,0.0,0.0857,4.672,143.452,0.00011,24.0,1.0033,5.765,0.225,0.002,0.29,74.7,,1,Copernicus CAMS via Open-Meteo,Multan_Winter_Peak_2024-11-01
Multan,Autumn_Harvest,10,21.2,73.0,6.5,992.5,13,133.94,9.11,-0.091,0.3089,1.006,80.518,11.536,0.0,0.1085,3.673,125.057,0.00019,31.0,1.0678,8.329,0.199,0.033,0.33,79.9,,2,Copernicus CAMS via Open-Meteo,Multan_Autumn_Harvest_2023-10-05
Multan,Summer,5,17.1,68.0,4.8,990.8,1,90.164,17.407,-0.249,0.3468,0.844,38.101,24.33,0.0041,0.2589,1.628,90.164,0.00018,45.0,0.7475,39.489,0.037,-0.145,0.15,22.3,,0,Copernicus CAMS via Open-Meteo,Multan_Summer_2024-05-01
Multan,Autumn_Harvest,10,26.9,53.0,6.7,997.1,4,148.686,5.563,-0.224,0.3382,1.047,29.704,7.459,0.0,0.0947,4.194,134.662,6e-05,19.0,1.1041,3.437,0.239,0.049,0.64,85.9,,2,Copernicus CAMS via Open-Meteo,Multan_Autumn_Harvest_2024-10-22
Multan,Monsoon,7,32.4,61.0,10.0,985.2,1,127.521,12.774,1.079,0.2277,0.994,30.292,9.713,0.0007,0.1143,3.341,120.892,0.00013,37.0,1.0531,9.115,0.183,0.026,0.67,48.0,,1,Copernicus CAMS via Open-Meteo,Multan_Monsoon_2023-07-15
Multan,Monsoon,8,27.9,90.0,8.0,986.1,1,116.198,26.513,0.097,0.3057,0.956,84.101,26.692,0.0049,0.0963,4.152,115.675,0.00036,74.0,0.925,61.388,0.129,-0.039,0.38,25.6,,0,Copernicus CAMS via Open-Meteo,Multan_Monsoon_2024-08-05
Multan,Monsoon,8,37.4,43.0,10.2,988.7,1,130.725,4.447,0.327,0.3209,0.967,25.104,6.57,0.0,0.058,5.334,130.626,6e-05,19.0,0.946,2.552,0.162,-0.028,0.44,34.3,,0,Copernicus CAMS via Open-Meteo,Multan_Monsoon_2023-08-30
Multan,Summer,5,35.2,43.0,12.7,989.0,2,105.937,7.179,-0.267,0.3436,0.918,31.294,12.57,0.0,0.1323,2.667,105.937,0.0001,24.0,0.8709,9.857,0.097,-0.069,0.75,50.6,,1,Copernicus CAMS via Open-Meteo,Multan_Summer_2023-05-25
Multan,Winter_Peak,12,16.1,57.0,7.6,1004.0,13,72.011,13.693,0.056,0.3535,0.863,70.455,32.325,0.0695,0.2275,1.361,71.936,0.00051,49.0,0.8395,63.296,0.034,-0.087,0.21,99.2,,2,Copernicus CAMS via Open-Meteo,Multan_Winter_Peak_2023-12-20
Multan,Winter_Peak,11,14.8,86.0,1.2,1001.7,3,163.055,6.979,0.251,0.3036,1.045,84.973,11.721,0.0,0.0779,5.274,150.448,0.00015,23.0,1.0664,8.061,0.26,0.032,0.68,130.4,,2,Copernicus CAMS via Open-Meteo,Multan_Winter_Peak_2024-11-25
Multan,Monsoon,8,33.5,66.0,6.9,985.2,1,124.982,18.978,0.9,0.2349,0.946,72.159,24.194,0.012,0.1119,3.679,124.622,0.00026,57.0,0.9517,45.832,0.153,-0.025,0.56,40.3,,1,Copernicus CAMS via Open-Meteo,Multan_Monsoon_2023-08-05
Multan,Winter_Peak,11,22.0,79.0,6.3,1000.5,6,140.589,4.22,0.117,0.3247,0.936,17.272,6.094,0.0,0.1342,3.473,140.576,4e-05,15.0,0.9519,2.34,0.182,-0.025,0.85,88.0,,2,Copernicus CAMS via Open-Meteo,Multan_Winter_Peak_2023-11-05
Multan,Autumn_Harvest,9,27.4,76.0,6.3,990.7,5,154.934,24.696,0.896,0.3051,1.045,248.817,27.492,0.0372,0.1008,4.179,139.699,0.00069,63.0,1.109,129.244,0.254,0.052,0.53,32.6,,0,Copernicus CAMS via Open-Meteo,Multan_Autumn_Harvest_2023-09-25
Multan,Autumn_Harvest,9,36.6,44.0,6.8,988.4,9,146.572,3.645,-0.274,0.2991,0.906,14.042,5.138,0.0,0.1451,3.502,146.572,2e-05,16.0,0.8551,1.667,0.159,-0.078,0.5,30.2,,0,Copernicus CAMS via Open-Meteo,Multan_Autumn_Harvest_2024-09-28
Multan,Monsoon,7,32.2,62.0,7.9,987.0,1,119.223,10.606,0.044,0.3267,0.861,29.655,14.24,0.0,0.2141,2.272,119.223,8e-05,39.0,0.8195,14.966,0.102,-0.099,0.64,41.0,,1,Copernicus CAMS via Open-Meteo,Multan_Monsoon_2024-07-10
Multan,Summer,4,30.1,36.0,12.4,993.2,2,53.564,14.492,0.105,0.3268,0.67,74.941,19.477,0.0034,0.446,0.777,53.564,0.00048,60.0,0.5707,27.667,-0.054,-0.273,0.21,22.5,,0,Copernicus CAMS via Open-Meteo,Multan_Summer_2024-04-20
Multan,Monsoon,8,27.6,92.0,10.2,985.4,1,120.795,19.234,1.26,0.2212,0.972,70.299,16.842,0.0056,0.0704,4.563,120.02,0.00026,62.0,0.981,35.064,0.152,-0.01,0.66,44.5,,1,Copernicus CAMS via Open-Meteo,Multan_Monsoon_2024-08-12
Multan,Winter_Peak,11,24.6,44.0,2.6,1000.4,11,146.67,6.825,1.296,0.2078,0.934,35.6,10.242,0.0,0.1095,4.119,146.661,7e-05,24.0,0.9165,8.314,0.181,-0.044,0.42,29.2,,0,Copernicus CAMS via Open-Meteo,Multan_Winter_Peak_2023-11-30
Multan,Summer,6,29.5,37.0,6.5,986.1,1,100.368,11.093,0.11,0.3215,0.862,30.614,10.132,0.0,0.2127,1.978,100.368,0.0001,31.0,0.8241,6.689,0.075,-0.096,0.37,51.8,,1,Copernicus CAMS via Open-Meteo,Multan_Summer_2024-06-10
Multan,Winter_Peak,1,10.5,90.0,9.0,1003.6,7,50.231,1.86,0.006,0.245,0.989,32.205,5.473,0.0,0.0611,2.007,49.176,0.00049,4.0,0.9862,1.581,0.017,-0.007,1.09,125.7,,2,Copernicus CAMS via Open-Meteo,Multan_Winter_Peak_2024-01-05
Multan,Summer,6,30.6,59.0,22.2,984.6,1,114.356,15.661,-0.059,0.3454,0.859,88.278,21.896,0.0,0.2253,2.194,114.356,0.00021,42.0,0.8268,31.407,0.097,-0.095,0.33,18.7,,0,Copernicus CAMS via Open-Meteo,Multan_Summer_2023-06-15
Multan,Autumn_Harvest,10,20.8,67.0,6.3,996.8,8,135.314,5.523,-0.142,0.3125,1.014,44.755,8.511,0.0,0.048,5.809,130.031,0.00011,20.0,1.0361,4.332,0.195,0.018,0.34,61.0,,1,Copernicus CAMS via Open-Meteo,Multan_Autumn_Harvest_2024-10-22
Multan,Monsoon,8,36.8,47.0,9.0,985.5,1,115.322,5.888,0.257,0.2924,0.9,34.728,8.915,0.0,0.1565,2.633,115.322,9e-05,26.0,0.8668,5.432,0.111,-0.071,0.65,38.8,,1,Copernicus CAMS via Open-Meteo,Multan_Monsoon_2024-08-25
Multan,Monsoon,8,37.3,46.0,9.6,986.8,2,118.182,6.819,0.252,0.3133,0.984,75.082,11.183,0.0,0.0598,4.751,116.395,0.00022,24.25,0.9926,7.97,0.15,-0.004,0.7,44.8,,1,Copernicus CAMS via Open-Meteo,Multan_Monsoon_2023-08-20
Multan,Winter_Peak,12,17.2,73.0,3.9,999.2,5,108.214,6.668,0.191,0.2978,0.977,29.308,11.328,0.0,0.0657,4.13,106.712,0.00011,24.0,0.9806,8.972,0.128,-0.01,0.26,156.9,,3,Copernicus CAMS via Open-Meteo,Multan_Winter_Peak_2024-12-05
Multan,Summer,5,32.3,50.0,24.0,986.6,1,117.988,8.153,-0.311,0.3274,0.916,34.173,13.617,0.0,0.1315,2.978,117.988,9e-05,27.0,0.8817,11.762,0.12,-0.063,0.56,26.2,,0,Copernicus CAMS via Open-Meteo,Multan_Summer_2023-05-25
Multan,Monsoon,7,31.0,68.0,10.7,986.7,2,101.953,8.719,0.064,0.3207,0.918,14.566,10.974,0.0,0.1348,2.541,101.953,6e-05,29.0,0.8843,8.787,0.094,-0.061,0.6,40.6,,1,Copernicus CAMS via Open-Meteo,Multan_Monsoon_2024-07-10
Multan,Summer,6,35.0,41.0,4.4,987.1,1,89.141,14.652,-0.273,0.3202,0.839,23.537,12.042,0.0,0.2477,1.633,89.141,0.0001,37.0,0.7671,11.07,0.042,-0.132,0.32,20.1,,0,Copernicus CAMS via Open-Meteo,Multan_Summer_2023-06-05
Multan,Autumn_Harvest,9,35.3,49.0,3.5,991.0,12,149.019,3.828,-0.28,0.3569,0.961,21.239,5.597,0.0,0.0728,5.258,148.877,4e-05,15.0,0.9556,1.869,0.199,-0.023,0.6,25.3,,0,Copernicus CAMS via Open-Meteo,Multan_Autumn_Harvest_2024-09-28
Multan,Monsoon,8,32.5,59.0,10.8,989.2,0,118.084,4.587,0.203,0.286,0.975,63.231,8.8,0.0,0.0574,4.88,117.339,0.00018,17.0,0.9553,4.273,0.141,-0.023,0.32,40.6,,1,Copernicus CAMS via Open-Meteo,Multan_Monsoon_2023-08-30
Multan,Autumn_Harvest,10,32.8,60.0,11.4,993.4,9,105.292,6.732,-0.033,0.3326,0.994,67.489,10.071,0.0,0.0553,4.396,102.912,0.00025,23.0,1.0035,6.124,0.127,0.002,0.3,33.5,,0,Copernicus CAMS via Open-Meteo,Multan_Autumn_Harvest_2024-10-05
Multan,Monsoon,7,34.7,54.0,11.2,985.1,3,115.685,9.99,0.065,0.3272,0.867,44.812,14.319,0.0,0.2201,2.176,115.685,0.0001,37.0,0.849,14.376,0.106,-0.082,0.56,50.3,,1,Copernicus CAMS via Open-Meteo,Multan_Monsoon_2024-07-10
Multan,Monsoon,8,28.9,85.0,10.0,985.9,1,147.939,24.682,1.129,0.2323,0.973,135.224,22.394,0.0075,0.0641,5.928,147.157,0.00035,78.0,0.9744,62.34,0.202,-0.013,0.63,44.7,,1,Copernicus CAMS via Open-Meteo,Multan_Monsoon_2024-08-12
Multan,Autumn_Harvest,9,26.3,74.0,12.4,988.3,9,147.779,4.391,-0.197,0.356,0.954,56.966,8.094,0.0,0.0926,4.715,147.629,0.0001,15.0,0.9075,3.654,0.18,-0.049,0.75,29.0,,0,Copernicus CAMS via Open-Meteo,Multan_Autumn_Harvest_2024-09-28
Multan,Summer,5,34.4,42.0,13.8,987.0,0,121.237,7.898,-0.261,0.3225,0.889,23.065,14.221,0.0,0.1681,2.638,121.237,6e-05,27.0,0.8373,13.285,0.112,-0.089,0.66,32.8,,0,Copernicus CAMS via Open-Meteo,Multan_Summer_2023-05-25
Multan,Autumn_Harvest,9,31.4,56.0,7.0,988.2,7,97.175,17.413,0.141,0.3336,0.88,46.888,29.088,0.0094,0.192,2.026,97.173,0.00025,55.0,0.819,56.151,0.068,-0.099,0.52,45.4,,1,Copernicus CAMS via Open-Meteo,Multan_Autumn_Harvest_2023-09-15
Multan,Monsoon,7,32.1,72.0,9.7,987.9,3,195.889,7.973,-0.992,0.2468,0.995,35.576,10.654,0.0,0.0349,9.431,193.706,6e-05,29.0,0.9762,10.843,0.295,-0.012,0.87,38.5,,1,Copernicus CAMS via Open-Meteo,Multan_Monsoon_2023-07-25
Multan,Winter_Peak,12,11.3,95.0,6.8,1000.5,6,108.459,9.118,-0.434,0.3124,0.971,17.422,13.993,0.0,0.0667,4.218,107.802,7e-05,30.0,0.9598,13.351,0.124,-0.021,0.64,110.1,,2,Copernicus CAMS via Open-Meteo,Multan_Winter_Peak_2023-12-10
Multan,Summer,6,34.9,14.0,6.8,985.5,1,85.799,9.419,-0.007,0.3143,0.812,23.264,8.699,0.0,0.2738,1.451,85.799,0.0001,29.0,0.7298,5.242,0.026,-0.156,0.25,43.0,,1,Copernicus CAMS via Open-Meteo,Multan_Summer_2024-06-10
Multan,Summer,5,37.5,21.0,2.5,986.3,1,94.0,16.361,-0.225,0.3268,0.785,45.049,28.463,0.0051,0.3105,1.518,94.0,0.00017,48.0,0.6972,49.861,0.024,-0.178,0.5,38.6,,1,Copernicus CAMS via Open-Meteo,Multan_Summer_2024-05-18
Multan,Winter_Peak,12,6.9,92.0,8.8,1005.6,12,89.413,17.455,0.009,0.3528,0.937,72.983,33.429,0.0543,0.1255,2.461,88.93,0.00045,55.0,0.9047,70.209,0.077,-0.05,0.18,110.1,,2,Copernicus CAMS via Open-Meteo,Multan_Winter_Peak_2023-12-20
Multan,Autumn_Harvest,10,22.9,62.0,10.0,998.4,7,143.706,6.023,-0.063,0.346,1.007,61.799,9.491,0.0,0.0432,6.49,139.499,0.00013,21.0,1.0213,5.341,0.208,0.011,0.37,61.0,,1,Copernicus CAMS via Open-Meteo,Multan_Autumn_Harvest_2024-10-22
Multan,Monsoon,7,31.6,62.0,4.5,985.1,3,123.348,12.75,1.064,0.2237,0.951,54.344,11.212,0.0009,0.1147,3.423,122.651,0.00018,39.0,0.9673,13.052,0.154,-0.017,0.61,52.0,,1,Copernicus CAMS via Open-Meteo,Multan_Monsoon_2023-07-15
Multan,Autumn_Harvest,10,30.5,43.0,2.0,1002.2,12,131.768,6.151,0.097,0.3335,1.029,60.291,10.422,0.0,0.0621,4.968,124.069,0.00016,22.0,1.0508,6.594,0.191,0.025,0.57,54.1,,1,Copernicus CAMS via Open-Meteo,Multan_Autumn_Harvest_2023-10-25
Multan,Monsoon,7,32.2,72.0,8.2,985.5,0,166.778,7.64,-1.094,0.2603,1.028,72.669,11.81,0.0,0.0635,5.98,156.596,0.00013,24.0,1.0202,9.813,0.254,0.01,0.42,29.6,,0,Copernicus CAMS via Open-Meteo,Multan_Monsoon_2023-07-25
Multan,Winter_Peak,1,11.3,91.0,6.2,1004.1,8,50.676,2.566,0.014,0.3733,1.001,60.951,7.533,0.0,0.1111,1.45,47.619,0.00093,6.0,1.0508,2.99,0.024,0.025,0.66,145.8,,2,Copernicus CAMS via Open-Meteo,Multan_Winter_Peak_2024-01-15
Multan,Monsoon,8,28.7,91.0,3.9,987.8,3,126.902,20.959,1.139,0.2338,1.009,75.539,17.716,0.0076,0.0415,5.717,122.856,0.00032,63.0,1.0027,45.259,0.169,0.001,0.85,50.8,,1,Copernicus CAMS via Open-Meteo,Multan_Monsoon_2024-08-12
Multan,Summer,4,26.2,50.0,13.2,995.1,2,54.034,14.159,-0.027,0.3287,0.691,60.488,17.215,0.0013,0.4328,0.785,54.034,0.00044,56.0,0.5736,21.434,-0.053,-0.271,0.23,36.2,,1,Copernicus CAMS via Open-Meteo,Multan_Summer_2024-04-20
Multan,Monsoon,7,30.1,87.0,7.4,977.4,0,102.493,14.321,-0.084,0.3396,0.902,26.127,19.788,0.0,0.1699,2.322,102.493,0.00011,41.0,0.8873,25.178,0.095,-0.06,0.69,42.8,,1,Copernicus CAMS via Open-Meteo,Multan_Monsoon_2024-07-25
Multan,Monsoon,7,30.2,77.0,8.8,977.3,2,107.13,15.06,-0.105,0.3424,0.919,58.951,21.014,0.0002,0.1399,2.732,107.124,0.0002,42.0,0.8738,28.108,0.1,-0.067,0.67,35.7,,1,Copernicus CAMS via Open-Meteo,Multan_Monsoon_2024-07-25
Multan,Autumn_Harvest,10,27.4,47.0,7.7,994.2,6,121.399,5.097,0.204,0.3326,0.897,37.302,8.121,0.0,0.1759,2.6,121.399,9e-05,24.0,0.8222,4.172,0.107,-0.098,0.54,62.4,,1,Copernicus CAMS via Open-Meteo,Multan_Autumn_Harvest_2023-10-15
Multan,Autumn_Harvest,9,31.3,63.0,11.4,991.2,6,145.906,4.63,-0.195,0.2936,0.958,71.984,8.902,0.0,0.104,4.221,144.851,0.00012,16.0,0.9772,4.308,0.199,-0.012,0.71,41.6,,1,Copernicus CAMS via Open-Meteo,Multan_Autumn_Harvest_2024-09-28
Multan,Summer,5,18.2,55.0,6.2,990.3,0,96.357,17.78,-0.232,0.3247,0.859,91.841,27.352,0.0071,0.2166,1.992,96.356,0.00033,46.0,0.7996,45.791,0.062,-0.111,0.15,22.9,,0,Copernicus CAMS via Open-Meteo,Multan_Summer_2024-05-01
Multan,Summer,6,36.1,37.0,7.1,984.6,0,102.969,13.876,-0.024,0.3499,0.861,45.205,19.229,0.0,0.2245,1.932,102.969,0.00015,37.0,0.7782,23.765,0.064,-0.125,0.3,12.4,,0,Copernicus CAMS via Open-Meteo,Multan_Summer_2023-06-15
Multan,Winter_Peak,12,12.1,93.0,7.3,1001.0,4,117.45,9.86,-0.374,0.3255,0.986,39.172,15.161,0.0,0.0902,3.708,113.891,0.00013,32.0,0.9391,15.292,0.135,-0.031,0.64,136.0,,2,Copernicus CAMS via Open-Meteo,Multan_Winter_Peak_2023-12-10
Multan,Autumn_Harvest,10,34.8,41.0,14.7,990.3,3,129.96,7.401,-0.046,0.3315,1.0,26.594,9.42,0.0,0.0802,4.265,124.438,7e-05,26.0,1.041,6.154,0.185,0.02,0.32,21.8,,0,Copernicus CAMS via Open-Meteo,Multan_Autumn_Harvest_2024-10-05
Multan,Winter_Peak,1,9.9,93.0,9.1,1000.9,9,57.183,1.202,0.013,0.3922,1.018,14.729,3.687,0.0,0.0475,2.453,54.788,0.00019,3.0,1.0145,0.724,0.034,0.007,0.74,149.0,,2,Copernicus CAMS via Open-Meteo,Multan_Winter_Peak_2024-01-15
Multan,Winter_Peak,12,23.4,40.0,2.2,999.1,5,110.233,9.16,-0.337,0.3385,0.93,32.069,16.412,0.0,0.1202,2.997,110.193,0.0001,32.0,0.8891,17.494,0.109,-0.059,0.43,60.1,,1,Copernicus CAMS via Open-Meteo,Multan_Winter_Peak_2023-12-10
Multan,Winter_Peak,11,25.3,36.0,7.1,1002.7,8,146.641,3.834,-0.183,0.353,1.017,20.041,6.202,0.0,0.0437,6.553,140.725,4e-05,14.0,1.0407,2.328,0.219,0.02,1.06,94.1,,2,Copernicus CAMS via Open-Meteo,Multan_Winter_Peak_2023-11-20
Multan,Summer,6,37.9,33.0,12.0,984.1,1,98.73,13.678,-0.064,0.3491,0.853,85.04,19.332,0.0,0.2259,1.867,98.73,0.00026,37.0,0.7834,24.051,0.06,-0.121,0.4,20.4,,0,Copernicus CAMS via Open-Meteo,Multan_Summer_2023-06-15
Multan,Autumn_Harvest,9,31.5,52.0,9.8,991.1,4,141.316,22.617,0.889,0.306,1.004,237.495,26.309,0.0364,0.0474,6.026,137.113,0.00071,60.0,0.9859,112.257,0.193,-0.007,0.55,31.2,,0,Copernicus CAMS via Open-Meteo,Multan_Autumn_Harvest_2023-09-25
Multan,Winter_Peak,11,22.4,61.0,4.8,998.6,9,167.684,1.234,-0.003,0.2445,0.966,15.106,3.749,0.0,0.0648,6.166,167.684,2e-05,3.0,0.9352,0.744,0.226,-0.033,1.23,202.1,,3,Copernicus CAMS via Open-Meteo,Multan_Winter_Peak_2024-11-15
Multan,Autumn_Harvest,10,22.8,67.0,4.1,1000.6,12,137.742,6.025,0.095,0.3342,0.953,17.552,9.334,0.0,0.0795,4.627,137.717,4e-05,26.0,0.9382,5.938,0.172,-0.032,0.59,64.5,,1,Copernicus CAMS via Open-Meteo,Multan_Autumn_Harvest_2023-10-25
Multan,Autumn_Harvest,10,26.5,57.0,6.9,994.1,6,96.928,8.481,-0.431,0.3282,0.935,39.931,9.963,0.0,0.1107,2.851,96.813,0.00015,27.0,0.908,6.706,0.091,-0.048,0.13,44.7,,1,Copernicus CAMS via Open-Meteo,Multan_Autumn_Harvest_2024-10-15
Multan,Monsoon,8,30.9,65.0,8.1,986.0,0,127.688,6.719,0.225,0.2876,0.909,61.441,10.703,0.0,0.1528,2.966,127.676,0.00013,29.0,0.8928,7.383,0.14,-0.057,0.69,55.5,,1,Copernicus CAMS via Open-Meteo,Multan_Monsoon_2024-08-25
Multan,Monsoon,8,28.3,89.0,9.2,987.0,1,129.616,29.319,0.056,0.3088,0.941,81.485,29.737,0.0045,0.1083,4.316,129.576,0.00029,84.0,0.92,79.777,0.152,-0.042,0.32,26.7,,0,Copernicus CAMS via Open-Meteo,Multan_Monsoon_2024-08-05
Multan,Autumn_Harvest,9,37.5,39.0,5.1,985.2,4,88.331,11.931,-0.143,0.344,0.923,77.46,19.887,0.0009,0.1573,2.163,87.898,0.00036,36.0,0.9301,25.337,0.08,-0.036,0.43,27.5,,0,Copernicus CAMS via Open-Meteo,Multan_Autumn_Harvest_2024-09-10
Multan,Winter_Peak,1,8.7,98.0,3.4,1004.7,4,55.175,1.674,0.006,0.2099,1.001,26.495,4.986,0.0,0.0494,2.384,53.731,0.00035,4.0,1.0039,1.305,0.029,0.002,1.1,217.5,,3,Copernicus CAMS via Open-Meteo,Multan_Winter_Peak_2024-01-05
Multan,Autumn_Harvest,10,21.8,72.0,8.1,992.2,7,123.034,8.215,-0.123,0.2887,0.987,57.131,9.858,0.0,0.078,4.252,119.833,0.00016,28.0,1.0166,6.362,0.165,0.008,0.34,87.3,,2,Copernicus CAMS via Open-Meteo,Multan_Autumn_Harvest_2023-10-05
Multan,Autumn_Harvest,10,25.7,65.0,7.1,993.2,5,108.82,6.264,-0.042,0.3489,0.944,22.892,8.248,0.0,0.0952,3.322,108.767,8e-05,23.0,0.9295,4.618,0.117,-0.037,0.28,55.9,,1,Copernicus CAMS via Open-Meteo,Multan_Autumn_Harvest_2024-10-05
Multan,Winter_Peak,11,19.0,82.0,4.8,998.5,9,137.898,5.486,1.2,0.2764,0.972,25.054,6.578,0.0,0.0898,4.282,136.611,7e-05,16.0,0.9183,2.746,0.166,-0.043,0.77,95.0,,2,Copernicus CAMS via Open-Meteo,Multan_Winter_Peak_2023-11-05
Multan,Winter_Peak,11,19.1,64.0,5.0,1001.0,5,141.111,6.274,0.253,0.2859,1.054,83.717,10.888,0.0,0.1004,3.845,127.076,0.0002,20.0,1.0605,6.796,0.212,0.029,0.8,192.3,,3,Copernicus CAMS via Open-Meteo,Multan_Winter_Peak_2024-11-25
Multan,Monsoon,8,31.1,60.0,15.5,985.1,0,118.443,18.341,0.948,0.2363,0.892,103.094,25.723,0.012,0.1955,2.447,118.438,0.00032,58.0,0.889,47.497,0.123,-0.059,0.77,63.3,,1,Copernicus CAMS via Open-Meteo,Multan_Monsoon_2023-08-05
Multan,Winter_Peak,12,10.6,97.0,6.8,1000.0,7,108.802,9.506,-0.312,0.3318,0.983,84.426,16.893,0.0,0.0685,4.159,106.726,0.00029,30.0,0.9729,17.602,0.127,-0.014,0.59,95.7,,2,Copernicus CAMS via Open-Meteo,Multan_Winter_Peak_2023-12-10
Multan,Summer,5,31.6,15.0,7.0,989.7,2,99.279,19.223,-0.301,0.3578,0.809,42.348,27.627,0.0041,0.3059,1.63,99.279,0.00016,52.0,0.7001,49.496,0.031,-0.176,0.15,12.1,,0,Copernicus CAMS via Open-Meteo,Multan_Summer_2024-05-01
Multan,Winter_Peak,12,15.5,76.0,4.7,999.4,18,114.631,7.341,0.092,0.2894,1.002,28.235,11.328,0.0,0.0636,4.291,110.801,0.00011,25.0,0.9807,8.924,0.14,-0.01,0.27,204.9,,3,Copernicus CAMS via Open-Meteo,Multan_Winter_Peak_2024-12-05
Multan,Winter_Peak,12,16.3,73.0,5.0,999.3,7,130.477,8.588,0.116,0.3124,1.026,46.258,13.405,0.0,0.0682,4.886,122.453,0.00013,27.0,1.062,12.044,0.191,0.03,0.26,182.1,,3,Copernicus CAMS via Open-Meteo,Multan_Winter_Peak_2024-12-05
Multan,Winter_Peak,12,22.1,32.0,7.5,1003.5,7,72.983,14.313,0.013,0.3515,0.838,67.396,32.257,0.0604,0.2571,1.286,72.956,0.00046,52.0,0.8041,64.9,0.028,-0.109,0.21,43.8,,1,Copernicus CAMS via Open-Meteo,Multan_Winter_Peak_2023-12-20
Multan,Autumn_Harvest,10,22.1,83.0,7.9,997.3,8,127.052,5.389,0.181,0.3213,0.914,52.791,8.923,0.0,0.1338,3.201,127.051,0.00011,24.0,0.8748,4.885,0.133,-0.067,0.6,33.6,,0,Copernicus CAMS via Open-Meteo,Multan_Autumn_Harvest_2023-10-15
Multan,Winter_Peak,11,22.5,70.0,4.3,996.0,3,136.215,5.412,0.115,0.3312,1.033,15.135,6.449,0.0,0.0619,5.097,127.912,4e-05,21.0,1.0636,2.787,0.203,0.031,0.56,98.5,,2,Copernicus CAMS via Open-Meteo,Multan_Winter_Peak_2024-11-01
Multan,Monsoon,7,33.6,59.0,8.7,984.4,1,128.457,13.252,1.091,0.2062,0.935,42.483,10.596,0.0008,0.1203,3.509,128.448,0.00015,41.0,0.88,12.941,0.138,-0.064,0.6,47.0,,1,Copernicus CAMS via Open-Meteo,Multan_Monsoon_2023-07-15
Multan,Autumn_Harvest,9,26.3,74.0,12.4,988.3,6,134.73,3.909,-0.241,0.3354,0.939,34.052,6.496,0.0,0.0984,4.061,134.728,7e-05,15.0,0.9154,2.431,0.16,-0.044,0.75,29.0,,0,Copernicus CAMS via Open-Meteo,Multan_Autumn_Harvest_2024-09-28
Multan,Autumn_Harvest,9,27.8,74.0,14.2,988.0,8,148.505,3.896,-0.314,0.3108,0.964,30.973,6.33,0.0,0.1027,4.258,146.958,5e-05,15.0,0.9912,2.292,0.209,-0.004,0.85,28.1,,0,Copernicus CAMS via Open-Meteo,Multan_Autumn_Harvest_2024-09-28
Multan,Summer,5,33.9,14.0,10.7,977.2,1,76.494,19.47,-0.22,0.3378,0.784,100.543,34.707,0.0494,0.3278,1.235,76.494,0.00051,62.0,0.6829,80.421,0.0,-0.188,0.16,53.4,,1,Copernicus CAMS via Open-Meteo,Multan_Summer_2024-05-28
Multan,Autumn_Harvest,10,33.9,33.0,1.9,997.3,11,139.505,5.605,-0.037,0.3269,0.97,33.478,7.843,0.0,0.0598,5.589,139.323,7e-05,21.0,0.942,3.881,0.177,-0.03,0.39,33.8,,0,Copernicus CAMS via Open-Meteo,Multan_Autumn_Harvest_2024-10-22
Multan,Autumn_Harvest,9,35.2,37.0,5.8,988.8,9,108.637,6.095,0.55,0.2997,0.913,74.082,10.747,0.0,0.1375,2.72,108.636,0.00021,22.0,0.8709,7.259,0.101,-0.069,0.55,38.8,,1,Copernicus CAMS via Open-Meteo,Multan_Autumn_Harvest_2024-09-18
Multan,Monsoon,8,32.5,59.0,10.8,989.2,1,117.659,4.505,0.206,0.3269,0.989,58.36,8.567,0.0,0.0508,5.058,115.934,0.00017,17.0,0.97,4.039,0.144,-0.015,0.32,40.6,,1,Copernicus CAMS via Open-Meteo,Multan_Monsoon_2023-08-30
Multan,Autumn_Harvest,10,31.0,46.0,3.0,995.0,5,115.554,5.41,0.13,0.2984,0.945,78.52,9.83,0.0,0.095,3.671,115.45,0.00021,22.0,0.9148,5.581,0.125,-0.044,0.52,40.4,,1,Copernicus CAMS via Open-Meteo,Multan_Autumn_Harvest_2023-10-15
Multan,Summer,4,30.1,36.0,12.4,993.2,2,47.86,12.566,0.01,0.3177,0.642,43.422,16.804,0.0015,0.4736,0.688,47.86,0.00033,55.0,0.5451,22.665,-0.064,-0.294,0.21,22.5,,0,Copernicus CAMS via Open-Meteo,Multan_Summer_2024-04-20
Multan,Monsoon,8,27.5,82.0,4.6,989.9,0,121.132,4.18,0.277,0.2678,0.944,31.085,6.821,0.0,0.0892,3.885,121.13,8e-05,18.0,0.9168,2.676,0.136,-0.043,0.48,77.3,,2,Copernicus CAMS via Open-Meteo,Multan_Monsoon_2023-08-30
Multan,Summer,6,28.5,78.0,27.4,981.8,2,156.08,9.036,1.687,0.1493,0.977,37.244,9.576,0.0,0.0435,6.994,156.068,8e-05,28.0,0.9735,17.282,0.218,-0.013,1.08,81.7,,2,Copernicus CAMS via Open-Meteo,Multan_Summer_2024-06-20
Multan,Autumn_Harvest,9,39.0,37.0,12.3,989.2,10,86.582,15.703,0.09,0.3246,0.879,104.141,26.916,0.01,0.1951,1.828,86.557,0.00049,50.0,0.8367,47.001,0.057,-0.089,0.52,22.7,,0,Copernicus CAMS via Open-Meteo,Multan_Autumn_Harvest_2023-09-15
Multan,Winter_Peak,12,22.2,51.0,2.5,1000.1,8,121.595,7.513,0.255,0.283,1.013,28.193,12.031,0.0,0.0567,4.85,116.596,9e-05,26.0,1.0069,10.253,0.16,0.003,0.24,47.0,,1,Copernicus CAMS via Open-Meteo,Multan_Winter_Peak_2024-12-05
Multan,Summer,6,31.7,47.0,7.6,987.3,2,83.732,13.99,-0.176,0.3135,0.844,33.97,11.555,0.0,0.2428,1.558,83.732,0.00015,35.0,0.7718,10.164,0.036,-0.129,0.3,23.5,,0,Copernicus CAMS via Open-Meteo,Multan_Summer_2023-06-05
Multan,Autumn_Harvest,10,21.1,67.0,8.4,996.5,8,130.618,5.04,-0.106,0.3215,1.024,13.15,6.135,0.0,0.0813,4.059,121.08,4e-05,18.0,1.0787,2.488,0.195,0.038,0.33,60.8,,1,Copernicus CAMS via Open-Meteo,Multan_Autumn_Harvest_2024-10-22
Multan,Monsoon,7,32.2,68.0,7.0,977.7,1,94.283,13.043,-0.106,0.3446,0.864,28.699,19.813,0.0001,0.2351,1.744,94.283,0.00012,39.0,0.8554,24.304,0.074,-0.078,0.55,30.3,,0,Copernicus CAMS via Open-Meteo,Multan_Monsoon_2024-07-25
Multan,Monsoon,8,28.9,88.0,8.0,987.1,3,118.389,25.814,0.035,0.3042,0.904,81.427,31.519,0.0064,0.1922,2.541,118.364,0.00028,79.0,0.9158,83.182,0.131,-0.044,0.36,27.6,,0,Copernicus CAMS via Open-Meteo,Multan_Monsoon_2024-08-05
Multan,Monsoon,8,31.2,74.0,9.7,989.3,0,119.576,7.0,0.456,0.2784,0.955,51.837,10.74,0.0,0.0879,3.944,119.428,0.00015,27.0,0.9131,7.825,0.132,-0.045,0.9,63.1,,1,Copernicus CAMS via Open-Meteo,Multan_Monsoon_2023-08-20
Multan,Summer,5,29.3,29.0,10.0,988.5,0,92.809,16.824,-0.224,0.3341,0.826,97.865,27.687,0.0055,0.262,1.655,92.809,0.00034,47.0,0.7491,45.965,0.041,-0.143,0.38,38.6,,1,Copernicus CAMS via Open-Meteo,Multan_Summer_2024-05-18
Multan,Winter_Peak,1,6.1,99.0,7.1,1002.7,3,44.392,1.305,-0.011,0.1922,1.006,16.552,3.936,0.0,0.0485,1.93,43.017,0.00034,2.0,1.0101,0.818,0.008,0.005,0.85,252.4,,3,Copernicus CAMS via Open-Meteo,Multan_Winter_Peak_2024-01-05
Multan,Autumn_Harvest,9,25.7,81.0,4.7,989.7,10,132.739,6.672,0.75,0.2734,0.999,16.761,7.986,0.0,0.0299,6.888,130.747,4e-05,22.0,1.0011,4.612,0.181,0.001,0.42,65.2,,1,Copernicus CAMS via Open-Meteo,Multan_Autumn_Harvest_2024-09-18
Multan,Autumn_Harvest,9,33.5,49.0,11.5,991.0,7,148.343,23.809,0.955,0.2928,0.962,325.87,30.409,0.0373,0.0938,4.639,147.578,0.00076,68.0,0.979,148.674,0.205,-0.011,0.57,22.6,,0,Copernicus CAMS via Open-Meteo,Multan_Autumn_Harvest_2023-09-25
Multan,Winter_Peak,12,19.1,60.0,5.8,999.2,9,102.889,8.633,-0.361,0.3169,0.952,27.332,14.469,0.0,0.0989,3.169,102.417,0.0001,29.0,0.9516,13.778,0.111,-0.025,0.33,86.6,,2,Copernicus CAMS via Open-Meteo,Multan_Winter_Peak_2023-12-10
Multan,Summer,6,32.3,50.0,5.8,984.9,3,114.758,15.68,-0.093,0.3612,0.874,21.946,19.061,0.0,0.209,2.295,114.758,7e-05,41.0,0.8514,25.146,0.106,-0.08,0.3,21.5,,0,Copernicus CAMS via Open-Meteo,Multan_Summer_2023-06-15
Multan,Autumn_Harvest,9,37.6,37.0,5.1,984.5,6,96.496,12.665,-0.123,0.3549,0.933,30.52,19.915,0.0005,0.1213,2.722,96.297,0.00015,38.0,0.9146,26.043,0.092,-0.045,0.44,27.1,,0,Copernicus CAMS via Open-Meteo,Multan_Autumn_Harvest_2024-09-10
Multan,Monsoon,7,37.0,45.0,10.4,984.8,0,125.037,11.418,0.022,0.3259,0.891,51.596,15.847,0.0,0.1728,2.704,125.037,0.00012,40.0,0.8542,17.365,0.123,-0.079,0.66,40.0,,1,Copernicus CAMS via Open-Meteo,Multan_Monsoon_2024-07-10
Multan,Autumn_Harvest,9,30.2,63.0,7.7,988.7,7,128.182,3.937,-0.194,0.2814,0.94,56.966,7.914,0.0,0.118,3.47,128.033,0.00012,14.0,0.9431,3.426,0.156,-0.029,0.86,40.3,,1,Copernicus CAMS via Open-Meteo,Multan_Autumn_Harvest_2024-09-28
Multan,Summer,5,45.1,9.0,14.9,979.4,2,69.563,17.957,-0.24,0.3525,0.752,71.995,32.226,0.0484,0.3934,1.038,69.563,0.00044,59.0,0.6148,72.805,-0.029,-0.239,0.32,35.5,,1,Copernicus CAMS via Open-Meteo,Multan_Summer_2024-05-28
Multan,Summer,6,41.5,17.0,6.2,987.4,2,98.199,10.739,0.023,0.317,0.868,15.042,8.689,0.0,0.2166,1.882,98.199,7e-05,31.0,0.7845,5.234,0.06,-0.121,0.41,30.5,,0,Copernicus CAMS via Open-Meteo,Multan_Summer_2024-06-10
Multan,Winter_Peak,1,6.7,98.0,1.1,1004.9,13,48.988,2.38,0.004,0.2593,0.976,52.502,7.029,0.0,0.0975,1.554,47.649,0.00081,6.0,0.9966,2.588,0.016,-0.002,1.3,200.7,,3,Copernicus CAMS via Open-Meteo,Multan_Winter_Peak_2024-01-05
Multan,Autumn_Harvest,10,26.6,62.0,9.2,990.8,6,122.007,8.383,-0.183,0.3007,1.011,71.694,10.695,0.0,0.066,4.584,116.38,0.00021,29.0,1.0388,7.136,0.168,0.019,0.36,71.7,,1,Copernicus CAMS via Open-Meteo,Multan_Autumn_Harvest_2023-10-05
Multan,Summer,5,31.6,15.0,7.0,989.7,1,89.967,16.61,-0.216,0.322,0.845,60.35,24.929,0.0046,0.2328,1.767,89.967,0.00025,44.0,0.7888,38.447,0.049,-0.118,0.15,12.1,,0,Copernicus CAMS via Open-Meteo,Multan_Summer_2024-05-01
Multan,Autumn_Harvest,10,27.8,50.0,4.6,994.3,7,112.816,7.488,-0.16,0.3161,0.93,16.326,7.574,0.0,0.1118,3.138,112.813,5e-05,29.0,0.9006,4.404,0.117,-0.052,0.32,56.7,,1,Copernicus CAMS via Open-Meteo,Multan_Autumn_Harvest_2023-10-05
Multan,Winter_Peak,11,22.3,72.0,7.8,996.4,6,135.623,5.872,0.089,0.3088,0.98,58.826,9.24,0.0,0.0501,5.835,134.65,0.00013,23.0,0.979,4.998,0.18,-0.011,0.65,102.4,,2,Copernicus CAMS via Open-Meteo,Multan_Winter_Peak_2024-11-01
Multan,Summer,6,35.3,47.0,19.9,981.7,0,148.428,9.351,1.329,0.1581,0.991,98.829,13.534,0.0,0.0406,6.968,146.719,0.00021,29.0,0.9754,19.271,0.204,-0.012,0.79,45.8,,1,Copernicus CAMS via Open-Meteo,Multan_Summer_2024-06-20
Multan,Autumn_Harvest,9,36.2,43.0,9.4,987.6,5,100.181,13.308,-0.268,0.368,0.946,73.338,19.957,0.0,0.1135,3.033,99.579,0.00029,40.0,0.9408,26.647,0.104,-0.03,0.43,30.7,,0,Copernicus CAMS via Open-Meteo,Multan_Autumn_Harvest_2024-09-10
Multan,Summer,5,37.5,21.0,2.5,986.3,1,84.076,15.006,-0.231,0.3437,0.782,60.314,25.803,0.0044,0.3419,1.301,84.076,0.00025,44.0,0.6623,40.663,0.001,-0.203,0.5,38.6,,1,Copernicus CAMS via Open-Meteo,Multan_Summer_2024-05-18
Multan,Winter_Peak,11,27.1,55.0,3.5,1001.5,8,134.669,5.159,1.089,0.2575,0.957,30.1,6.87,0.0,0.1112,3.711,134.073,7e-05,16.0,0.9853,2.846,0.18,-0.007,0.83,79.6,,2,Copernicus CAMS via Open-Meteo,Multan_Winter_Peak_2023-11-05
Multan,Summer,5,43.2,17.0,11.0,988.4,1,80.88,14.974,-0.305,0.3537,0.793,102.225,25.288,0.0042,0.3039,1.333,80.88,0.0004,43.0,0.7074,38.843,0.013,-0.171,0.42,27.4,,0,Copernicus CAMS via Open-Meteo,Multan_Summer_2024-05-18
Multan,Winter_Peak,12,15.6,68.0,6.2,1003.4,9,149.903,12.625,0.877,0.2248,0.984,92.796,14.105,0.0117,0.1089,4.111,144.495,0.0002,51.0,1.0344,20.548,0.224,0.017,0.63,73.3,,1,Copernicus CAMS via Open-Meteo,Multan_Winter_Peak_2023-12-01
Multan,Summer,5,18.2,55.0,6.2,990.3,1,78.095,14.642,-0.249,0.3318,0.788,39.97,23.792,0.0065,0.3049,1.289,78.095,0.0002,41.0,0.7046,34.794,0.009,-0.173,0.15,22.9,,0,Copernicus CAMS via Open-Meteo,Multan_Summer_2024-05-01
Multan,Autumn_Harvest,10,25.0,63.0,7.9,990.8,7,109.016,7.386,-0.099,0.3138,0.934,53.727,9.485,0.0,0.1158,3.015,108.947,0.00016,26.0,0.9234,5.648,0.116,-0.04,0.38,86.4,,2,Copernicus CAMS via Open-Meteo,Multan_Autumn_Harvest_2023-10-05
Multan,Monsoon,8,29.6,77.0,4.7,988.1,1,98.956,5.932,0.668,0.3159,0.943,30.362,8.819,0.0,0.0943,3.082,98.939,0.00013,23.0,0.9229,5.426,0.098,-0.04,0.78,69.4,,1,Copernicus CAMS via Open-Meteo,Multan_Monsoon_2023-08-20
Multan,Monsoon,8,36.6,52.0,15.3,984.4,0,108.133,16.838,0.865,0.2262,0.927,57.606,21.073,0.011,0.1224,3.029,108.123,0.00027,53.0,0.8866,34.167,0.105,-0.06,0.7,38.4,,1,Copernicus CAMS via Open-Meteo,Multan_Monsoon_2023-08-05
Multan,Monsoon,8,28.0,89.0,6.3,986.3,0,135.841,29.618,0.047,0.3062,0.98,123.885,33.533,0.0067,0.1444,3.303,128.919,0.00036,83.0,1.042,90.847,0.197,0.021,0.33,25.7,,0,Copernicus CAMS via Open-Meteo,Multan_Monsoon_2024-08-05
Multan,Summer,6,42.2,12.0,4.8,984.9,0,92.415,10.756,0.047,0.3177,0.881,76.192,11.505,0.0,0.1897,1.952,92.412,0.00028,29.0,0.8165,7.758,0.06,-0.101,0.38,22.5,,0,Copernicus CAMS via Open-Meteo,Multan_Summer_2024-06-10
Multan,Summer,5,35.0,14.0,9.7,977.4,2,71.328,18.635,-0.272,0.3609,0.753,74.522,34.328,0.0506,0.3694,1.088,71.328,0.00046,62.0,0.6401,77.64,-0.019,-0.219,0.18,41.2,,1,Copernicus CAMS via Open-Meteo,Multan_Summer_2024-05-28
Multan,Monsoon,8,31.1,60.0,15.5,985.1,2,99.142,15.272,0.852,0.241,0.925,47.988,19.636,0.0122,0.1263,2.741,99.135,0.00026,47.0,0.9027,29.657,0.093,-0.051,0.77,63.3,,1,Copernicus CAMS via Open-Meteo,Multan_Monsoon_2023-08-05
Multan,Autumn_Harvest,10,29.1,72.0,7.6,992.3,5,103.631,6.058,-0.066,0.3387,0.957,20.37,8.007,0.0,0.0767,3.628,103.564,8e-05,22.0,0.9289,4.392,0.108,-0.037,0.26,55.3,,1,Copernicus CAMS via Open-Meteo,Multan_Autumn_Harvest_2024-10-05
Multan,Autumn_Harvest,9,28.4,67.0,3.5,991.1,6,127.489,6.556,0.837,0.2993,0.963,27.079,8.117,0.0,0.1246,3.263,125.433,7e-05,22.0,1.0081,4.723,0.172,0.004,0.44,72.9,,1,Copernicus CAMS via Open-Meteo,Multan_Autumn_Harvest_2024-09-18
Multan,Summer,5,28.9,58.0,17.1,987.0,4,113.199,7.754,-0.234,0.3176,0.94,49.502,13.561,0.0,0.1013,3.371,113.193,0.00014,25.0,0.9176,11.417,0.122,-0.043,0.44,27.3,,0,Copernicus CAMS via Open-Meteo,Multan_Summer_2023-05-25
Multan,Winter_Peak,12,15.8,77.0,2.9,1001.1,9,108.842,6.939,0.187,0.2809,1.004,33.584,11.551,0.0,0.0536,4.524,105.491,0.00013,24.0,0.9963,9.116,0.133,-0.002,0.22,78.2,,2,Copernicus CAMS via Open-Meteo,Multan_Winter_Peak_2024-12-05
Multan,Summer,5,32.3,22.0,9.2,979.4,0,78.518,20.219,-0.307,0.3618,0.792,91.949,35.009,0.0462,0.3153,1.289,78.518,0.00048,64.0,0.6962,82.184,0.007,-0.179,0.17,36.1,,1,Copernicus CAMS via Open-Meteo,Multan_Summer_2024-05-28
Multan,Autumn_Harvest,9,38.0,42.0,9.8,990.3,7,90.797,16.411,0.15,0.3162,0.905,63.7,27.305,0.0101,0.1649,2.091,90.731,0.00035,50.0,0.844,46.901,0.065,-0.085,0.49,30.4,,0,Copernicus CAMS via Open-Meteo,Multan_Autumn_Harvest_2023-09-15
Multan,Autumn_Harvest,9,33.3,51.0,13.0,991.6,4,150.768,24.156,0.86,0.3074,0.954,383.848,32.636,0.0388,0.0824,5.04,150.704,0.00084,70.0,0.9428,161.885,0.198,-0.029,0.57,22.1,,0,Copernicus CAMS via Open-Meteo,Multan_Autumn_Harvest_2023-09-25
Multan,Winter_Peak,1,16.1,65.0,2.3,1003.3,8,51.035,2.386,0.005,0.2682,0.989,52.863,6.982,0.0,0.0859,1.72,49.286,0.0008,5.0,0.9596,2.587,0.016,-0.021,1.19,123.9,,2,Copernicus CAMS via Open-Meteo,Multan_Winter_Peak_2024-01-05
Multan,Summer,6,34.8,47.0,25.3,986.3,3,94.226,12.801,-0.032,0.3442,0.79,68.175,20.319,0.0,0.3001,1.53,94.226,0.00019,38.0,0.7107,26.583,0.03,-0.169,0.36,22.3,,0,Copernicus CAMS via Open-Meteo,Multan_Summer_2023-06-15
Multan,Winter_Peak,12,19.5,63.0,7.4,1003.1,7,149.752,12.825,0.825,0.2272,1.011,112.985,14.708,0.0129,0.0803,4.818,141.643,0.00026,48.0,0.9786,20.7,0.207,-0.011,0.67,79.2,,2,Copernicus CAMS via Open-Meteo,Multan_Winter_Peak_2023-12-01
Multan,Monsoon,8,34.0,56.0,9.7,989.4,0,111.282,4.214,0.261,0.2822,0.94,50.084,8.066,0.0,0.0982,3.42,111.269,0.00014,17.0,0.9115,3.606,0.117,-0.046,0.34,32.1,,0,Copernicus CAMS via Open-Meteo,Multan_Monsoon_2023-08-30
Multan,Monsoon,7,36.1,52.0,8.0,983.3,0,130.99,13.126,1.024,0.2282,0.932,89.357,12.938,0.0007,0.1121,3.768,130.957,0.00022,41.0,0.9016,13.971,0.149,-0.052,0.61,37.3,,1,Copernicus CAMS via Open-Meteo,Multan_Monsoon_2023-07-15
Multan,Monsoon,8,29.4,86.0,7.3,986.2,2,124.936,20.779,1.118,0.2335,1.008,112.553,18.89,0.0074,0.0557,4.986,120.147,0.00042,62.0,0.9949,45.654,0.164,-0.003,0.95,50.1,,1,Copernicus CAMS via Open-Meteo,Multan_Monsoon_2024-08-12
Multan,Winter_Peak,11,22.2,73.0,6.5,996.2,10,147.907,6.189,0.202,0.2693,1.006,59.406,9.687,0.0,0.0491,6.348,143.111,0.00011,23.0,1.0278,5.649,0.218,0.014,0.61,100.1,,2,Copernicus CAMS via Open-Meteo,Multan_Winter_Peak_2024-11-01
Multan,Autumn_Harvest,10,25.7,65.0,7.1,993.2,3,125.705,7.757,-0.085,0.3338,0.952,73.81,11.284,0.0,0.0882,4.136,125.541,0.00018,28.0,0.9175,7.835,0.144,-0.043,0.28,55.9,,1,Copernicus CAMS via Open-Meteo,Multan_Autumn_Harvest_2024-10-05
Multan,Autumn_Harvest,9,37.4,40.0,5.8,986.4,10,107.041,13.964,-0.18,0.3385,0.943,41.552,20.399,0.0,0.1409,2.794,106.006,0.00016,42.0,0.968,28.878,0.123,-0.016,0.42,28.2,,0,Copernicus CAMS via Open-Meteo,Multan_Autumn_Harvest_2024-09-10
Multan,Autumn_Harvest,10,23.5,55.0,5.1,995.6,5,98.59,8.888,-0.405,0.3179,0.907,81.458,12.165,0.0,0.1558,2.343,98.564,0.00027,28.0,0.8494,9.548,0.079,-0.081,0.2,46.3,,1,Copernicus CAMS via Open-Meteo,Multan_Autumn_Harvest_2024-10-15
Multan,Monsoon,7,34.8,55.0,12.3,977.9,2,116.118,16.283,-0.097,0.3309,0.939,84.879,22.635,0.0004,0.1136,3.426,115.985,0.00025,43.0,0.9013,31.161,0.123,-0.052,0.52,43.0,,1,Copernicus CAMS via Open-Meteo,Multan_Monsoon_2024-07-25
Multan,Autumn_Harvest,9,28.1,71.0,6.3,989.2,9,158.095,25.062,0.944,0.3001,1.05,242.024,26.371,0.0376,0.0969,4.328,143.047,0.00067,64.0,1.1052,129.799,0.259,0.05,0.61,50.6,,1,Copernicus CAMS via Open-Meteo,Multan_Autumn_Harvest_2023-09-25
Multan,Autumn_Harvest,10,23.8,64.0,6.4,998.1,9,147.188,5.93,-0.109,0.3195,1.01,45.815,8.572,0.0,0.066,5.31,140.187,9e-05,21.0,1.0484,4.464,0.222,0.024,0.58,120.6,,2,Copernicus CAMS via Open-Meteo,Multan_Autumn_Harvest_2024-10-22
Multan,Autumn_Harvest,10,23.8,64.0,6.4,998.1,9,132.061,5.416,-0.079,0.3527,1.02,46.688,8.302,0.0,0.0765,4.367,123.633,0.00012,19.0,1.0675,4.096,0.195,0.033,0.58,120.6,,2,Copernicus CAMS via Open-Meteo,Multan_Autumn_Harvest_2024-10-22
Multan,Summer,5,40.3,21.0,9.8,989.7,0,99.65,18.113,-0.309,0.3617,0.793,63.227,28.889,0.0035,0.3178,1.591,99.65,0.0002,52.0,0.6873,53.356,0.027,-0.185,0.34,30.4,,0,Copernicus CAMS via Open-Meteo,Multan_Summer_2024-05-18
Multan,Winter_Peak,12,11.3,79.0,10.7,1004.2,3,76.597,15.081,0.017,0.345,0.857,124.975,33.999,0.0628,0.2302,1.444,76.563,0.00071,52.0,0.7821,70.17,0.028,-0.122,0.19,128.5,,2,Copernicus CAMS via Open-Meteo,Multan_Winter_Peak_2023-12-20
Multan,Winter_Peak,12,14.0,70.0,5.8,999.3,3,122.199,7.775,0.113,0.2789,0.967,26.04,12.388,0.0,0.088,3.922,120.692,8e-05,28.0,0.9803,10.983,0.155,-0.01,0.19,82.0,,2,Copernicus CAMS via Open-Meteo,Multan_Winter_Peak_2024-12-05
Multan,Winter_Peak,12,10.6,80.0,11.0,1003.9,11,89.534,17.116,0.056,0.3385,0.937,130.967,36.553,0.0754,0.1302,2.48,88.803,0.00069,54.0,0.9181,78.399,0.08,-0.043,0.17,122.0,,2,Copernicus CAMS via Open-Meteo,Multan_Winter_Peak_2023-12-20
Multan,Monsoon,8,30.1,72.0,7.4,988.0,0,130.36,6.945,0.207,0.3202,0.945,71.631,10.953,0.0,0.0976,4.007,130.146,0.00016,28.0,0.9325,7.507,0.157,-0.035,0.6,57.6,,1,Copernicus CAMS via Open-Meteo,Multan_Monsoon_2024-08-25
Multan,Monsoon,8,34.7,58.0,7.7,987.6,0,115.107,6.886,0.365,0.3026,0.927,51.721,10.484,0.0,0.1208,3.108,115.105,0.00015,27.0,0.8813,7.444,0.115,-0.063,0.61,53.9,,1,Copernicus CAMS via Open-Meteo,Multan_Monsoon_2023-08-20
Multan,Winter_Peak,11,22.3,61.0,0.7,1003.3,13,142.714,7.144,1.434,0.2064,0.962,40.117,10.356,0.0,0.0801,4.785,142.256,9e-05,25.0,0.966,8.198,0.19,-0.017,0.58,95.0,,2,Copernicus CAMS via Open-Meteo,Multan_Winter_Peak_2023-11-30
Multan,Monsoon,8,27.2,92.0,10.9,986.1,2,131.295,21.845,1.144,0.2336,0.99,73.245,17.566,0.0064,0.0593,5.366,128.94,0.00027,67.0,1.0103,43.421,0.18,0.005,0.78,43.3,,1,Copernicus CAMS via Open-Meteo,Multan_Monsoon_2024-08-12
Multan,Monsoon,7,40.2,40.0,5.0,975.3,0,112.704,15.79,-0.084,0.3379,0.861,43.313,23.166,0.0,0.2281,2.125,112.704,0.00012,47.0,0.8387,34.404,0.098,-0.088,0.6,36.9,,1,Copernicus CAMS via Open-Meteo,Multan_Monsoon_2024-07-25
Multan,Monsoon,7,29.3,86.0,11.0,987.7,1,165.489,6.181,-0.559,0.2436,1.009,54.997,10.55,0.0,0.0391,7.603,160.547,9e-05,20.0,0.9971,8.318,0.244,-0.001,0.76,38.3,,1,Copernicus CAMS via Open-Meteo,Multan_Monsoon_2023-07-25
Multan,Monsoon,8,31.5,78.0,4.0,984.8,0,120.05,26.403,0.071,0.3029,0.902,82.749,29.851,0.005,0.1803,2.691,120.043,0.0003,81.0,0.8956,79.662,0.128,-0.055,0.73,59.3,,1,Copernicus CAMS via Open-Meteo,Multan_Monsoon_2024-08-05
Multan,Winter_Peak,11,23.8,52.0,2.2,998.3,5,183.667,1.629,0.001,0.3013,0.963,25.273,4.847,0.0,0.0779,6.152,183.663,3e-05,3.0,0.9695,1.244,0.269,-0.015,1.19,182.5,,3,Copernicus CAMS via Open-Meteo,Multan_Winter_Peak_2024-11-15
Multan,Summer,6,29.4,45.0,11.6,989.0,1,89.017,14.66,-0.28,0.3219,0.826,49.111,13.428,0.0,0.2677,1.587,89.017,0.00017,37.0,0.7815,13.067,0.046,-0.123,0.28,48.7,,1,Copernicus CAMS via Open-Meteo,Multan_Summer_2023-06-05
Multan,Summer,6,30.6,42.0,6.2,987.7,0,95.137,10.746,0.097,0.3073,0.799,30.355,10.621,0.0,0.2857,1.582,95.137,9e-05,34.0,0.7298,7.326,0.037,-0.156,0.41,61.7,,1,Copernicus CAMS via Open-Meteo,Multan_Summer_2024-06-10
Multan,Autumn_Harvest,9,30.0,60.0,5.8,986.6,8,101.837,13.515,-0.145,0.3511,0.934,63.268,21.276,0.0004,0.1247,2.771,101.547,0.00026,40.0,0.8908,29.461,0.095,-0.058,0.65,60.1,,1,Copernicus CAMS via Open-Meteo,Multan_Autumn_Harvest_2024-09-10
Multan,Summer,6,24.7,68.0,8.2,989.8,1,103.165,17.098,-0.279,0.3299,0.839,21.799,13.261,0.0,0.2638,1.804,103.165,7e-05,42.0,0.743,13.795,0.052,-0.147,0.7,35.9,,1,Copernicus CAMS via Open-Meteo,Multan_Summer_2023-06-05
Multan,Monsoon,8,27.8,92.0,9.3,986.7,1,106.727,24.317,0.09,0.3126,0.909,66.398,26.065,0.0047,0.17,2.53,106.713,0.00032,73.0,0.9019,60.168,0.107,-0.052,0.34,24.2,,0,Copernicus CAMS via Open-Meteo,Multan_Monsoon_2024-08-05
Multan,Summer,5,30.6,25.0,7.2,988.4,1,98.333,17.398,-0.259,0.3353,0.848,49.468,26.915,0.0037,0.2333,1.865,98.333,0.00019,47.0,0.7758,45.12,0.057,-0.126,0.27,51.8,,1,Copernicus CAMS via Open-Meteo,Multan_Summer_2024-05-18
Multan,Winter_Peak,12,23.4,40.0,2.2,999.1,6,109.844,9.3,-0.302,0.3212,0.911,78.397,18.041,0.0001,0.1461,2.671,109.816,0.00022,33.0,0.8658,19.943,0.102,-0.072,0.43,60.1,,1,Copernicus CAMS via Open-Meteo,Multan_Winter_Peak_2023-12-10
Multan,Summer,5,33.9,14.0,10.7,977.2,0,79.14,20.567,-0.3,0.3573,0.786,130.805,36.268,0.0488,0.3194,1.296,79.14,0.00062,66.0,0.6938,88.551,0.007,-0.181,0.16,53.4,,1,Copernicus CAMS via Open-Meteo,Multan_Summer_2024-05-28
Multan,Winter_Peak,1,12.2,83.0,4.4,1005.7,11,56.066,1.074,-0.009,0.338,1.048,11.9,3.295,0.0,0.0957,1.556,50.711,0.00017,2.0,1.0453,0.581,0.035,0.022,1.17,168.6,,3,Copernicus CAMS via Open-Meteo,Multan_Winter_Peak_2024-01-05
Multan,Summer,6,35.0,41.0,4.4,987.1,1,98.656,16.473,-0.224,0.3272,0.809,41.106,13.759,0.0,0.297,1.626,98.656,0.00012,43.0,0.7105,14.506,0.035,-0.169,0.32,20.1,,0,Copernicus CAMS via Open-Meteo,Multan_Summer_2023-06-05
Multan,Summer,5,46.3,8.0,11.5,977.4,0,73.627,19.315,-0.312,0.3557,0.79,105.348,32.764,0.0485,0.336,1.173,73.627,0.00058,60.0,0.6735,73.485,-0.006,-0.195,0.37,29.4,,0,Copernicus CAMS via Open-Meteo,Multan_Summer_2024-05-28
Multan,Monsoon,8,33.5,60.0,9.5,988.6,1,115.125,6.21,0.204,0.2941,0.902,74.335,10.778,0.0,0.1579,2.659,115.124,0.00018,26.0,0.8436,7.221,0.104,-0.085,0.56,42.5,,1,Copernicus CAMS via Open-Meteo,Multan_Monsoon_2024-08-25
Multan,Autumn_Harvest,10,33.5,43.0,4.1,990.9,8,125.128,7.302,-0.051,0.3392,0.998,34.546,9.613,0.0,0.0455,5.569,122.43,0.0001,25.0,0.9838,6.217,0.161,-0.008,0.26,27.2,,0,Copernicus CAMS via Open-Meteo,Multan_Autumn_Harvest_2024-10-05
Multan,Monsoon,7,31.7,66.0,13.5,987.3,0,118.395,10.296,0.117,0.3179,0.903,26.519,13.525,0.0,0.1644,2.628,118.395,8e-05,36.0,0.8358,13.285,0.107,-0.089,0.59,36.8,,1,Copernicus CAMS via Open-Meteo,Multan_Monsoon_2024-07-10
Multan,Autumn_Harvest,9,33.7,47.0,11.2,990.3,11,141.967,22.658,0.912,0.3001,1.029,238.589,26.358,0.0387,0.0557,5.408,133.988,0.00075,59.0,1.0341,116.214,0.208,0.017,0.55,22.9,,0,Copernicus CAMS via Open-Meteo,Multan_Autumn_Harvest_2023-09-25
Multan,Winter_Peak,11,15.4,73.0,8.8,1003.7,6,169.12,4.416,-0.19,0.3366,0.976,25.502,7.503,0.0,0.0438,7.688,168.923,4e-05,17.0,0.9648,3.38,0.239,-0.018,0.87,139.7,,2,Copernicus CAMS via Open-Meteo,Multan_Winter_Peak_2023-11-20
Multan,Summer,6,30.8,50.0,4.8,990.7,1,83.04,14.093,-0.17,0.3069,0.828,19.079,11.075,0.0,0.2656,1.459,83.04,9e-05,36.0,0.7467,9.79,0.028,-0.145,0.55,34.1,,0,Copernicus CAMS via Open-Meteo,Multan_Summer_2023-06-05
Multan,Winter_Peak,11,20.1,54.0,7.5,1001.2,9,139.953,7.572,1.452,0.2131,1.023,39.208,9.858,0.0,0.0492,5.932,133.555,0.00012,26.0,1.0394,7.167,0.205,0.019,0.54,52.3,,1,Copernicus CAMS via Open-Meteo,Multan_Winter_Peak_2023-11-30
Multan,Autumn_Harvest,10,31.0,66.0,9.6,993.1,7,98.457,5.886,-0.047,0.3176,0.928,37.218,8.965,0.0,0.137,2.442,98.368,0.00013,23.0,0.9295,5.32,0.098,-0.037,0.27,39.3,,1,Copernicus CAMS via Open-Meteo,Multan_Autumn_Harvest_2024-10-05
Multan,Winter_Peak,12,23.7,48.0,12.4,1002.5,8,148.063,12.351,0.941,0.2282,0.979,76.625,13.159,0.0111,0.0833,4.808,145.503,0.00018,50.0,1.0068,18.436,0.212,0.003,0.84,70.5,,1,Copernicus CAMS via Open-Meteo,Multan_Winter_Peak_2023-12-01
Multan,Autumn_Harvest,9,30.8,60.0,17.2,992.9,7,137.904,22.127,0.939,0.3066,0.99,213.268,24.87,0.0364,0.0411,6.521,136.642,0.00066,61.0,0.9957,111.926,0.189,-0.002,0.54,25.9,,0,Copernicus CAMS via Open-Meteo,Multan_Autumn_Harvest_2023-09-25
Multan,Monsoon,8,35.8,52.0,8.2,988.5,1,114.143,5.853,0.25,0.285,0.935,34.935,8.582,0.0,0.1073,3.296,114.123,0.0001,24.0,0.9094,4.916,0.122,-0.047,0.59,33.3,,0,Copernicus CAMS via Open-Meteo,Multan_Monsoon_2024-08-25
Multan,Autumn_Harvest,9,33.3,51.0,13.0,991.6,12,131.737,20.916,0.917,0.3002,0.997,197.347,24.199,0.0367,0.0318,6.62,130.027,0.00069,57.0,0.9861,100.23,0.175,-0.007,0.57,22.1,,0,Copernicus CAMS via Open-Meteo,Multan_Autumn_Harvest_2023-09-25
Multan,Winter_Peak,11,19.0,70.0,1.4,1004.1,10,137.215,5.716,0.353,0.2731,1.02,35.55,8.815,0.0,0.0579,5.332,130.119,8e-05,20.0,1.0532,4.784,0.203,0.026,0.78,143.9,,2,Copernicus CAMS via Open-Meteo,Multan_Winter_Peak_2024-11-25
Multan,Summer,6,31.8,53.0,15.5,983.9,1,109.195,14.734,0.005,0.3364,0.834,76.864,21.099,0.0,0.2511,1.935,109.195,0.00019,41.0,0.7542,29.178,0.064,-0.14,0.34,15.0,,0,Copernicus CAMS via Open-Meteo,Multan_Summer_2023-06-15
Multan,Summer,5,32.2,15.0,7.6,990.2,2,90.914,16.969,-0.261,0.3346,0.828,87.348,26.038,0.0061,0.2801,1.569,90.914,0.00032,44.0,0.7255,42.382,0.031,-0.159,0.15,13.2,,0,Copernicus CAMS via Open-Meteo,Multan_Summer_2024-05-01
Multan,Winter_Peak,12,8.2,89.0,10.6,1004.6,5,69.223,13.15,0.079,0.3525,0.827,61.591,31.602,0.0631,0.2654,1.196,69.213,0.00045,49.0,0.7785,61.858,0.017,-0.125,0.19,110.4,,2,Copernicus CAMS via Open-Meteo,Multan_Winter_Peak_2023-12-20
Multan,Monsoon,8,30.0,71.0,5.6,987.9,1,108.618,6.464,0.399,0.3164,0.957,54.62,10.306,0.0,0.0785,3.818,108.4,0.00018,25.0,0.9453,7.042,0.121,-0.028,0.63,73.8,,1,Copernicus CAMS via Open-Meteo,Multan_Monsoon_2023-08-20
Multan,Autumn_Harvest,10,25.2,61.0,7.1,992.7,7,117.211,8.106,-0.155,0.3041,0.988,55.597,9.72,0.0,0.0514,5.113,115.471,0.00017,29.0,0.9912,6.013,0.148,-0.004,0.31,98.3,,2,Copernicus CAMS via Open-Meteo,Multan_Autumn_Harvest_2023-10-05
Multan,Winter_Peak,12,20.7,65.0,10.9,1006.1,4,166.891,14.033,0.907,0.2283,0.991,81.812,14.125,0.0132,0.0427,7.575,164.684,0.00016,56.0,1.0027,24.481,0.248,0.001,1.08,88.9,,2,Copernicus CAMS via Open-Meteo,Multan_Winter_Peak_2023-12-01
Multan,Autumn_Harvest,9,37.1,32.0,7.1,989.7,4,118.829,6.192,0.701,0.3112,0.978,34.96,8.338,0.0,0.0551,4.948,118.225,0.0001,20.0,0.951,4.652,0.141,-0.025,0.43,31.2,,0,Copernicus CAMS via Open-Meteo,Multan_Autumn_Harvest_2024-09-18
Multan,Monsoon,7,40.5,34.0,8.0,983.7,1,115.118,10.533,0.022,0.321,0.851,55.296,15.015,0.0,0.2231,2.149,115.118,0.00013,39.0,0.7931,15.696,0.087,-0.115,0.67,33.8,,0,Copernicus CAMS via Open-Meteo,Multan_Monsoon_2024-07-10
Multan,Summer,4,25.1,46.0,8.0,992.2,1,48.731,12.586,-0.006,0.3153,0.631,33.329,16.806,0.0013,0.4941,0.699,48.731,0.00026,57.0,0.5119,22.161,-0.076,-0.323,0.15,16.7,,0,Copernicus CAMS via Open-Meteo,Multan_Summer_2024-04-20
Multan,Monsoon,8,32.2,70.0,7.3,985.4,1,120.783,20.121,1.165,0.2355,0.949,75.67,17.087,0.0062,0.127,3.162,120.194,0.00027,66.0,0.9757,39.397,0.151,-0.012,1.0,48.7,,1,Copernicus CAMS via Open-Meteo,Multan_Monsoon_2024-08-12
Multan,Winter_Peak,12,14.0,70.0,5.8,999.3,6,105.574,7.369,0.146,0.2846,0.981,84.689,13.761,0.0,0.077,3.741,103.516,0.0003,24.0,0.9503,11.563,0.116,-0.025,0.19,82.0,,2,Copernicus CAMS via Open-Meteo,Multan_Winter_Peak_2024-12-05
Multan,Autumn_Harvest,10,21.1,67.0,8.4,996.5,4,137.693,5.692,-0.106,0.3374,1.001,52.481,8.966,0.0,0.0475,5.978,134.102,0.00012,20.0,1.0188,4.861,0.195,0.009,0.33,60.8,,1,Copernicus CAMS via Open-Meteo,Multan_Autumn_Harvest_2024-10-22
Multan,Monsoon,8,36.0,55.0,6.1,987.5,2,111.919,6.652,0.399,0.2879,0.951,67.956,11.042,0.0,0.1009,3.423,111.649,0.00021,25.0,0.9005,7.896,0.115,-0.052,0.63,46.6,,1,Copernicus CAMS via Open-Meteo,Multan_Monsoon_2023-08-20
Multan,Monsoon,8,28.2,80.0,5.6,989.8,2,124.947,4.318,0.322,0.2552,0.896,29.821,7.121,0.0,0.1568,2.844,124.947,6e-05,19.0,0.8562,2.979,0.124,-0.077,0.44,68.2,,1,Copernicus CAMS via Open-Meteo,Multan_Monsoon_2023-08-30
Multan,Winter_Peak,11,23.7,66.0,7.9,997.3,9,143.967,5.638,0.131,0.3186,0.951,14.797,6.895,0.0,0.087,4.653,143.965,3e-05,24.0,0.9123,3.356,0.175,-0.046,0.67,110.4,,2,Copernicus CAMS via Open-Meteo,Multan_Winter_Peak_2024-11-01
Multan,Summer,4,29.3,38.0,14.1,993.8,1,50.495,14.299,0.205,0.3282,0.653,21.41,16.742,0.0026,0.4847,0.725,50.495,0.00022,59.0,0.5202,22.807,-0.072,-0.316,0.22,25.6,,0,Copernicus CAMS via Open-Meteo,Multan_Summer_2024-04-20
Multan,Autumn_Harvest,10,35.4,41.0,12.7,990.4,5,120.371,7.0,-0.05,0.3405,0.954,37.891,9.926,0.0,0.0966,3.726,120.234,0.0001,26.0,0.9037,6.512,0.131,-0.051,0.33,23.5,,0,Copernicus CAMS via Open-Meteo,Multan_Autumn_Harvest_2024-10-05
Multan,Summer,5,27.6,59.0,6.1,986.6,0,102.001,6.917,-0.287,0.341,0.856,29.795,13.312,0.0,0.2118,1.95,102.001,9e-05,25.0,0.8024,11.146,0.071,-0.11,0.66,23.5,,0,Copernicus CAMS via Open-Meteo,Multan_Summer_2023-05-25
Multan,Winter_Peak,11,23.8,52.0,2.2,998.3,11,184.413,1.413,0.004,0.2152,0.987,19.246,4.256,0.0,0.0429,8.182,183.558,2e-05,3.0,0.9616,0.952,0.267,-0.02,1.19,182.5,,3,Copernicus CAMS via Open-Meteo,Multan_Winter_Peak_2024-11-15
Multan,Monsoon,8,33.0,68.0,3.7,985.6,2,141.805,22.657,1.312,0.2144,0.967,86.879,18.863,0.0051,0.0781,5.013,141.178,0.00024,74.0,0.975,46.653,0.191,-0.013,0.86,55.2,,1,Copernicus CAMS via Open-Meteo,Multan_Monsoon_2024-08-12
Multan,Winter_Peak,11,15.7,66.0,6.0,1003.0,7,172.757,4.629,-0.194,0.3096,1.026,38.195,7.993,0.0,0.0555,6.64,163.702,6e-05,17.0,1.0244,3.806,0.267,0.012,1.9,112.5,,2,Copernicus CAMS via Open-Meteo,Multan_Winter_Peak_2023-11-20
Multan,Autumn_Harvest,9,39.0,37.0,12.3,989.2,5,85.941,15.45,0.076,0.3283,0.877,79.399,25.818,0.0065,0.2002,1.783,85.918,0.00039,50.0,0.8442,44.614,0.057,-0.084,0.52,22.7,,0,Copernicus CAMS via Open-Meteo,Multan_Autumn_Harvest_2023-09-15
Multan,Summer,5,26.8,63.0,15.3,988.6,0,116.134,7.937,-0.223,0.3208,0.872,40.232,14.392,0.0,0.1999,2.297,116.134,0.0001,28.0,0.8377,12.872,0.104,-0.088,0.48,33.3,,0,Copernicus CAMS via Open-Meteo,Multan_Summer_2023-05-25
Multan,Autumn_Harvest,9,29.7,66.0,7.0,987.0,16,96.796,17.549,0.156,0.3222,0.896,103.829,29.416,0.0104,0.172,2.22,96.747,0.00042,54.25,0.8481,55.474,0.076,-0.082,0.54,45.5,,1,Copernicus CAMS via Open-Meteo,Multan_Autumn_Harvest_2023-09-15
Multan,Summer,6,30.8,58.0,24.3,984.1,1,95.323,13.163,-0.116,0.3664,0.826,34.6,17.38,0.0,0.2582,1.663,95.323,0.00012,37.0,0.7495,21.081,0.044,-0.143,0.33,18.6,,0,Copernicus CAMS via Open-Meteo,Multan_Summer_2023-06-15
Multan,Winter_Peak,11,26.3,40.0,4.8,1001.0,6,156.136,6.624,0.293,0.2962,1.039,59.227,10.448,0.0,0.0698,5.355,145.422,0.00011,23.0,1.05,6.449,0.241,0.024,0.74,76.8,,2,Copernicus CAMS via Open-Meteo,Multan_Winter_Peak_2024-11-25
Multan,Summer,4,19.9,75.0,13.1,993.2,1,52.234,14.11,0.083,0.3149,0.662,62.424,18.771,0.0023,0.4594,0.754,52.234,0.00042,59.0,0.5507,26.768,-0.061,-0.29,0.25,36.8,,1,Copernicus CAMS via Open-Meteo,Multan_Summer_2024-04-20
Multan,Winter_Peak,12,14.0,70.0,5.8,999.3,4,113.901,7.202,0.139,0.3004,0.998,37.532,12.106,0.0,0.0547,4.711,111.068,0.00013,24.0,0.9859,9.979,0.14,-0.007,0.19,82.0,,2,Copernicus CAMS via Open-Meteo,Multan_Winter_Peak_2024-12-05
Multan,Summer,5,19.6,58.0,6.3,991.5,1,93.174,17.731,-0.227,0.3286,0.852,66.109,25.686,0.0053,0.2343,1.806,93.174,0.00027,45.0,0.7736,41.636,0.049,-0.128,0.14,23.3,,0,Copernicus CAMS via Open-Meteo,Multan_Summer_2024-05-01
Multan,Winter_Peak,12,21.0,58.0,7.7,1002.9,4,153.694,12.825,0.905,0.2188,1.009,41.262,11.257,0.0115,0.0292,8.132,150.126,0.00012,50.0,1.0176,16.466,0.227,0.009,0.76,75.7,,2,Copernicus CAMS via Open-Meteo,Multan_Winter_Peak_2023-12-01
Multan,Winter_Peak,11,20.1,54.0,7.6,1002.8,5,169.7,4.51,-0.199,0.3815,1.01,32.98,7.666,0.0,0.0328,8.4,165.278,5e-05,17.0,1.0114,3.522,0.256,0.006,1.18,119.7,,2,Copernicus CAMS via Open-Meteo,Multan_Winter_Peak_2023-11-20
Multan,Autumn_Harvest,9,29.4,64.0,12.2,986.3,10,98.362,13.074,-0.128,0.3508,0.924,86.581,21.363,0.0006,0.1438,2.564,98.044,0.00033,39.0,0.9163,29.384,0.095,-0.044,0.38,50.5,,1,Copernicus CAMS via Open-Meteo,Multan_Autumn_Harvest_2024-09-10
Multan,Autumn_Harvest,9,36.6,47.0,9.7,990.5,9,91.078,16.2,0.176,0.3152,0.81,73.416,30.363,0.0093,0.2785,1.539,91.078,0.0003,57.0,0.7424,61.693,0.037,-0.148,0.49,32.0,,0,Copernicus CAMS via Open-Meteo,Multan_Autumn_Harvest_2023-09-15
Multan,Autumn_Harvest,9,39.0,37.0,12.3,989.2,11,82.871,15.048,0.15,0.3227,0.878,56.712,26.074,0.0098,0.2001,1.717,82.852,0.00034,47.0,0.8508,44.169,0.054,-0.081,0.52,22.7,,0,Copernicus CAMS via Open-Meteo,Multan_Autumn_Harvest_2023-09-15
Multan,Summer,6,34.8,47.0,25.3,986.3,1,107.39,14.68,-0.074,0.355,0.848,22.626,18.523,0.0,0.2291,1.998,107.39,8e-05,40.0,0.7794,24.637,0.071,-0.124,0.36,22.3,,0,Copernicus CAMS via Open-Meteo,Multan_Summer_2023-06-15
Multan,Summer,5,27.6,59.0,6.1,986.6,1,124.913,8.569,-0.265,0.3293,0.938,45.98,14.103,0.0,0.1433,2.994,124.696,0.00012,27.0,0.8575,12.341,0.124,-0.077,0.66,23.5,,0,Copernicus CAMS via Open-Meteo,Multan_Summer_2023-05-25
Multan,Summer,5,34.2,14.0,10.2,977.6,4,75.416,19.923,-0.231,0.3501,0.758,121.766,36.592,0.051,0.3512,1.181,75.416,0.00057,66.0,0.6624,89.207,-0.007,-0.203,0.17,47.5,,1,Copernicus CAMS via Open-Meteo,Multan_Summer_2024-05-28
Multan,Monsoon,8,29.1,88.0,6.3,986.8,3,120.055,20.801,0.986,0.2571,0.937,87.289,17.412,0.007,0.1087,3.474,119.999,0.0003,68.0,0.9194,43.238,0.135,-0.042,0.93,50.3,,1,Copernicus CAMS via Open-Meteo,Multan_Monsoon_2024-08-12
Multan,Summer,5,39.8,20.0,9.8,989.0,2,83.277,14.841,-0.295,0.3513,0.817,43.745,23.187,0.0043,0.2775,1.425,83.277,0.00019,41.0,0.7294,34.734,0.023,-0.156,0.43,26.9,,0,Copernicus CAMS via Open-Meteo,Multan_Summer_2024-05-18
Multan,Autumn_Harvest,10,33.9,33.0,1.9,997.3,3,146.378,5.738,-0.197,0.3141,1.019,58.669,9.244,0.0,0.0766,4.853,137.215,0.00012,21.0,1.066,5.071,0.225,0.032,0.39,33.8,,0,Copernicus CAMS via Open-Meteo,Multan_Autumn_Harvest_2024-10-22
Multan,Autumn_Harvest,10,27.2,59.0,4.7,998.1,5,119.937,5.147,0.208,0.3032,0.93,47.753,8.579,0.0,0.117,3.318,119.934,0.00012,23.0,0.8842,4.462,0.124,-0.061,0.6,38.4,,1,Copernicus CAMS via Open-Meteo,Multan_Autumn_Harvest_2023-10-15
Multan,Monsoon,8,35.3,59.0,17.1,988.1,1,119.327,16.739,0.842,0.2396,0.904,43.438,22.443,0.0098,0.1659,2.677,119.326,0.00017,52.0,0.837,39.431,0.108,-0.089,0.81,38.0,,1,Copernicus CAMS via Open-Meteo,Multan_Monsoon_2023-08-05
Multan,Summer,5,43.2,17.0,11.0,988.4,0,90.822,16.016,-0.249,0.3442,0.827,75.284,25.842,0.0044,0.3009,1.49,90.821,0.00029,44.0,0.7033,41.222,0.023,-0.174,0.42,27.4,,0,Copernicus CAMS via Open-Meteo,Multan_Summer_2024-05-18
Multan,Winter_Peak,11,30.4,33.0,4.2,998.0,9,220.658,1.623,-0.0,0.2988,1.03,24.874,4.773,0.0,0.0529,8.491,209.026,2e-05,4.0,1.0555,1.216,0.375,0.027,1.06,116.4,,2,Copernicus CAMS via Open-Meteo,Multan_Winter_Peak_2024-11-15
Multan,Autumn_Harvest,9,29.2,52.0,8.2,990.8,14,123.743,6.253,0.58,0.3165,0.937,23.364,7.891,0.0,0.1096,3.475,123.738,6e-05,23.0,0.9286,4.621,0.144,-0.037,0.49,54.5,,1,Copernicus CAMS via Open-Meteo,Multan_Autumn_Harvest_2024-09-18
Multan,Monsoon,7,33.8,58.0,8.7,985.3,3,132.255,12.643,1.055,0.2325,1.005,73.289,11.643,0.0004,0.0484,5.728,128.291,0.00022,35.0,1.0018,10.726,0.18,0.001,0.68,57.6,,1,Copernicus CAMS via Open-Meteo,Multan_Monsoon_2023-07-15
Multan,Winter_Peak,12,13.0,87.0,6.2,1000.6,7,111.563,7.17,0.032,0.29,0.989,14.815,10.6,0.0,0.073,3.907,109.013,6e-05,23.0,0.9533,8.303,0.128,-0.024,0.21,96.4,,2,Copernicus CAMS via Open-Meteo,Multan_Winter_Peak_2024-12-05
Multan,Autumn_Harvest,10,25.2,67.0,5.2,993.8,5,113.047,6.622,-0.054,0.319,0.973,30.672,8.994,0.0,0.0557,4.719,112.664,0.0001,24.0,0.9549,5.455,0.131,-0.023,0.33,43.8,,1,Copernicus CAMS via Open-Meteo,Multan_Autumn_Harvest_2024-10-05
Multan,Summer,5,30.5,40.0,11.9,990.4,2,97.454,16.942,-0.236,0.3412,0.821,42.182,27.424,0.0044,0.2993,1.597,97.454,0.00017,47.0,0.705,46.298,0.031,-0.173,0.32,28.3,,0,Copernicus CAMS via Open-Meteo,Multan_Summer_2024-05-18
Multan,Autumn_Harvest,9,38.3,38.0,12.4,987.2,6,99.622,17.99,0.152,0.3272,0.904,46.718,29.878,0.011,0.1579,2.386,99.592,0.00025,55.0,0.8656,56.416,0.085,-0.072,0.53,22.8,,0,Copernicus CAMS via Open-Meteo,Multan_Autumn_Harvest_2023-09-15
Multan,Winter_Peak,12,17.5,74.0,7.3,1003.6,8,144.2,12.46,0.765,0.2336,0.955,116.797,15.161,0.0126,0.0794,4.98,144.053,0.00025,51.0,0.9247,21.748,0.18,-0.039,0.52,83.1,,2,Copernicus CAMS via Open-Meteo,Multan_Winter_Peak_2023-12-01
Multan,Winter_Peak,1,9.9,93.0,9.1,1000.9,9,55.096,2.631,0.012,0.2955,1.026,63.843,7.732,0.0,0.0866,1.787,51.278,0.0009,6.0,1.0456,3.145,0.033,0.022,0.74,149.0,,2,Copernicus CAMS via Open-Meteo,Multan_Winter_Peak_2024-01-15
Multan,Monsoon,8,34.4,62.0,18.1,988.2,0,116.247,17.363,0.709,0.2608,0.87,49.682,23.438,0.0084,0.1966,2.378,116.247,0.00019,55.0,0.817,43.709,0.097,-0.101,0.76,35.4,,1,Copernicus CAMS via Open-Meteo,Multan_Monsoon_2023-08-05
Multan,Winter_Peak,11,17.1,65.0,8.2,1003.7,6,141.862,3.723,-0.141,0.3673,0.951,17.742,6.331,0.0,0.0804,4.718,141.858,3e-05,15.0,0.9343,2.446,0.179,-0.034,1.03,131.3,,2,Copernicus CAMS via Open-Meteo,Multan_Winter_Peak_2023-11-20
Multan,Summer,4,21.8,69.0,12.9,991.8,0,51.448,14.685,0.101,0.336,0.654,79.119,18.878,0.0031,0.473,0.742,51.448,0.00051,61.0,0.535,26.274,-0.067,-0.303,0.24,24.7,,0,Copernicus CAMS via Open-Meteo,Multan_Summer_2024-04-20
Multan,Winter_Peak,11,18.7,65.0,3.0,1001.1,14,131.947,5.39,0.293,0.3087,1.007,15.184,7.044,0.0,0.0503,5.447,127.28,4e-05,20.0,1.0348,3.259,0.187,0.017,0.8,213.7,,3,Copernicus CAMS via Open-Meteo,Multan_Winter_Peak_2024-11-25
Multan,Monsoon,8,37.4,43.0,10.2,988.7,0,129.626,4.811,0.216,0.2643,0.92,57.818,8.895,0.0,0.1275,3.366,129.625,0.00012,20.0,0.8945,4.438,0.144,-0.056,0.44,34.3,,0,Copernicus CAMS via Open-Meteo,Multan_Monsoon_2023-08-30
Multan,Winter_Peak,11,22.3,61.0,0.7,1003.3,10,136.944,6.406,1.374,0.2039,1.044,20.649,8.288,0.0,0.0832,4.264,125.57,7e-05,19.0,1.0902,5.528,0.211,0.043,0.58,95.0,,2,Copernicus CAMS via Open-Meteo,Multan_Winter_Peak_2023-11-30
Multan,Autumn_Harvest,10,20.7,75.0,8.0,1000.0,6,129.386,5.832,0.042,0.3142,0.971,30.513,9.345,0.0,0.0688,4.723,128.61,7e-05,24.0,0.9771,5.772,0.168,-0.012,0.56,92.2,,2,Copernicus CAMS via Open-Meteo,Multan_Autumn_Harvest_2023-10-25
Multan,Summer,6,34.6,38.0,10.2,990.9,3,99.713,17.122,-0.179,0.3153,0.869,29.487,12.85,0.0,0.2071,2.099,99.713,0.0001,41.0,0.8221,12.917,0.073,-0.098,0.62,32.7,,0,Copernicus CAMS via Open-Meteo,Multan_Summer_2023-06-05
Multan,Monsoon,7,35.5,53.0,11.3,976.9,2,111.832,15.909,-0.09,0.3486,0.897,39.616,21.283,0.0,0.1743,2.498,111.832,0.00012,45.0,0.8761,30.34,0.108,-0.066,0.51,38.8,,1,Copernicus CAMS via Open-Meteo,Multan_Monsoon_2024-07-25
Multan,Winter_Peak,12,23.3,42.0,1.4,999.7,13,108.196,8.883,-0.332,0.3298,0.931,31.016,16.316,0.0,0.1216,2.913,108.051,0.0001,31.0,0.9183,17.151,0.113,-0.043,0.44,62.9,,1,Copernicus CAMS via Open-Meteo,Multan_Winter_Peak_2023-12-10
Multan,Monsoon,8,27.4,93.0,11.8,985.8,4,123.983,20.611,1.152,0.235,0.962,51.581,16.088,0.0059,0.0827,4.196,123.705,0.00023,67.0,0.9673,37.94,0.155,-0.017,0.71,43.9,,1,Copernicus CAMS via Open-Meteo,Multan_Monsoon_2024-08-12
Multan,Autumn_Harvest,9,30.5,59.0,6.1,987.3,8,96.909,17.043,-0.065,0.3378,0.89,86.387,27.115,0.0053,0.1812,2.123,96.877,0.00036,55.0,0.8613,49.445,0.079,-0.075,0.54,45.4,,1,Copernicus CAMS via Open-Meteo,Multan_Autumn_Harvest_2023-09-15
Multan,Autumn_Harvest,9,31.0,47.0,8.0,989.9,8,109.724,5.594,0.498,0.3028,0.943,26.572,7.799,0.0,0.0916,3.454,109.719,8e-05,20.0,0.9205,4.141,0.117,-0.041,0.54,60.3,,1,Copernicus CAMS via Open-Meteo,Multan_Autumn_Harvest_2024-09-18
Multan,Summer,5,32.2,15.0,7.6,990.2,1,86.941,16.117,-0.219,0.334,0.827,92.45,25.336,0.0072,0.2619,1.573,86.941,0.00036,43.0,0.7473,40.077,0.033,-0.145,0.15,13.2,,0,Copernicus CAMS via Open-Meteo,Multan_Summer_2024-05-01
Multan,Autumn_Harvest,9,33.9,46.0,1.3,992.2,9,126.368,6.616,0.621,0.3016,0.957,50.312,9.958,0.0,0.0748,4.522,126.293,0.00012,23.0,0.9351,6.804,0.151,-0.034,0.42,29.6,,0,Copernicus CAMS via Open-Meteo,Multan_Autumn_Harvest_2024-09-18
Multan,Autumn_Harvest,9,29.2,66.0,7.2,985.9,6,92.578,11.995,-0.091,0.343,0.902,23.722,19.295,0.0001,0.1617,2.117,92.56,0.00013,38.0,0.8562,24.745,0.071,-0.077,0.34,66.1,,1,Copernicus CAMS via Open-Meteo,Multan_Autumn_Harvest_2024-09-10
Multan,Autumn_Harvest,9,28.8,75.0,5.8,987.6,7,142.653,4.341,-0.178,0.3419,0.993,62.023,8.259,0.0,0.1089,3.871,135.814,0.00012,14.0,1.0479,3.763,0.212,0.023,0.74,34.0,,0,Copernicus CAMS via Open-Meteo,Multan_Autumn_Harvest_2024-09-28
Multan,Winter_Peak,11,21.8,66.0,3.6,998.6,8,183.362,2.947,-0.028,0.3505,1.045,78.72,8.592,0.0,0.0788,5.73,168.884,0.00011,6.0,1.0537,3.88,0.298,0.026,1.28,219.8,,3,Copernicus CAMS via Open-Meteo,Multan_Winter_Peak_2024-11-15
Multan,Monsoon,8,33.1,67.0,9.4,988.2,1,109.024,6.336,0.454,0.2838,0.936,37.738,9.591,0.0,0.1045,3.201,109.022,0.00013,26.0,0.9028,6.236,0.111,-0.051,0.59,71.0,,1,Copernicus CAMS via Open-Meteo,Multan_Monsoon_2023-08-20
Multan,Summer,5,30.8,29.0,8.3,986.7,0,90.398,16.009,-0.21,0.3324,0.79,47.611,27.082,0.0041,0.3186,1.441,90.398,0.00019,47.0,0.6863,45.07,0.016,-0.186,0.59,48.4,,1,Copernicus CAMS via Open-Meteo,Multan_Summer_2024-05-18
Multan,Winter_Peak,11,21.7,74.0,3.9,1002.0,11,194.96,1.51,-0.007,0.3581,0.961,22.371,4.542,0.0,0.075,6.651,194.96,2e-05,3.0,0.9249,1.092,0.271,-0.039,1.18,194.6,,3,Copernicus CAMS via Open-Meteo,Multan_Winter_Peak_2024-11-15
Multan,Monsoon,7,33.8,58.0,8.7,985.3,2,121.246,10.318,0.932,0.2418,0.96,46.092,9.879,0.0004,0.096,3.724,120.464,0.00015,31.0,0.9735,7.465,0.151,-0.013,0.68,57.6,,1,Copernicus CAMS via Open-Meteo,Multan_Monsoon_2023-07-15
Multan,Autumn_Harvest,9,30.9,61.0,5.2,987.7,9,80.17,14.071,0.018,0.3279,0.829,61.796,25.76,0.0106,0.2572,1.405,80.169,0.00033,48.0,0.7543,43.677,0.026,-0.14,0.44,29.7,,0,Copernicus CAMS via Open-Meteo,Multan_Autumn_Harvest_2023-09-15
Multan,Autumn_Harvest,9,33.9,46.0,1.3,992.2,6,116.655,6.072,0.585,0.3059,0.957,41.793,9.068,0.0,0.0823,3.923,116.471,0.00012,22.0,0.9528,5.601,0.137,-0.024,0.42,29.6,,0,Copernicus CAMS via Open-Meteo,Multan_Autumn_Harvest_2024-09-18
Multan,Winter_Peak,12,23.5,40.0,2.9,997.8,4,131.204,8.677,0.071,0.3033,1.015,53.762,13.433,0.0,0.0531,5.498,125.819,0.00015,28.0,1.0204,12.503,0.182,0.01,0.27,33.1,,0,Copernicus CAMS via Open-Meteo,Multan_Winter_Peak_2024-12-05
Multan,Winter_Peak,11,13.8,94.0,5.8,1003.6,8,143.953,3.968,-0.146,0.3784,0.97,34.929,7.553,0.0,0.0937,4.356,142.362,6e-05,15.0,0.9977,3.334,0.202,-0.001,1.53,96.6,,2,Copernicus CAMS via Open-Meteo,Multan_Winter_Peak_2023-11-20
Multan,Summer,5,27.6,59.0,6.1,986.6,1,119.994,8.08,-0.364,0.3291,0.908,17.65,12.998,0.0,0.174,2.557,119.994,5e-05,27.0,0.8254,11.249,0.106,-0.096,0.66,23.5,,0,Copernicus CAMS via Open-Meteo,Multan_Summer_2023-05-25
Multan,Winter_Peak,12,14.1,84.0,3.0,1002.3,7,94.339,7.99,-0.333,0.319,0.896,50.121,15.349,0.0,0.184,1.982,94.283,0.00018,29.0,0.8886,14.759,0.082,-0.059,0.53,119.7,,2,Copernicus CAMS via Open-Meteo,Multan_Winter_Peak_2023-12-10
Multan,Autumn_Harvest,10,22.1,78.0,14.2,995.9,8,112.608,4.978,0.061,0.2834,0.917,73.004,9.573,0.0,0.1613,2.564,112.562,0.0002,20.0,0.8372,5.321,0.098,-0.089,0.65,34.8,,0,Copernicus CAMS via Open-Meteo,Multan_Autumn_Harvest_2023-10-15
Multan,Summer,6,37.5,35.0,17.3,985.4,1,108.194,14.793,-0.125,0.363,0.802,34.331,20.678,0.0,0.2849,1.805,108.194,9e-05,42.0,0.7364,29.35,0.056,-0.152,0.39,21.8,,0,Copernicus CAMS via Open-Meteo,Multan_Summer_2023-06-15
Multan,Monsoon,7,28.0,90.0,6.7,988.1,0,182.514,7.9,-1.261,0.2382,1.017,28.472,9.614,0.0,0.034,8.687,176.414,6e-05,27.0,1.0195,9.004,0.285,0.01,0.77,32.0,,0,Copernicus CAMS via Open-Meteo,Multan_Monsoon_2023-07-25
Multan,Winter_Peak,12,11.1,96.0,6.2,1000.3,9,110.229,9.072,-0.406,0.3391,0.921,19.438,15.269,0.0,0.1293,2.839,110.194,6e-05,31.0,0.893,15.563,0.11,-0.057,0.61,101.3,,2,Copernicus CAMS via Open-Meteo,Multan_Winter_Peak_2023-12-10
Multan,Autumn_Harvest,9,35.1,41.0,1.8,991.8,6,120.27,6.488,0.554,0.2944,0.975,64.902,10.266,0.0,0.0801,4.093,118.526,0.00017,22.0,0.9957,6.761,0.155,-0.002,0.43,29.8,,0,Copernicus CAMS via Open-Meteo,Multan_Autumn_Harvest_2024-09-18
Multan,Summer,6,27.6,42.0,6.6,986.4,2,94.474,10.501,0.01,0.3208,0.817,44.842,10.312,0.0,0.2998,1.53,94.474,0.00014,32.0,0.7011,6.854,0.026,-0.176,0.39,57.2,,1,Copernicus CAMS via Open-Meteo,Multan_Summer_2024-06-10
Multan,Monsoon,8,36.6,52.0,15.3,984.4,1,122.747,18.779,0.969,0.2121,0.92,70.68,24.112,0.0116,0.1293,3.294,122.747,0.00025,61.0,0.8836,48.504,0.129,-0.062,0.7,38.4,,1,Copernicus CAMS via Open-Meteo,Multan_Monsoon_2023-08-05
Multan,Monsoon,8,32.1,68.0,6.9,985.8,2,123.011,18.816,0.854,0.2386,0.955,74.048,23.816,0.0121,0.0926,4.143,122.564,0.00026,55.0,0.9532,42.242,0.149,-0.024,0.63,52.9,,1,Copernicus CAMS via Open-Meteo,Multan_Monsoon_2023-08-05
Multan,Summer,6,31.5,53.0,4.5,985.3,0,99.262,13.48,-0.051,0.3373,0.847,55.34,19.451,0.0,0.2364,1.816,99.262,0.00018,36.0,0.7684,23.659,0.056,-0.131,0.3,28.8,,0,Copernicus CAMS via Open-Meteo,Multan_Summer_2023-06-15
Multan,Monsoon,7,27.0,93.0,3.7,985.1,2,183.412,7.927,-1.057,0.2404,1.047,56.295,11.317,0.0,0.0887,5.285,167.166,9e-05,26.0,1.0971,9.954,0.311,0.046,0.56,41.3,,1,Copernicus CAMS via Open-Meteo,Multan_Monsoon_2023-07-25
Multan,Winter_Peak,1,9.4,93.0,2.3,1006.1,3,47.024,1.434,0.002,0.3656,0.977,19.957,4.323,0.0,0.06,1.914,46.615,0.00034,3.0,0.9751,0.987,0.01,-0.013,1.25,190.0,,3,Copernicus CAMS via Open-Meteo,Multan_Winter_Peak_2024-01-05
Multan,Monsoon,8,29.4,80.0,4.1,987.3,0,126.52,6.707,0.236,0.3181,0.939,78.738,11.174,0.0,0.103,3.808,126.443,0.00018,27.0,0.9105,7.811,0.144,-0.047,0.64,89.6,,2,Copernicus CAMS via Open-Meteo,Multan_Monsoon_2024-08-25
Multan,Monsoon,8,26.6,89.0,5.9,989.3,2,118.359,4.034,0.29,0.2798,0.929,19.331,6.122,0.0,0.1136,3.263,118.359,5e-05,18.0,0.9072,2.226,0.128,-0.049,0.51,59.4,,1,Copernicus CAMS via Open-Meteo,Multan_Monsoon_2023-08-30
Multan,Monsoon,8,30.7,61.0,15.9,985.2,0,117.925,17.653,0.939,0.2464,0.92,70.963,23.426,0.0109,0.1367,3.049,117.913,0.00027,52.0,0.8691,41.082,0.116,-0.07,0.69,63.3,,1,Copernicus CAMS via Open-Meteo,Multan_Monsoon_2023-08-05
Multan,Autumn_Harvest,10,22.4,59.0,2.2,996.2,10,96.285,8.309,-0.481,0.3437,0.915,24.111,9.438,0.0,0.1683,2.143,96.112,9e-05,27.0,0.9254,6.671,0.094,-0.039,0.2,73.1,,1,Copernicus CAMS via Open-Meteo,Multan_Autumn_Harvest_2024-10-15
Multan,Monsoon,8,31.2,60.0,15.3,985.4,1,113.032,16.85,0.844,0.2431,0.905,59.759,22.772,0.0111,0.1503,2.757,113.032,0.00024,51.0,0.864,38.405,0.107,-0.073,0.65,51.7,,1,Copernicus CAMS via Open-Meteo,Multan_Monsoon_2023-08-05
Multan,Winter_Peak,12,23.2,55.0,12.3,1003.9,10,146.947,12.505,0.855,0.2257,0.962,80.064,13.68,0.0137,0.0889,4.623,146.194,0.00019,51.0,0.9755,20.032,0.201,-0.012,1.0,82.2,,2,Copernicus CAMS via Open-Meteo,Multan_Winter_Peak_2023-12-01
Multan,Winter_Peak,1,11.4,91.0,7.8,1000.8,10,49.836,1.599,0.003,0.3375,1.004,24.146,4.742,0.0,0.0906,1.558,47.212,0.00038,4.0,1.052,1.187,0.023,0.025,0.77,125.3,,2,Copernicus CAMS via Open-Meteo,Multan_Winter_Peak_2024-01-15
Multan,Winter_Peak,11,29.7,51.0,6.3,999.1,7,154.053,6.235,0.148,0.2819,1.018,38.664,8.752,0.0,0.1168,3.83,140.803,7e-05,24.0,1.094,4.765,0.248,0.045,0.52,88.5,,2,Copernicus CAMS via Open-Meteo,Multan_Winter_Peak_2024-11-01
Multan,Monsoon,7,34.7,54.0,11.2,985.1,0,108.2,9.729,0.102,0.3049,0.897,78.125,14.502,0.0,0.1662,2.414,108.2,0.00022,33.0,0.8436,14.07,0.093,-0.085,0.56,50.3,,1,Copernicus CAMS via Open-Meteo,Multan_Monsoon_2024-07-10
Multan,Autumn_Harvest,9,30.0,57.0,6.4,991.4,7,156.217,24.843,0.896,0.3018,1.001,331.292,30.584,0.0378,0.056,6.486,151.734,0.00077,68.0,1.0272,148.593,0.234,0.013,0.58,34.6,,0,Copernicus CAMS via Open-Meteo,Multan_Autumn_Harvest_2023-09-25
Multan,Monsoon,8,34.2,61.0,7.6,987.8,1,128.415,7.602,0.391,0.2859,0.998,79.747,11.966,0.0,0.0485,5.576,125.456,0.00021,27.0,0.9893,9.124,0.169,-0.005,0.59,63.1,,1,Copernicus CAMS via Open-Meteo,Multan_Monsoon_2023-08-20
Multan,Monsoon,8,31.0,70.0,6.2,985.9,1,114.335,5.987,0.231,0.2971,0.944,50.475,9.443,0.0,0.0967,3.583,114.278,0.00014,24.0,0.9091,5.547,0.122,-0.048,0.74,58.2,,1,Copernicus CAMS via Open-Meteo,Multan_Monsoon_2024-08-25
Multan,Winter_Peak,12,22.1,33.0,7.4,1004.1,10,80.031,15.411,0.027,0.3562,0.831,87.884,36.23,0.0569,0.2571,1.403,80.021,0.00049,56.0,0.7674,81.927,0.029,-0.132,0.2,43.1,,1,Copernicus CAMS via Open-Meteo,Multan_Winter_Peak_2023-12-20
Multan,Summer,6,30.9,24.0,8.6,986.3,0,95.853,10.666,0.042,0.3021,0.85,38.181,9.809,0.0,0.2601,1.664,95.852,0.00013,30.0,0.741,6.293,0.042,-0.149,0.24,59.0,,1,Copernicus CAMS via Open-Meteo,Multan_Summer_2024-06-10
Multan,Summer,5,34.2,47.0,4.1,989.6,1,116.821,7.949,-0.278,0.3596,0.868,33.461,14.845,0.0,0.1962,2.329,116.821,8e-05,28.0,0.8101,14.139,0.095,-0.105,0.64,40.2,,1,Copernicus CAMS via Open-Meteo,Multan_Summer_2023-05-25
Multan,Autumn_Harvest,10,27.2,59.0,4.7,998.1,12,123.503,5.497,0.184,0.2908,0.866,70.062,10.088,0.0,0.2015,2.444,123.503,0.00014,26.0,0.8003,6.132,0.102,-0.111,0.6,38.4,,1,Copernicus CAMS via Open-Meteo,Multan_Autumn_Harvest_2023-10-15
Multan,Winter_Peak,12,23.4,40.0,2.2,999.1,13,105.151,8.787,-0.355,0.3304,0.961,38.038,15.069,0.0,0.1024,3.194,103.955,0.00014,29.0,0.9785,14.558,0.122,-0.011,0.43,60.1,,1,Copernicus CAMS via Open-Meteo,Multan_Winter_Peak_2023-12-10
Multan,Summer,5,34.2,14.0,10.2,977.6,0,79.317,21.335,-0.247,0.37,0.75,111.616,38.194,0.0491,0.3696,1.213,79.317,0.00051,71.0,0.6411,97.263,-0.012,-0.219,0.17,47.5,,1,Copernicus CAMS via Open-Meteo,Multan_Summer_2024-05-28
Multan,Summer,6,24.9,67.0,6.2,989.8,2,96.989,16.01,-0.318,0.3419,0.864,21.051,11.638,0.0,0.2128,1.971,96.989,8e-05,39.0,0.8113,11.179,0.066,-0.104,0.66,38.6,,1,Copernicus CAMS via Open-Meteo,Multan_Summer_2023-06-05
Multan,Monsoon,8,31.0,70.0,6.2,985.9,1,125.297,6.423,0.254,0.3034,0.91,44.672,9.674,0.0,0.1754,2.67,125.229,0.0001,28.0,0.9213,6.205,0.145,-0.041,0.74,58.2,,1,Copernicus CAMS via Open-Meteo,Multan_Monsoon_2024-08-25
Multan,Autumn_Harvest,9,37.0,29.0,9.6,989.1,8,123.512,6.35,0.493,0.3097,0.965,33.207,8.42,0.0,0.0765,4.286,123.056,9e-05,22.0,0.9713,4.862,0.155,-0.015,0.44,31.4,,0,Copernicus CAMS via Open-Meteo,Multan_Autumn_Harvest_2024-09-18
Multan,Monsoon,8,28.3,89.0,9.2,987.0,0,113.185,24.865,-0.008,0.3118,0.943,59.706,26.109,0.0045,0.1622,2.69,111.65,0.00029,71.0,0.9861,57.597,0.139,-0.007,0.32,26.7,,0,Copernicus CAMS via Open-Meteo,Multan_Monsoon_2024-08-05
Multan,Winter_Peak,11,15.4,73.0,8.8,1003.7,4,160.685,4.581,-0.114,0.3689,1.006,54.952,8.824,0.0,0.0356,7.81,156.742,9e-05,16.0,1.0156,4.387,0.24,0.008,0.87,139.7,,2,Copernicus CAMS via Open-Meteo,Multan_Winter_Peak_2023-11-20
Multan,Monsoon,8,33.3,72.0,12.1,987.7,2,106.551,24.201,0.061,0.3116,0.92,112.522,26.073,0.005,0.147,2.855,106.489,0.00045,72.0,0.9054,56.387,0.107,-0.05,0.44,29.2,,0,Copernicus CAMS via Open-Meteo,Multan_Monsoon_2024-08-05
Multan,Monsoon,8,35.1,63.0,7.1,987.0,1,134.57,30.636,0.125,0.3077,0.961,92.594,30.181,0.0043,0.0961,5.016,133.71,0.0003,87.0,0.9658,80.731,0.175,-0.017,0.57,24.5,,0,Copernicus CAMS via Open-Meteo,Multan_Monsoon_2024-08-05
Multan,Monsoon,7,27.7,91.0,6.6,988.1,1,203.381,9.163,-1.17,0.2589,1.041,73.696,12.763,0.0,0.0788,6.344,187.399,0.0001,29.0,1.0851,12.615,0.35,0.041,0.58,43.8,,1,Copernicus CAMS via Open-Meteo,Multan_Monsoon_2023-07-25
Multan,Autumn_Harvest,9,38.0,42.0,9.8,990.3,5,90.997,16.268,0.113,0.321,0.834,88.493,30.247,0.0102,0.2517,1.62,90.996,0.00038,54.0,0.7608,59.723,0.042,-0.136,0.49,30.4,,0,Copernicus CAMS via Open-Meteo,Multan_Autumn_Harvest_2023-09-15
Multan,Winter_Peak,12,8.8,88.0,10.4,1004.9,7,83.504,16.004,0.064,0.3448,0.884,116.652,36.62,0.0714,0.1948,1.736,83.437,0.00062,54.0,0.8161,78.174,0.047,-0.101,0.21,112.2,,2,Copernicus CAMS via Open-Meteo,Multan_Winter_Peak_2023-12-20
Multan,Autumn_Harvest,9,29.1,67.0,7.1,990.2,7,126.715,3.842,-0.197,0.3271,0.933,47.768,7.367,0.0,0.1184,3.479,126.711,0.0001,14.0,0.881,3.048,0.135,-0.063,0.56,24.3,,0,Copernicus CAMS via Open-Meteo,Multan_Autumn_Harvest_2024-09-28
Multan,Monsoon,7,35.9,52.0,15.0,988.3,1,113.09,9.938,0.093,0.3096,0.938,26.854,12.78,0.0,0.1176,3.083,113.016,9e-05,33.0,0.936,11.527,0.127,-0.033,0.58,29.2,,0,Copernicus CAMS via Open-Meteo,Multan_Monsoon_2024-07-10
Multan,Monsoon,8,27.4,94.0,10.6,986.8,1,119.805,26.05,0.038,0.3092,0.954,80.229,29.824,0.0063,0.1139,3.76,119.07,0.00031,75.0,0.9685,75.823,0.147,-0.016,0.33,25.9,,0,Copernicus CAMS via Open-Meteo,Multan_Monsoon_2024-08-05
Multan,Monsoon,7,31.6,62.0,4.5,985.1,1,116.016,11.782,1.034,0.2357,0.936,54.633,10.9,0.0007,0.1554,2.664,115.234,0.00018,37.0,0.971,11.618,0.141,-0.015,0.61,52.0,,1,Copernicus CAMS via Open-Meteo,Multan_Monsoon_2023-07-15
Multan,Autumn_Harvest,10,25.2,67.0,7.3,998.2,4,121.529,5.29,0.137,0.2891,0.904,61.906,9.244,0.0,0.1501,2.869,121.528,0.00014,23.0,0.8533,5.179,0.117,-0.079,0.61,36.0,,1,Copernicus CAMS via Open-Meteo,Multan_Autumn_Harvest_2023-10-15
Multan,Monsoon,8,34.0,56.0,9.7,989.4,1,126.853,4.674,0.264,0.2699,0.955,64.687,8.924,0.0,0.1052,3.682,126.225,0.00015,17.0,0.9712,4.473,0.161,-0.015,0.34,32.1,,0,Copernicus CAMS via Open-Meteo,Multan_Monsoon_2023-08-30
Multan,Monsoon,7,33.3,64.0,5.9,978.4,1,105.996,15.294,-0.121,0.3576,0.839,47.596,22.076,0.0,0.2567,1.872,105.996,0.00015,46.0,0.8101,32.034,0.079,-0.105,0.55,33.8,,0,Copernicus CAMS via Open-Meteo,Multan_Monsoon_2024-07-25
Multan,Autumn_Harvest,10,22.3,68.0,6.2,993.2,7,117.451,8.059,-0.134,0.3076,0.961,66.599,10.486,0.0,0.1204,3.137,115.519,0.00018,29.0,0.9958,6.978,0.149,-0.002,0.33,81.7,,2,Copernicus CAMS via Open-Meteo,Multan_Autumn_Harvest_2023-10-05
Multan,Winter_Peak,11,18.6,55.0,7.9,1002.8,3,154.128,7.233,1.288,0.2406,1.022,41.123,10.198,0.0,0.0494,6.394,147.224,9e-05,22.0,1.0255,8.018,0.23,0.013,0.61,65.0,,1,Copernicus CAMS via Open-Meteo,Multan_Winter_Peak_2023-11-30
Multan,Winter_Peak,11,22.3,61.0,0.7,1003.3,6,141.511,7.06,1.235,0.2052,0.987,55.205,10.868,0.0,0.1006,4.069,136.32,0.00012,24.0,1.0335,8.92,0.206,0.016,0.58,95.0,,2,Copernicus CAMS via Open-Meteo,Multan_Winter_Peak_2023-11-30
Multan,Winter_Peak,1,6.1,99.0,2.9,1004.2,9,48.445,2.794,-0.005,0.3525,0.988,72.595,8.155,0.0,0.0931,1.576,46.611,0.0012,6.0,0.9723,3.532,0.012,-0.014,1.29,201.2,,3,Copernicus CAMS via Open-Meteo,Multan_Winter_Peak_2024-01-05
Multan,Summer,5,33.8,44.0,15.9,986.7,1,111.018,7.343,-0.293,0.3474,0.852,53.257,14.486,0.0,0.2262,2.051,111.018,0.00013,26.0,0.7742,13.253,0.074,-0.127,0.6,28.0,,0,Copernicus CAMS via Open-Meteo,Multan_Summer_2023-05-25
Multan,Monsoon,7,33.5,66.0,8.7,987.2,0,173.669,7.248,-0.987,0.2366,1.018,35.243,9.905,0.0,0.0617,6.246,164.069,7e-05,26.0,1.0585,8.495,0.279,0.028,0.94,37.4,,1,Copernicus CAMS via Open-Meteo,Multan_Monsoon_2023-07-25
Multan,Autumn_Harvest,9,33.3,51.0,13.0,991.6,4,151.331,24.043,0.886,0.3028,1.013,279.112,28.761,0.0391,0.054,6.227,144.942,0.00073,64.0,1.0437,137.912,0.229,0.021,0.57,22.1,,0,Copernicus CAMS via Open-Meteo,Multan_Autumn_Harvest_2023-09-25
Multan,Winter_Peak,12,11.3,95.0,6.8,1000.5,6,106.705,9.387,-0.35,0.3356,0.914,31.224,15.503,0.0,0.1416,2.615,106.684,0.0001,33.0,0.8731,16.508,0.099,-0.068,0.64,110.1,,2,Copernicus CAMS via Open-Meteo,Multan_Winter_Peak_2023-12-10
Multan,Summer,4,19.9,77.0,12.6,991.5,1,46.65,12.762,0.015,0.3215,0.666,29.584,15.967,0.0021,0.4499,0.675,46.65,0.00028,54.0,0.5776,19.984,-0.055,-0.268,0.23,27.6,,0,Copernicus CAMS via Open-Meteo,Multan_Summer_2024-04-20
Multan,Winter_Peak,11,22.2,73.0,6.5,996.2,5,130.502,5.709,0.069,0.3007,0.984,69.393,9.771,0.0,0.0805,4.36,127.478,0.00016,22.0,1.0123,5.504,0.179,0.006,0.61,100.1,,2,Copernicus CAMS via Open-Meteo,Multan_Winter_Peak_2024-11-01
Multan,Monsoon,7,37.9,49.0,5.3,976.3,1,94.679,13.193,-0.042,0.3177,0.858,37.2,19.535,0.0,0.2166,1.827,94.679,0.00015,39.0,0.8007,24.588,0.059,-0.111,0.57,36.3,,1,Copernicus CAMS via Open-Meteo,Multan_Monsoon_2024-07-25
Multan,Summer,6,35.2,37.0,9.6,978.6,0,141.719,8.72,1.414,0.1537,0.948,71.179,12.239,0.0,0.106,4.063,141.687,0.00015,29.0,0.8943,18.236,0.165,-0.056,1.03,48.9,,1,Copernicus CAMS via Open-Meteo,Multan_Summer_2024-06-20
Multan,Summer,6,32.5,21.0,10.7,985.7,1,91.034,10.219,0.098,0.2923,0.837,35.805,9.841,0.0,0.264,1.569,91.034,0.00013,30.0,0.737,6.053,0.035,-0.151,0.24,49.5,,1,Copernicus CAMS via Open-Meteo,Multan_Summer_2024-06-10
Multan,Winter_Peak,1,16.8,68.0,7.2,1001.6,10,57.508,2.933,0.003,0.3673,1.038,77.665,8.536,0.0,0.1009,1.691,52.441,0.00103,6.0,1.0705,3.837,0.04,0.034,0.66,103.8,,2,Copernicus CAMS via Open-Meteo,Multan_Winter_Peak_2024-01-15
Multan,Summer,5,28.2,34.0,10.8,988.5,2,102.626,18.0,-0.255,0.3394,0.844,87.615,28.215,0.0029,0.2412,1.914,102.626,0.00027,48.0,0.7673,50.866,0.06,-0.132,0.32,28.0,,0,Copernicus CAMS via Open-Meteo,Multan_Summer_2024-05-18
Multan,Winter_Peak,12,13.5,94.0,8.6,1004.7,7,153.433,12.928,0.882,0.2346,0.967,80.591,13.873,0.0124,0.0695,5.544,152.844,0.00017,53.0,0.9688,19.513,0.211,-0.016,0.93,80.6,,2,Copernicus CAMS via Open-Meteo,Multan_Winter_Peak_2023-12-01
Multan,Summer,6,29.7,70.0,3.6,982.1,0,139.342,8.695,1.424,0.1662,0.929,46.393,10.62,0.0,0.1536,3.19,139.339,0.00011,29.0,0.8466,17.855,0.144,-0.083,0.96,74.0,,1,Copernicus CAMS via Open-Meteo,Multan_Summer_2024-06-20
Multan,Winter_Peak,11,22.9,68.0,8.0,996.7,8,141.12,5.593,0.141,0.3272,0.951,19.225,7.47,0.0,0.0932,4.322,141.018,4e-05,24.0,0.9505,3.803,0.182,-0.025,0.67,105.9,,2,Copernicus CAMS via Open-Meteo,Multan_Winter_Peak_2024-11-01
Multan,Monsoon,8,31.2,78.0,6.9,984.5,1,119.482,27.487,0.133,0.302,0.94,89.349,27.718,0.0049,0.1179,3.836,119.319,0.00034,79.0,0.9323,65.075,0.137,-0.035,0.79,65.9,,1,Copernicus CAMS via Open-Meteo,Multan_Monsoon_2024-08-05
Multan,Winter_Peak,11,29.1,44.0,4.0,1000.9,9,157.676,5.811,0.476,0.2978,0.972,51.116,8.585,0.0,0.0678,5.769,157.057,9e-05,19.0,0.9818,4.284,0.223,-0.009,0.81,80.8,,2,Copernicus CAMS via Open-Meteo,Multan_Winter_Peak_2023-11-05
Multan,Summer,5,32.9,27.0,6.6,986.9,2,90.072,16.146,-0.222,0.3315,0.853,91.252,25.799,0.0045,0.2336,1.72,90.072,0.00036,43.0,0.7745,40.168,0.045,-0.127,0.58,46.6,,1,Copernicus CAMS via Open-Meteo,Multan_Summer_2024-05-18
Multan,Winter_Peak,11,26.7,39.0,3.5,999.6,8,127.534,5.623,0.397,0.2845,1.0,43.973,8.855,0.0,0.0569,5.057,123.939,0.00011,20.0,0.9747,4.747,0.164,-0.013,0.76,80.1,,2,Copernicus CAMS via Open-Meteo,Multan_Winter_Peak_2024-11-25
Multan,Summer,4,21.8,69.0,12.9,991.8,0,47.735,12.794,0.093,0.3085,0.65,49.714,17.623,0.0028,0.4669,0.688,47.735,0.00039,54.0,0.5589,23.423,-0.06,-0.283,0.24,24.7,,0,Copernicus CAMS via Open-Meteo,Multan_Summer_2024-04-20
Multan,Monsoon,7,31.7,63.0,6.6,987.2,1,125.319,11.36,0.076,0.3328,0.908,80.354,16.25,0.0,0.15,2.968,125.318,0.00018,39.0,0.8693,17.887,0.129,-0.07,0.65,39.1,,1,Copernicus CAMS via Open-Meteo,Multan_Monsoon_2024-07-10
Multan,Autumn_Harvest,10,30.8,45.0,0.8,999.7,9,142.263,5.54,-0.19,0.3055,1.004,40.038,8.351,0.0,0.0769,4.712,135.771,8e-05,21.0,1.0461,4.208,0.211,0.023,0.38,56.6,,1,Copernicus CAMS via Open-Meteo,Multan_Autumn_Harvest_2024-10-22
Multan,Autumn_Harvest,9,38.6,39.0,10.3,989.9,6,81.011,14.955,0.112,0.3282,0.859,76.676,26.582,0.0147,0.2296,1.523,81.009,0.0004,48.0,0.776,43.859,0.033,-0.126,0.5,23.1,,0,Copernicus CAMS via Open-Meteo,Multan_Autumn_Harvest_2023-09-15
Multan,Monsoon,8,31.1,66.0,15.5,987.1,0,105.082,16.425,0.96,0.2238,0.921,53.321,21.393,0.0122,0.1688,2.351,104.902,0.00026,52.0,0.9434,38.014,0.114,-0.029,0.69,43.1,,1,Copernicus CAMS via Open-Meteo,Multan_Monsoon_2023-08-05
Multan,Monsoon,7,35.3,54.0,12.0,984.9,2,119.167,10.243,0.146,0.3094,0.907,30.512,14.039,0.0,0.1809,2.505,119.151,8e-05,36.0,0.9177,14.029,0.133,-0.043,0.59,51.1,,1,Copernicus CAMS via Open-Meteo,Multan_Monsoon_2024-07-10
Multan,Monsoon,8,28.9,84.0,1.5,987.2,1,122.996,6.264,0.257,0.284,0.922,47.112,9.589,0.0,0.1381,3.083,122.99,0.00011,27.0,0.8601,5.953,0.122,-0.075,0.65,85.9,,2,Copernicus CAMS via Open-Meteo,Multan_Monsoon_2024-08-25
Multan,Autumn_Harvest,10,33.2,33.0,5.1,996.4,10,115.399,9.728,-0.401,0.3395,0.961,31.054,9.703,0.0,0.0757,4.266,114.887,9e-05,29.0,0.9459,6.591,0.133,-0.028,0.21,29.8,,0,Copernicus CAMS via Open-Meteo,Multan_Autumn_Harvest_2024-10-15
Multan,Monsoon,8,36.6,53.0,16.6,986.9,0,114.28,15.913,0.766,0.2419,0.895,70.111,22.612,0.0072,0.1734,2.532,114.28,0.00024,49.0,0.8727,39.596,0.111,-0.068,0.83,40.9,,1,Copernicus CAMS via Open-Meteo,Multan_Monsoon_2023-08-05
Multan,Summer,5,18.2,55.0,6.2,990.3,0,96.013,17.817,-0.24,0.3372,0.804,110.995,29.435,0.0053,0.2911,1.639,96.013,0.00032,49.0,0.7498,52.224,0.045,-0.143,0.15,22.9,,0,Copernicus CAMS via Open-Meteo,Multan_Summer_2024-05-01
Multan,Winter_Peak,11,21.4,64.0,5.4,1006.0,6,144.278,4.025,-0.111,0.3159,1.013,35.423,7.455,0.0,0.0802,4.564,135.972,8e-05,14.0,0.9803,3.273,0.197,-0.01,1.28,105.9,,2,Copernicus CAMS via Open-Meteo,Multan_Winter_Peak_2023-11-20
Multan,Winter_Peak,11,14.8,88.0,6.6,1000.7,9,151.213,7.098,1.167,0.2516,1.043,62.88,10.881,0.0,0.0871,4.62,138.195,0.00013,20.0,1.0934,8.019,0.242,0.045,0.93,112.7,,2,Copernicus CAMS via Open-Meteo,Multan_Winter_Peak_2023-11-30
Multan,Monsoon,7,39.6,36.0,13.9,981.7,2,124.3,10.594,0.968,0.2329,0.928,49.231,10.274,0.0004,0.1184,3.383,124.284,0.00015,35.0,0.9065,8.44,0.139,-0.049,0.61,36.3,,1,Copernicus CAMS via Open-Meteo,Multan_Monsoon_2023-07-15
Multan,Monsoon,8,37.2,43.0,10.6,988.3,0,128.402,4.739,0.259,0.3096,0.955,54.755,8.542,0.0,0.0932,4.013,128.031,0.00012,19.0,0.961,4.119,0.162,-0.02,0.42,33.3,,0,Copernicus CAMS via Open-Meteo,Multan_Monsoon_2023-08-30
Multan,Summer,6,32.1,30.0,0.7,986.1,4,95.266,10.682,0.043,0.3162,0.831,42.728,10.344,0.0,0.2624,1.648,95.266,0.00014,31.0,0.7389,6.797,0.041,-0.15,0.34,51.8,,1,Copernicus CAMS via Open-Meteo,Multan_Summer_2024-06-10
Multan,Autumn_Harvest,10,27.7,48.0,6.2,997.9,8,150.258,6.364,-0.123,0.3308,1.033,81.581,10.617,0.0,0.0638,5.549,140.999,0.00016,22.0,1.0526,6.48,0.229,0.026,0.6,111.8,,2,Copernicus CAMS via Open-Meteo,Multan_Autumn_Harvest_2024-10-22
Multan,Summer,6,37.5,25.0,4.4,987.2,0,89.842,14.904,-0.201,0.3083,0.811,34.156,12.703,0.0,0.2788,1.548,89.842,0.00012,39.0,0.7429,12.469,0.035,-0.148,0.35,19.8,,0,Copernicus CAMS via Open-Meteo,Multan_Summer_2023-06-05
Multan,Summer,5,46.3,8.0,12.6,978.1,1,71.953,18.519,-0.264,0.3477,0.773,71.721,33.99,0.0514,0.3436,1.13,71.953,0.00045,60.0,0.6661,72.487,-0.01,-0.2,0.37,30.4,,0,Copernicus CAMS via Open-Meteo,Multan_Summer_2024-05-28
Multan,Winter_Peak,12,6.9,92.0,8.8,1005.6,10,76.24,14.623,0.022,0.3586,0.869,60.406,30.974,0.0493,0.222,1.462,76.136,0.00041,51.0,0.8514,63.415,0.043,-0.08,0.18,110.1,,2,Copernicus CAMS via Open-Meteo,Multan_Winter_Peak_2023-12-20
Multan,Winter_Peak,12,9.5,86.0,8.9,1005.0,10,88.285,17.314,0.028,0.36,0.898,128.725,36.86,0.0638,0.1756,1.969,88.11,0.00063,57.0,0.8484,84.03,0.062,-0.082,0.24,120.1,,2,Copernicus CAMS via Open-Meteo,Multan_Winter_Peak_2023-12-20
Multan,Autumn_Harvest,9,31.9,59.0,9.6,990.0,5,135.261,4.139,-0.225,0.304,0.937,44.346,7.267,0.0,0.1005,4.062,135.259,9e-05,15.0,0.9062,2.952,0.158,-0.049,0.65,39.3,,1,Copernicus CAMS via Open-Meteo,Multan_Autumn_Harvest_2024-09-28
Multan,Autumn_Harvest,10,28.8,45.0,4.7,999.7,6,123.049,5.796,0.056,0.3471,0.919,48.809,10.284,0.0,0.1462,2.92,123.03,0.00011,25.0,0.9161,6.768,0.139,-0.044,0.63,59.6,,1,Copernicus CAMS via Open-Meteo,Multan_Autumn_Harvest_2023-10-25
Multan,Monsoon,8,36.8,50.0,7.3,987.2,3,121.931,6.839,0.115,0.3125,0.986,82.143,10.771,0.0,0.0575,4.977,120.002,0.00022,25.0,0.9756,7.047,0.153,-0.012,0.63,36.4,,1,Copernicus CAMS via Open-Meteo,Multan_Monsoon_2024-08-25
Multan,Autumn_Harvest,10,28.8,45.0,4.7,999.7,6,136.355,6.359,0.045,0.3197,0.956,65.259,11.039,0.0,0.0789,4.694,136.19,0.00013,24.0,0.9429,7.59,0.171,-0.029,0.63,59.6,,1,Copernicus CAMS via Open-Meteo,Multan_Autumn_Harvest_2023-10-25
Multan,Summer,6,30.9,24.0,8.6,986.3,1,95.626,10.54,0.112,0.3229,0.845,16.506,9.173,0.0,0.2293,1.78,95.626,7e-05,31.0,0.7765,5.779,0.054,-0.126,0.24,59.0,,1,Copernicus CAMS via Open-Meteo,Multan_Summer_2024-06-10
Multan,Winter_Peak,12,14.6,66.0,5.3,999.7,14,118.431,7.669,0.165,0.2827,1.002,36.909,12.447,0.0,0.0548,5.026,114.661,0.00012,26.0,1.0216,10.781,0.157,0.011,0.19,92.7,,2,Copernicus CAMS via Open-Meteo,Multan_Winter_Peak_2024-12-05
Multan,Autumn_Harvest,9,37.0,38.0,1.9,983.9,7,97.415,12.772,-0.135,0.3516,0.926,41.109,19.951,0.0002,0.1343,2.608,97.233,0.00018,39.0,0.9111,26.674,0.092,-0.047,0.61,32.8,,0,Copernicus CAMS via Open-Meteo,Multan_Autumn_Harvest_2024-09-10
Multan,Winter_Peak,1,12.2,83.0,4.4,1005.7,7,57.068,2.753,0.003,0.3001,1.021,69.673,8.08,0.0,0.0942,1.771,53.056,0.00089,6.0,1.0601,3.428,0.038,0.029,1.17,168.6,,3,Copernicus CAMS via Open-Meteo,Multan_Winter_Peak_2024-01-05
Multan,Autumn_Harvest,10,19.9,79.0,6.9,999.8,9,145.618,6.922,-0.003,0.3079,1.001,72.495,11.448,0.0,0.0627,5.52,140.809,0.00015,25.0,0.975,8.102,0.198,-0.013,0.54,81.5,,2,Copernicus CAMS via Open-Meteo,Multan_Autumn_Harvest_2023-10-25
Multan,Autumn_Harvest,10,28.0,50.0,5.6,994.2,7,135.269,5.917,0.152,0.2922,0.951,68.138,9.778,0.0,0.1291,3.479,134.164,0.00015,25.0,0.8761,5.777,0.148,-0.066,0.51,50.1,,1,Copernicus CAMS via Open-Meteo,Multan_Autumn_Harvest_2023-10-15
Multan,Summer,6,34.8,50.0,4.1,980.4,1,155.7,9.643,1.41,0.1596,0.948,74.895,12.799,0.0,0.0977,4.664,155.696,0.00014,32.0,0.9026,22.516,0.192,-0.051,1.09,78.0,,2,Copernicus CAMS via Open-Meteo,Multan_Summer_2024-06-20
Multan,Monsoon,7,36.1,52.0,8.0,983.3,0,116.757,11.836,1.147,0.2193,0.944,24.474,9.114,0.0007,0.0912,3.736,116.743,0.00012,37.0,0.9182,11.041,0.129,-0.043,0.61,37.3,,1,Copernicus CAMS via Open-Meteo,Multan_Monsoon_2023-07-15
Multan,Winter_Peak,11,15.0,85.0,2.0,1000.9,11,154.516,6.803,0.344,0.3104,0.994,80.275,11.653,0.0,0.0433,7.04,151.887,0.00014,24.0,1.001,7.883,0.223,0.001,0.64,122.9,,2,Copernicus CAMS via Open-Meteo,Multan_Winter_Peak_2024-11-25
Multan,Summer,6,33.8,50.0,18.9,981.4,1,169.422,9.709,1.782,0.1476,1.013,49.186,10.547,0.0,0.0295,8.542,164.761,0.0001,28.0,1.0106,19.229,0.256,0.005,0.78,44.6,,1,Copernicus CAMS via Open-Meteo,Multan_Summer_2024-06-20
Multan,Autumn_Harvest,10,24.6,60.0,11.2,994.6,4,108.589,9.524,-0.485,0.337,0.898,53.073,11.53,0.0,0.1619,2.487,108.577,0.00014,32.0,0.8654,9.344,0.1,-0.072,0.11,47.8,,1,Copernicus CAMS via Open-Meteo,Multan_Autumn_Harvest_2024-10-15
Multan,Summer,5,27.2,56.0,6.4,987.3,0,103.708,6.982,-0.312,0.3264,0.887,28.654,12.362,0.0,0.1805,2.17,103.708,9e-05,24.0,0.8197,10.004,0.079,-0.099,0.66,24.7,,0,Copernicus CAMS via Open-Meteo,Multan_Summer_2023-05-25
Multan,Winter_Peak,11,15.0,85.0,2.0,1000.9,6,127.225,5.784,0.277,0.2771,0.983,72.136,10.359,0.0,0.05,5.523,125.956,0.00017,20.0,0.982,6.208,0.165,-0.009,0.64,122.9,,2,Copernicus CAMS via Open-Meteo,Multan_Winter_Peak_2024-11-25
Multan,Monsoon,7,32.2,62.0,7.9,987.0,2,122.008,10.492,0.037,0.3222,0.925,17.775,12.453,0.0,0.1356,3.036,122.007,5e-05,35.0,0.8643,11.664,0.122,-0.073,0.64,41.0,,1,Copernicus CAMS via Open-Meteo,Multan_Monsoon_2024-07-10
Multan,Summer,4,19.1,81.0,13.1,992.6,0,50.143,13.677,0.098,0.3358,0.672,70.38,18.261,0.0032,0.4674,0.723,50.143,0.00049,55.0,0.5371,24.229,-0.066,-0.301,0.24,34.2,,0,Copernicus CAMS via Open-Meteo,Multan_Summer_2024-04-20
Multan,Summer,6,40.5,32.0,13.5,980.6,3,164.519,10.063,1.472,0.1557,1.034,73.803,12.336,0.0,0.0581,6.142,154.968,0.00015,30.0,1.0455,19.928,0.257,0.022,0.88,66.8,,1,Copernicus CAMS via Open-Meteo,Multan_Summer_2024-06-20
Multan,Winter_Peak,11,15.7,87.0,7.7,1005.3,5,138.626,3.521,-0.321,0.348,0.979,12.948,5.618,0.0,0.1201,3.546,133.89,3e-05,14.0,1.0344,2.038,0.201,0.017,1.41,101.7,,2,Copernicus CAMS via Open-Meteo,Multan_Winter_Peak_2023-11-20
Multan,Monsoon,7,28.2,89.0,5.8,988.7,0,189.987,8.446,-1.36,0.226,1.043,30.322,9.686,0.0,0.0865,5.524,173.575,6e-05,28.0,1.0946,8.732,0.325,0.045,0.99,31.4,,0,Copernicus CAMS via Open-Meteo,Multan_Monsoon_2023-07-25
Multan,Summer,6,32.5,21.0,10.7,985.7,1,99.872,11.042,0.107,0.3039,0.849,18.391,9.589,0.0,0.2224,1.902,99.872,7e-05,32.0,0.7926,6.343,0.065,-0.116,0.24,49.5,,1,Copernicus CAMS via Open-Meteo,Multan_Summer_2024-06-10
Multan,Winter_Peak,1,11.3,91.0,6.2,1004.1,6,54.384,1.901,0.008,0.2751,0.978,34.167,5.655,0.0,0.0738,1.99,53.542,0.00044,4.0,0.9461,1.682,0.021,-0.028,0.66,145.8,,2,Copernicus CAMS via Open-Meteo,Multan_Winter_Peak_2024-01-15
Multan,Winter_Peak,11,15.3,83.0,2.7,1000.5,4,134.635,6.077,0.238,0.3089,1.045,80.946,10.778,0.0,0.1354,2.977,117.799,0.0002,20.0,1.1429,6.65,0.217,0.067,0.59,115.5,,2,Copernicus CAMS via Open-Meteo,Multan_Winter_Peak_2024-11-25
Multan,Monsoon,7,31.3,68.0,10.9,986.9,1,104.209,9.698,-0.011,0.318,0.904,65.16,13.411,0.0,0.1557,2.42,104.207,0.00021,32.0,0.8584,11.607,0.091,-0.076,0.68,38.3,,1,Copernicus CAMS via Open-Meteo,Multan_Monsoon_2024-07-10
Multan,Autumn_Harvest,9,28.2,69.0,9.2,985.1,6,98.909,13.025,-0.187,0.3504,0.946,28.283,19.356,0.0003,0.117,2.945,98.378,0.00014,39.0,0.9529,25.541,0.104,-0.024,0.41,53.7,,1,Copernicus CAMS via Open-Meteo,Multan_Autumn_Harvest_2024-09-10
Multan,Winter_Peak,12,23.2,55.0,12.3,1003.9,9,147.729,12.439,0.777,0.2373,0.991,45.696,11.306,0.0108,0.0338,7.334,146.602,0.00014,50.0,0.9786,16.123,0.203,-0.011,1.0,82.2,,2,Copernicus CAMS via Open-Meteo,Multan_Winter_Peak_2023-12-01
Multan,Summer,5,30.2,28.0,6.9,978.5,1,78.917,20.651,-0.26,0.3479,0.752,134.212,38.793,0.0517,0.3756,1.198,78.917,0.00056,69.0,0.6334,96.978,-0.015,-0.224,0.16,29.6,,0,Copernicus CAMS via Open-Meteo,Multan_Summer_2024-05-28
Multan,Monsoon,8,34.7,58.0,7.7,987.6,2,119.087,7.273,0.569,0.3044,0.994,73.135,11.39,0.0,0.0509,5.107,116.598,0.00022,27.0,0.9992,8.399,0.153,-0.0,0.61,53.9,,1,Copernicus CAMS via Open-Meteo,Multan_Monsoon_2023-08-20
Multan,Winter_Peak,1,18.1,63.0,8.9,999.9,9,47.543,1.719,0.007,0.285,0.982,28.442,5.131,0.0,0.0645,1.869,46.803,0.00048,4.0,0.982,1.389,0.012,-0.009,0.68,91.3,,2,Copernicus CAMS via Open-Meteo,Multan_Winter_Peak_2024-01-15
Multan,Winter_Peak,12,18.8,72.0,10.5,1006.6,9,153.588,12.62,0.994,0.237,1.03,58.261,11.957,0.011,0.0594,5.966,144.755,0.00016,48.0,1.0592,15.056,0.238,0.029,1.1,87.1,,2,Copernicus CAMS via Open-Meteo,Multan_Winter_Peak_2023-12-01
Multan,Winter_Peak,11,15.5,85.0,4.9,1001.0,6,158.563,7.502,1.182,0.2287,1.009,80.01,11.921,0.0,0.0424,7.221,153.69,0.00014,23.0,1.0169,9.561,0.236,0.008,0.96,113.9,,2,Copernicus CAMS via Open-Meteo,Multan_Winter_Peak_2023-11-30
Multan,Winter_Peak,1,6.1,99.0,7.1,1002.7,15,48.807,1.58,-0.008,0.3286,0.987,23.679,4.717,0.0,0.0544,2.06,48.039,0.00039,3.0,0.9794,1.17,0.014,-0.01,0.85,252.4,,3,Copernicus CAMS via Open-Meteo,Multan_Winter_Peak_2024-01-05
Multan,Monsoon,8,34.7,63.0,9.3,989.9,0,122.481,7.013,0.479,0.3213,0.994,24.425,9.14,0.0,0.0476,5.343,120.062,8e-05,26.0,1.009,6.202,0.162,0.004,0.8,52.6,,1,Copernicus CAMS via Open-Meteo,Multan_Monsoon_2023-08-20
Multan,Autumn_Harvest,10,22.4,59.0,2.2,996.2,7,106.82,9.188,-0.492,0.3453,0.964,22.143,9.602,0.0,0.1022,3.234,105.397,8e-05,28.0,0.9868,6.952,0.127,-0.007,0.2,73.1,,1,Copernicus CAMS via Open-Meteo,Multan_Autumn_Harvest_2024-10-15
Multan,Autumn_Harvest,9,32.9,42.0,7.3,989.4,6,113.919,5.855,0.519,0.3171,0.922,36.079,8.523,0.0,0.1674,2.493,113.806,9e-05,22.0,0.9485,4.791,0.131,-0.026,0.54,49.7,,1,Copernicus CAMS via Open-Meteo,Multan_Autumn_Harvest_2024-09-18
Multan,Summer,6,37.1,33.0,12.2,989.8,2,88.765,14.8,-0.203,0.3094,0.855,14.546,11.117,0.0,0.2372,1.658,88.765,7e-05,36.0,0.7723,9.998,0.043,-0.128,0.65,31.2,,0,Copernicus CAMS via Open-Meteo,Multan_Summer_2023-06-05
Multan,Autumn_Harvest,10,24.7,60.0,8.6,999.0,11,150.657,6.068,-0.137,0.3509,1.037,51.272,8.845,0.0,0.0653,5.411,140.955,0.00011,21.0,1.057,4.614,0.231,0.028,0.37,64.0,,1,Copernicus CAMS via Open-Meteo,Multan_Autumn_Harvest_2024-10-22
Multan,Winter_Peak,1,6.3,99.0,7.9,1003.0,13,45.207,2.031,0.004,0.2597,0.987,38.66,5.973,0.0,0.0869,1.518,43.738,0.00074,5.0,0.9536,1.891,0.004,-0.024,0.83,253.3,,3,Copernicus CAMS via Open-Meteo,Multan_Winter_Peak_2024-01-05
Multan,Summer,6,34.8,50.0,4.1,980.4,1,165.934,10.487,1.355,0.1604,0.976,105.953,14.661,0.0007,0.0476,7.341,165.642,0.00017,33.0,0.959,24.696,0.231,-0.021,1.09,78.0,,2,Copernicus CAMS via Open-Meteo,Multan_Summer_2024-06-20
Multan,Winter_Peak,11,15.0,85.0,2.0,1000.9,8,139.937,5.953,0.34,0.3221,1.013,39.215,8.737,0.0,0.0448,6.109,135.055,9e-05,21.0,1.0071,4.825,0.196,0.004,0.64,122.9,,2,Copernicus CAMS via Open-Meteo,Multan_Winter_Peak_2024-11-25
Multan,Winter_Peak,11,20.0,74.0,3.6,998.4,6,200.844,1.546,-0.003,0.3316,0.94,22.892,4.622,0.0,0.0906,6.183,200.844,2e-05,4.0,0.9142,1.124,0.277,-0.045,2.3,149.5,,2,Copernicus CAMS via Open-Meteo,Multan_Winter_Peak_2024-11-15
Multan,Summer,6,30.3,47.0,6.4,987.4,4,97.645,16.004,-0.25,0.3215,0.864,34.099,12.734,0.0,0.2138,1.976,97.645,0.00012,39.0,0.8062,12.403,0.065,-0.107,0.29,30.0,,0,Copernicus CAMS via Open-Meteo,Multan_Summer_2023-06-05
Multan,Summer,4,25.0,48.0,10.5,993.2,0,51.21,13.685,0.101,0.3098,0.7,21.405,16.714,0.0031,0.4159,0.751,51.21,0.00021,54.0,0.5949,21.587,-0.048,-0.254,0.15,17.6,,0,Copernicus CAMS via Open-Meteo,Multan_Summer_2024-04-20
Multan,Monsoon,8,27.9,90.0,8.0,986.1,0,128.462,29.173,0.085,0.3036,0.951,70.989,29.322,0.0046,0.1176,4.023,127.882,0.00028,83.0,0.9629,77.609,0.162,-0.019,0.38,25.6,,0,Copernicus CAMS via Open-Meteo,Multan_Monsoon_2024-08-05
Multan,Winter_Peak,11,31.0,33.0,5.4,997.7,5,153.337,6.249,0.773,0.2838,0.946,59.713,9.261,0.0,0.0932,4.736,153.326,0.0001,19.0,0.934,4.95,0.199,-0.034,0.76,66.1,,1,Copernicus CAMS via Open-Meteo,Multan_Winter_Peak_2023-11-05
Multan,Autumn_Harvest,10,24.6,63.0,8.3,990.5,3,121.35,8.01,-0.116,0.3014,0.96,27.294,8.671,0.0,0.0718,4.424,121.23,8e-05,29.0,0.9425,5.375,0.143,-0.03,0.38,85.9,,2,Copernicus CAMS via Open-Meteo,Multan_Autumn_Harvest_2023-10-05
Multan,Monsoon,8,29.5,79.0,1.5,988.6,0,126.856,21.339,1.102,0.2368,1.019,102.102,18.587,0.0079,0.0675,4.616,119.847,0.00039,63.0,1.0564,42.562,0.182,0.027,0.86,42.7,,1,Copernicus CAMS via Open-Meteo,Multan_Monsoon_2024-08-12
Multan,Monsoon,7,40.2,41.0,4.4,976.6,4,89.565,12.964,-0.039,0.3171,0.838,76.326,19.899,0.0,0.2443,1.621,89.565,0.00027,39.0,0.7714,24.82,0.044,-0.129,0.69,33.1,,0,Copernicus CAMS via Open-Meteo,Multan_Monsoon_2024-07-25
Multan,Winter_Peak,11,23.7,54.0,6.4,1005.8,8,160.614,4.755,-0.108,0.3653,1.032,69.545,9.576,0.0,0.1003,4.391,145.937,0.00012,15.0,1.1005,5.145,0.264,0.048,1.27,110.1,,2,Copernicus CAMS via Open-Meteo,Multan_Winter_Peak_2023-11-20
Multan,Monsoon,7,26.7,93.0,5.9,987.2,3,180.036,8.075,-0.938,0.245,0.999,92.668,13.184,0.0,0.0552,7.214,175.101,0.00013,27.0,1.026,12.134,0.282,0.013,0.54,41.6,,1,Copernicus CAMS via Open-Meteo,Multan_Monsoon_2023-07-25
Multan,Summer,6,37.1,33.0,12.2,989.8,1,88.605,14.547,-0.206,0.3166,0.851,14.403,10.999,0.0,0.2346,1.673,88.605,8e-05,37.0,0.7782,9.976,0.044,-0.125,0.65,31.2,,0,Copernicus CAMS via Open-Meteo,Multan_Summer_2023-06-05
Multan,Autumn_Harvest,9,34.3,49.0,10.8,989.0,11,94.175,17.465,0.115,0.338,0.892,86.413,29.832,0.0145,0.1882,1.998,94.126,0.00039,53.0,0.8179,54.7,0.064,-0.1,0.51,38.4,,1,Copernicus CAMS via Open-Meteo,Multan_Autumn_Harvest_2023-09-15
Multan,Winter_Peak,1,5.7,100.0,4.7,1002.4,14,52.545,1.067,0.008,0.1759,1.009,11.556,3.267,0.0,0.0736,1.788,49.956,0.00017,3.0,1.0513,0.567,0.028,0.025,0.92,254.3,,3,Copernicus CAMS via Open-Meteo,Multan_Winter_Peak_2024-01-05
Multan,Monsoon,7,32.6,72.0,10.4,985.4,0,164.236,6.276,-0.634,0.2343,0.998,47.617,10.215,0.0,0.0425,7.353,160.983,8e-05,22.0,1.0182,8.146,0.248,0.009,0.65,37.4,,1,Copernicus CAMS via Open-Meteo,Multan_Monsoon_2023-07-25
Multan,Autumn_Harvest,10,26.4,36.0,14.0,994.1,5,96.508,8.397,-0.446,0.3496,0.984,31.295,9.096,0.0,0.0785,3.416,94.233,0.00014,25.0,1.0074,5.765,0.111,0.004,0.12,28.5,,0,Copernicus CAMS via Open-Meteo,Multan_Autumn_Harvest_2024-10-15
Multan,Autumn_Harvest,10,24.8,77.0,7.0,989.9,9,104.021,5.896,-0.11,0.3583,0.989,13.672,6.919,0.0,0.0761,3.565,101.387,6e-05,21.0,1.021,3.519,0.128,0.01,0.25,77.5,,2,Copernicus CAMS via Open-Meteo,Multan_Autumn_Harvest_2024-10-05
Multan,Monsoon,7,38.4,43.0,8.1,985.4,2,108.185,11.354,0.996,0.2352,0.931,71.804,11.383,0.0008,0.1392,2.699,107.939,0.00026,36.0,0.9383,10.93,0.118,-0.032,0.67,40.6,,1,Copernicus CAMS via Open-Meteo,Multan_Monsoon_2023-07-15
Multan,Winter_Peak,12,15.5,76.0,4.7,999.4,6,114.186,7.265,0.191,0.3084,0.957,35.871,12.352,0.0,0.1136,3.151,112.681,0.00011,27.0,0.9798,10.692,0.139,-0.01,0.27,204.9,,3,Copernicus CAMS via Open-Meteo,Multan_Winter_Peak_2024-12-05
Multan,Autumn_Harvest,10,28.0,57.0,7.5,990.7,6,124.101,8.061,-0.075,0.2935,0.962,18.712,8.582,0.0,0.0694,4.624,124.024,6e-05,30.0,0.9361,5.548,0.147,-0.033,0.35,63.6,,1,Copernicus CAMS via Open-Meteo,Multan_Autumn_Harvest_2023-10-05
Multan,Winter_Peak,11,15.7,87.0,7.7,1005.3,10,156.671,4.167,-0.173,0.3647,0.983,26.72,7.153,0.0,0.0519,6.464,155.364,4e-05,15.0,0.994,3.152,0.225,-0.003,1.41,101.7,,2,Copernicus CAMS via Open-Meteo,Multan_Winter_Peak_2023-11-20
Multan,Autumn_Harvest,10,22.7,58.0,2.0,995.4,11,109.021,9.569,-0.628,0.3616,0.911,42.043,10.877,0.0,0.1456,2.663,109.015,0.00012,31.0,0.8605,8.367,0.099,-0.075,0.2,69.2,,1,Copernicus CAMS via Open-Meteo,Multan_Autumn_Harvest_2024-10-15
Multan,Monsoon,7,28.7,87.0,8.4,988.2,1,198.117,8.644,-1.096,0.2397,1.082,69.671,12.15,0.0,0.1399,4.134,170.415,0.0001,27.0,1.1625,11.091,0.363,0.075,0.62,44.7,,1,Copernicus CAMS via Open-Meteo,Multan_Monsoon_2023-07-25
Multan,Winter_Peak,12,20.7,65.0,10.9,1006.1,8,154.465,12.924,0.931,0.2329,1.02,45.263,11.639,0.0122,0.0762,5.035,144.347,0.00013,50.0,1.0701,17.697,0.243,0.034,1.08,88.9,,2,Copernicus CAMS via Open-Meteo,Multan_Winter_Peak_2023-12-01
Multan,Summer,4,21.6,67.0,13.0,994.1,3,50.638,13.926,0.016,0.3386,0.705,44.554,16.027,0.0017,0.4093,0.747,50.638,0.00038,54.0,0.6052,20.675,-0.045,-0.246,0.25,39.2,,1,Copernicus CAMS via Open-Meteo,Multan_Summer_2024-04-20
Multan,Monsoon,7,31.2,68.0,10.5,986.8,1,106.169,9.612,0.001,0.3421,0.873,23.543,12.608,0.0,0.2048,2.072,106.169,8e-05,34.0,0.7954,11.627,0.075,-0.114,0.68,38.0,,1,Copernicus CAMS via Open-Meteo,Multan_Monsoon_2024-07-10
Multan,Winter_Peak,11,15.2,88.0,7.4,1000.4,5,152.426,7.704,1.469,0.1973,1.043,23.104,9.424,0.0,0.0822,4.794,139.928,7e-05,24.0,1.0891,7.367,0.243,0.043,0.75,96.6,,2,Copernicus CAMS via Open-Meteo,Multan_Winter_Peak_2023-11-30
Multan,Autumn_Harvest,10,30.0,43.0,5.1,997.8,7,109.399,9.309,-0.506,0.3307,0.941,22.704,9.224,0.0,0.1239,2.969,108.984,7e-05,28.0,0.9499,6.762,0.123,-0.026,0.18,41.6,,1,Copernicus CAMS via Open-Meteo,Multan_Autumn_Harvest_2024-10-15
Multan,Autumn_Harvest,9,30.6,57.0,7.4,986.8,6,83.352,10.835,-0.127,0.3553,0.888,21.433,17.438,0.0003,0.1799,1.796,83.341,0.00013,34.0,0.8495,20.402,0.054,-0.081,0.67,62.4,,1,Copernicus CAMS via Open-Meteo,Multan_Autumn_Harvest_2024-09-10
Multan,Summer,6,31.4,53.0,21.6,983.6,1,98.931,13.457,-0.045,0.35,0.837,59.349,19.808,0.0,0.2482,1.786,98.931,0.00018,38.0,0.7927,24.62,0.063,-0.116,0.37,18.3,,0,Copernicus CAMS via Open-Meteo,Multan_Summer_2023-06-15
Multan,Autumn_Harvest,9,31.2,54.0,9.2,986.0,9,97.648,12.921,-0.112,0.3345,0.919,53.661,21.22,0.0006,0.1442,2.486,97.488,0.00022,40.0,0.9029,28.62,0.091,-0.051,0.71,57.0,,1,Copernicus CAMS via Open-Meteo,Multan_Autumn_Harvest_2024-09-10
Multan,Summer,5,19.6,58.0,6.3,991.5,0,85.767,15.735,-0.248,0.3324,0.808,61.812,25.044,0.0058,0.309,1.401,85.767,0.00025,42.0,0.6961,39.048,0.015,-0.179,0.14,23.3,,0,Copernicus CAMS via Open-Meteo,Multan_Summer_2024-05-01
Multan,Winter_Peak,12,19.1,60.0,5.8,999.2,5,107.293,8.921,-0.334,0.3368,0.973,43.76,15.491,0.0,0.0687,4.104,106.397,0.00015,30.0,0.9535,14.995,0.12,-0.024,0.33,86.6,,2,Copernicus CAMS via Open-Meteo,Multan_Winter_Peak_2023-12-10
Multan,Autumn_Harvest,10,24.7,52.0,1.8,996.2,9,98.182,8.752,-0.614,0.3505,0.937,52.984,10.504,0.0,0.1127,2.876,97.942,0.00019,28.0,0.9236,7.424,0.097,-0.04,0.21,48.9,,1,Copernicus CAMS via Open-Meteo,Multan_Autumn_Harvest_2024-10-15
Multan,Summer,5,32.3,50.0,24.0,986.6,2,114.164,7.655,-0.311,0.3738,0.897,44.21,13.586,0.0,0.168,2.497,114.164,0.00011,26.0,0.8324,11.441,0.099,-0.091,0.56,26.2,,0,Copernicus CAMS via Open-Meteo,Multan_Summer_2023-05-25
Multan,Winter_Peak,11,28.4,43.0,1.7,1000.2,7,178.587,2.222,-0.018,0.3402,0.973,45.63,6.543,0.0,0.0521,7.409,178.525,5e-05,5.0,0.9486,2.255,0.251,-0.026,1.04,158.8,,3,Copernicus CAMS via Open-Meteo,Multan_Winter_Peak_2024-11-15
Multan,Monsoon,8,34.0,56.0,9.7,989.4,0,126.986,4.372,0.3,0.2646,0.933,30.613,6.968,0.0,0.1191,3.429,126.985,7e-05,18.0,0.88,2.884,0.135,-0.064,0.34,32.1,,0,Copernicus CAMS via Open-Meteo,Multan_Monsoon_2023-08-30
Multan,Autumn_Harvest,9,27.3,78.0,6.2,989.3,8,158.294,25.216,0.88,0.3072,1.02,305.942,29.262,0.0387,0.1127,4.059,144.787,0.00074,66.0,1.0933,153.584,0.257,0.045,0.61,37.1,,1,Copernicus CAMS via Open-Meteo,Multan_Autumn_Harvest_2023-09-25
Multan,Monsoon,8,35.3,59.0,17.1,988.1,0,101.992,16.047,0.851,0.2183,0.888,45.141,20.718,0.0114,0.1977,2.066,101.991,0.00023,52.0,0.8047,35.481,0.071,-0.108,0.81,38.0,,1,Copernicus CAMS via Open-Meteo,Multan_Monsoon_2023-08-05
Multan,Autumn_Harvest,9,28.8,70.0,11.8,991.7,12,136.113,21.636,0.926,0.3012,0.937,258.851,27.225,0.0381,0.1029,3.915,136.112,0.00072,63.0,0.8972,129.127,0.156,-0.054,0.57,29.3,,0,Copernicus CAMS via Open-Meteo,Multan_Autumn_Harvest_2023-09-25
Multan,Autumn_Harvest,9,38.3,38.0,9.8,986.2,4,85.152,15.594,0.09,0.3374,0.862,95.592,27.356,0.0099,0.2161,1.672,85.147,0.00046,50.0,0.7997,48.859,0.045,-0.111,0.5,23.1,,0,Copernicus CAMS via Open-Meteo,Multan_Autumn_Harvest_2023-09-15
Multan,Monsoon,7,37.1,48.0,7.7,985.8,0,125.3,12.219,1.105,0.2182,0.963,28.897,9.552,0.0004,0.0675,4.765,125.071,0.00013,36.0,0.946,8.893,0.152,-0.028,0.65,45.8,,1,Copernicus CAMS via Open-Meteo,Multan_Monsoon_2023-07-15
Multan,Winter_Peak,11,23.8,52.0,2.2,998.3,5,171.665,2.362,-0.017,0.3626,1.003,51.288,6.965,0.0,0.0395,7.911,167.468,7e-05,5.0,1.0238,2.536,0.264,0.012,1.19,182.5,,3,Copernicus CAMS via Open-Meteo,Multan_Winter_Peak_2024-11-15
Multan,Winter_Peak,11,29.1,44.0,4.0,1000.9,10,131.848,5.432,0.648,0.29,0.981,78.526,9.534,0.0,0.065,5.019,130.151,0.00018,15.0,0.9969,5.106,0.178,-0.002,0.81,80.8,,2,Copernicus CAMS via Open-Meteo,Multan_Winter_Peak_2023-11-05
Multan,Monsoon,7,38.4,43.0,8.1,985.4,1,132.683,13.555,1.047,0.2176,0.986,60.704,11.659,0.0008,0.1046,3.767,127.695,0.00018,40.0,1.0336,12.171,0.189,0.017,0.67,40.6,,1,Copernicus CAMS via Open-Meteo,Multan_Monsoon_2023-07-15
Multan,Autumn_Harvest,10,19.6,80.0,5.2,999.9,9,115.803,5.461,0.084,0.3196,1.007,51.191,9.64,0.0,0.0454,5.133,112.271,0.00016,20.0,1.011,5.548,0.15,0.005,0.53,76.1,,2,Copernicus CAMS via Open-Meteo,Multan_Autumn_Harvest_2023-10-25
Multan,Summer,6,37.5,35.0,17.3,985.4,1,108.296,14.565,-0.062,0.3492,0.819,27.146,20.631,0.0,0.27,1.839,108.296,8e-05,41.0,0.7337,28.147,0.055,-0.154,0.39,21.8,,0,Copernicus CAMS via Open-Meteo,Multan_Summer_2023-06-15
Multan,Winter_Peak,11,21.4,70.0,3.0,998.7,5,140.35,6.43,1.305,0.273,0.984,54.642,8.645,0.0,0.0411,6.561,139.539,0.00012,18.0,0.9828,4.316,0.19,-0.009,0.74,95.9,,2,Copernicus CAMS via Open-Meteo,Multan_Winter_Peak_2023-11-05
Multan,Monsoon,7,38.5,48.0,6.8,978.0,2,109.726,15.438,-0.101,0.3387,0.927,31.485,20.268,0.0003,0.1395,2.736,109.691,0.00012,42.0,0.8665,27.02,0.102,-0.072,0.66,35.4,,1,Copernicus CAMS via Open-Meteo,Multan_Monsoon_2024-07-25
Multan,Summer,6,33.1,42.0,9.2,991.0,1,95.723,16.665,-0.257,0.3367,0.829,48.076,13.294,0.0,0.2685,1.672,95.723,0.00015,42.0,0.743,13.422,0.043,-0.147,0.58,31.3,,0,Copernicus CAMS via Open-Meteo,Multan_Summer_2023-06-05
Multan,Monsoon,8,33.9,68.0,2.2,983.9,0,122.937,27.7,0.054,0.3147,0.968,108.89,28.519,0.005,0.1447,3.094,118.46,0.00036,78.0,1.0205,67.86,0.166,0.01,0.53,21.6,,0,Copernicus CAMS via Open-Meteo,Multan_Monsoon_2024-08-05
Multan,Winter_Peak,11,33.5,34.0,7.0,996.7,11,148.805,6.203,0.231,0.3178,0.966,35.492,8.218,0.0,0.0718,5.272,148.407,6e-05,24.0,0.9701,4.303,0.203,-0.015,0.42,68.2,,1,Copernicus CAMS via Open-Meteo,Multan_Winter_Peak_2024-11-01
Multan,Autumn_Harvest,10,31.6,43.0,3.5,993.3,8,126.492,4.97,0.239,0.3318,0.972,16.731,6.428,0.0,0.0609,4.865,125.921,5e-05,22.0,0.9731,2.815,0.161,-0.014,0.5,40.2,,1,Copernicus CAMS via Open-Meteo,Multan_Autumn_Harvest_2023-10-15
Multan,Summer,6,28.5,78.0,9.2,983.5,0,164.335,9.616,1.67,0.1446,0.997,92.971,13.233,0.0,0.0292,8.577,162.38,0.00016,30.0,0.9953,20.616,0.241,-0.002,1.16,82.4,,2,Copernicus CAMS via Open-Meteo,Multan_Summer_2024-06-20
Multan,Monsoon,8,32.2,70.0,7.3,985.4,1,135.063,22.517,1.113,0.2349,0.948,147.868,22.088,0.0078,0.1163,3.773,134.642,0.00039,74.0,0.961,64.795,0.174,-0.02,1.0,48.7,,1,Copernicus CAMS via Open-Meteo,Multan_Monsoon_2024-08-12
Multan,Autumn_Harvest,10,30.1,48.0,3.6,996.1,3,127.843,5.455,0.179,0.3144,0.899,39.761,8.347,0.0,0.1549,2.931,127.843,8e-05,25.0,0.8629,4.467,0.131,-0.074,0.53,40.3,,1,Copernicus CAMS via Open-Meteo,Multan_Autumn_Harvest_2023-10-15
Multan,Autumn_Harvest,9,28.2,69.0,9.2,985.1,6,108.589,14.066,-0.134,0.3494,0.932,29.492,21.588,0.0002,0.1211,2.996,108.411,0.00012,42.0,0.9024,32.094,0.11,-0.051,0.41,53.7,,1,Copernicus CAMS via Open-Meteo,Multan_Autumn_Harvest_2024-09-10
Multan,Autumn_Harvest,10,22.7,74.0,3.3,1002.3,2,123.961,5.474,0.104,0.3285,0.944,20.907,8.472,0.0,0.1036,3.637,123.96,5e-05,22.0,0.8953,4.898,0.135,-0.055,0.55,76.6,,2,Copernicus CAMS via Open-Meteo,Multan_Autumn_Harvest_2023-10-25
Multan,Winter_Peak,11,28.1,34.0,5.3,997.4,9,195.044,2.676,-0.002,0.2929,1.026,66.796,7.849,0.0,0.0532,7.646,184.855,7e-05,6.0,1.0544,3.272,0.322,0.026,1.27,145.8,,2,Copernicus CAMS via Open-Meteo,Multan_Winter_Peak_2024-11-15
Multan,Monsoon,7,32.2,68.0,7.0,977.7,1,97.333,14.259,-0.118,0.3519,0.893,83.995,19.758,0.0,0.1781,2.135,97.331,0.00031,40.0,0.8344,24.485,0.073,-0.09,0.55,30.3,,0,Copernicus CAMS via Open-Meteo,Multan_Monsoon_2024-07-25
Multan,Winter_Peak,11,15.7,87.0,7.7,1005.3,6,139.32,4.132,-0.165,0.3219,1.021,53.621,8.281,0.0,0.051,5.795,132.822,0.00012,15.0,1.0449,3.851,0.205,0.022,1.41,101.7,,2,Copernicus CAMS via Open-Meteo,Multan_Winter_Peak_2023-11-20
Multan,Autumn_Harvest,10,27.0,51.0,6.5,999.6,6,116.293,5.469,0.06,0.2928,0.929,52.514,9.959,0.0,0.1285,3.031,116.287,0.00014,22.0,0.8705,6.175,0.114,-0.069,0.6,70.3,,1,Copernicus CAMS via Open-Meteo,Multan_Autumn_Harvest_2023-10-25
Multan,Winter_Peak,1,16.1,65.0,2.3,1003.3,8,50.983,1.978,-0.011,0.3971,1.037,36.082,5.822,0.0,0.0947,1.532,46.626,0.00063,4.0,1.0282,1.785,0.023,0.014,1.19,123.9,,2,Copernicus CAMS via Open-Meteo,Multan_Winter_Peak_2024-01-05
Multan,Summer,6,35.2,37.0,9.6,978.6,1,166.889,10.353,1.441,0.1621,0.983,82.314,13.313,0.0,0.0512,6.986,165.865,0.00014,32.0,0.9548,23.681,0.232,-0.023,1.03,48.9,,1,Copernicus CAMS via Open-Meteo,Multan_Summer_2024-06-20
Multan,Winter_Peak,12,8.2,89.0,10.6,1004.6,8,79.098,15.158,0.006,0.3571,0.835,76.87,36.189,0.0618,0.262,1.378,79.072,0.00044,56.0,0.8036,82.433,0.037,-0.109,0.19,110.4,,2,Copernicus CAMS via Open-Meteo,Multan_Winter_Peak_2023-12-20
Multan,Summer,6,34.2,42.0,6.9,984.9,1,106.471,14.516,-0.04,0.3515,0.798,81.51,22.753,0.0,0.3029,1.716,106.471,0.00019,42.0,0.6997,32.204,0.039,-0.177,0.3,14.7,,0,Copernicus CAMS via Open-Meteo,Multan_Summer_2023-06-15
Multan,Summer,4,26.4,41.0,7.2,991.7,0,48.595,13.233,0.101,0.3132,0.634,79.379,19.507,0.0042,0.4842,0.7,48.595,0.00049,58.0,0.5375,27.439,-0.067,-0.301,0.14,13.7,,0,Copernicus CAMS via Open-Meteo,Multan_Summer_2024-04-20
Multan,Winter_Peak,1,5.8,99.0,6.9,1003.0,8,51.645,2.939,-0.011,0.262,1.048,78.501,8.596,0.0,0.1153,1.396,46.277,0.00135,7.0,1.0665,3.881,0.028,0.032,0.7,196.5,,3,Copernicus CAMS via Open-Meteo,Multan_Winter_Peak_2024-01-15
Multan,Autumn_Harvest,10,24.6,63.0,8.3,990.5,5,111.336,7.689,-0.175,0.2987,0.944,50.535,9.514,0.0,0.1017,3.34,111.201,0.00015,28.0,0.9343,5.812,0.123,-0.034,0.38,85.9,,2,Copernicus CAMS via Open-Meteo,Multan_Autumn_Harvest_2023-10-05
Multan,Autumn_Harvest,10,22.9,62.0,10.0,998.4,5,157.26,6.079,-0.15,0.3375,1.021,19.289,7.407,0.0,0.0649,5.629,148.023,4e-05,22.0,1.0621,3.653,0.246,0.03,0.37,61.0,,1,Copernicus CAMS via Open-Meteo,Multan_Autumn_Harvest_2024-10-22
Multan,Winter_Peak,11,14.3,90.0,4.8,1000.6,10,144.832,7.061,1.218,0.2294,0.989,71.924,11.244,0.0,0.0593,5.755,142.33,0.00015,23.0,0.9598,8.547,0.192,-0.02,0.9,110.1,,2,Copernicus CAMS via Open-Meteo,Multan_Winter_Peak_2023-11-30
Multan,Winter_Peak,11,32.3,31.0,3.8,995.5,7,154.239,6.473,0.176,0.2942,1.027,64.374,10.009,0.0,0.0609,5.902,145.386,0.00012,25.0,1.0578,6.073,0.239,0.028,0.32,54.9,,1,Copernicus CAMS via Open-Meteo,Multan_Winter_Peak_2024-11-01
Multan,Monsoon,8,37.3,46.0,9.6,986.8,1,131.594,7.337,0.437,0.294,1.004,26.778,9.576,0.0,0.0573,5.174,126.954,8e-05,27.0,1.0312,6.85,0.186,0.015,0.7,44.8,,1,Copernicus CAMS via Open-Meteo,Multan_Monsoon_2023-08-20
Multan,Winter_Peak,11,17.8,87.0,5.1,999.0,7,137.529,6.066,1.368,0.2704,0.961,38.934,7.728,0.0,0.092,4.276,137.282,9e-05,17.0,0.9092,3.54,0.163,-0.048,0.8,88.7,,2,Copernicus CAMS via Open-Meteo,Multan_Winter_Peak_2023-11-05
Multan,Autumn_Harvest,9,28.6,70.0,8.3,989.4,10,155.12,24.819,0.868,0.3049,0.985,361.477,31.841,0.0385,0.0821,5.032,151.27,0.00083,69.0,0.9385,156.675,0.204,-0.032,0.6,70.1,,1,Copernicus CAMS via Open-Meteo,Multan_Autumn_Harvest_2023-09-25
Multan,Monsoon,8,32.5,59.0,10.8,989.2,1,126.329,4.612,0.271,0.3014,0.901,47.041,8.374,0.0,0.1506,2.955,126.329,0.0001,20.0,0.8621,3.94,0.128,-0.074,0.32,40.6,,1,Copernicus CAMS via Open-Meteo,Multan_Monsoon_2023-08-30
Multan,Winter_Peak,11,20.1,54.0,7.6,1002.8,13,156.469,4.512,-0.128,0.3497,1.013,52.058,8.507,0.0,0.0685,5.46,148.567,9e-05,16.0,0.9878,4.158,0.223,-0.006,1.18,119.7,,2,Copernicus CAMS via Open-Meteo,Multan_Winter_Peak_2023-11-20
Multan,Winter_Peak,11,21.4,78.0,3.5,996.8,8,129.495,5.246,0.174,0.2758,0.998,23.161,6.955,0.0,0.0465,5.635,126.673,6e-05,21.0,1.0165,3.09,0.178,0.008,0.57,93.6,,2,Copernicus CAMS via Open-Meteo,Multan_Winter_Peak_2024-11-01
Multan,Winter_Peak,11,16.4,81.0,4.9,1000.8,12,150.022,6.389,0.269,0.2863,1.026,52.608,9.892,0.0,0.0619,5.632,141.27,0.0001,22.0,1.0602,5.937,0.231,0.029,0.57,142.5,,2,Copernicus CAMS via Open-Meteo,Multan_Winter_Peak_2024-11-25
Multan,Autumn_Harvest,9,31.9,59.0,9.6,990.0,8,152.834,4.794,-0.209,0.2963,0.986,68.203,8.771,0.0,0.0603,5.942,150.225,0.00011,17.0,1.0018,4.248,0.22,0.001,0.65,39.3,,1,Copernicus CAMS via Open-Meteo,Multan_Autumn_Harvest_2024-09-28
Multan,Winter_Peak,12,18.4,69.0,7.1,1003.2,4,151.016,12.831,0.781,0.2338,0.994,72.69,13.217,0.014,0.0383,7.14,149.111,0.00018,50.0,0.98,19.897,0.21,-0.01,0.59,82.2,,2,Copernicus CAMS via Open-Meteo,Multan_Winter_Peak_2023-12-01
Multan,Winter_Peak,12,21.5,36.0,7.5,1004.9,10,90.511,17.225,0.036,0.3455,0.9,93.731,37.035,0.0576,0.1824,1.969,90.204,0.00048,58.0,0.8885,84.499,0.075,-0.059,0.19,45.3,,1,Copernicus CAMS via Open-Meteo,Multan_Winter_Peak_2023-12-20
Multan,Monsoon,8,33.5,66.0,6.9,985.2,1,118.811,17.749,0.822,0.2451,0.911,64.086,23.278,0.0102,0.1497,2.883,118.81,0.00024,54.0,0.8554,41.013,0.114,-0.078,0.56,40.3,,1,Copernicus CAMS via Open-Meteo,Multan_Monsoon_2023-08-05
Multan,Summer,6,30.2,36.0,4.0,986.3,0,79.858,8.964,0.044,0.3015,0.801,14.355,8.163,0.0,0.2849,1.324,79.858,7e-05,28.0,0.7215,4.511,0.016,-0.162,0.33,52.0,,1,Copernicus CAMS via Open-Meteo,Multan_Summer_2024-06-10
Multan,Autumn_Harvest,10,31.2,33.0,3.4,999.8,9,128.514,5.707,0.072,0.3163,1.01,21.741,8.554,0.0,0.0391,6.003,124.628,6e-05,23.0,1.0192,4.898,0.177,0.01,0.58,51.2,,1,Copernicus CAMS via Open-Meteo,Multan_Autumn_Harvest_2023-10-25
Multan,Autumn_Harvest,10,27.5,58.0,9.1,992.2,9,111.195,6.36,-0.028,0.3161,1.013,20.464,7.937,0.0,0.0572,4.28,106.329,8e-05,22.0,0.9988,4.362,0.138,-0.001,0.26,39.2,,1,Copernicus CAMS via Open-Meteo,Multan_Autumn_Harvest_2024-10-05
Multan,Winter_Peak,11,13.8,94.0,5.8,1003.6,11,169.569,5.046,-0.101,0.2993,1.015,79.327,10.182,0.0,0.0508,7.106,162.402,0.00012,17.0,1.0409,5.785,0.266,0.02,1.53,96.6,,2,Copernicus CAMS via Open-Meteo,Multan_Winter_Peak_2023-11-20
Multan,Autumn_Harvest,10,31.6,43.0,3.5,993.3,10,125.206,5.642,0.168,0.2787,0.939,80.904,10.324,0.0,0.1288,3.285,124.948,0.00019,23.0,0.871,6.213,0.129,-0.069,0.5,40.2,,1,Copernicus CAMS via Open-Meteo,Multan_Autumn_Harvest_2023-10-15
Multan,Summer,5,24.6,29.0,4.0,991.9,0,85.032,15.649,-0.21,0.3288,0.835,62.94,24.111,0.0053,0.2755,1.48,85.031,0.00027,41.0,0.7298,35.509,0.025,-0.156,0.15,48.7,,1,Copernicus CAMS via Open-Meteo,Multan_Summer_2024-05-01
Multan,Autumn_Harvest,10,23.2,68.0,2.4,992.1,7,110.112,7.598,-0.228,0.3374,1.012,50.743,9.049,0.0,0.0526,4.606,105.921,0.00018,26.0,1.0197,5.181,0.14,0.01,0.33,95.2,,2,Copernicus CAMS via Open-Meteo,Multan_Autumn_Harvest_2023-10-05
Multan,Monsoon,7,34.8,55.0,12.3,977.9,1,119.088,17.223,-0.098,0.3505,0.938,95.713,22.545,0.0,0.1143,3.544,118.965,0.00026,46.0,0.9048,31.966,0.129,-0.05,0.52,43.0,,1,Copernicus CAMS via Open-Meteo,Multan_Monsoon_2024-07-25
Multan,Autumn_Harvest,10,22.7,58.0,2.0,995.4,4,109.529,9.562,-0.441,0.3342,0.937,52.065,11.196,0.0,0.1303,2.897,109.05,0.00015,30.0,0.9452,8.561,0.122,-0.028,0.2,69.2,,1,Copernicus CAMS via Open-Meteo,Multan_Autumn_Harvest_2024-10-15
Multan,Winter_Peak,11,22.5,53.0,4.6,1000.6,6,132.5,6.76,1.059,0.2594,0.97,82.842,11.813,0.0,0.1242,3.404,128.871,0.00018,22.0,1.0173,9.221,0.184,0.009,0.55,46.1,,1,Copernicus CAMS via Open-Meteo,Multan_Winter_Peak_2023-11-30
Multan,Winter_Peak,1,9.4,93.0,2.3,1006.1,10,52.799,2.061,0.013,0.3642,1.045,39.541,6.07,0.0,0.1035,1.485,47.679,0.00065,5.0,1.039,1.945,0.027,0.019,1.25,190.0,,3,Copernicus CAMS via Open-Meteo,Multan_Winter_Peak_2024-01-05
Multan,Summer,5,34.2,47.0,4.1,989.6,1,114.197,7.643,-0.284,0.3148,0.857,28.706,14.383,0.0,0.2228,2.121,114.197,7e-05,28.0,0.7768,13.443,0.08,-0.126,0.64,40.2,,1,Copernicus CAMS via Open-Meteo,Multan_Summer_2023-05-25
Multan,Winter_Peak,12,15.6,61.0,3.9,999.9,5,104.532,6.73,0.18,0.3162,0.932,16.798,11.727,0.0,0.1144,2.874,104.335,6e-05,25.0,0.912,9.406,0.105,-0.046,0.19,108.0,,2,Copernicus CAMS via Open-Meteo,Multan_Winter_Peak_2024-12-05
Multan,Summer,4,30.1,36.0,12.4,993.2,1,47.175,12.965,0.051,0.3379,0.714,25.872,14.414,0.0016,0.4006,0.699,47.175,0.00029,50.0,0.6123,16.058,-0.046,-0.24,0.21,22.5,,0,Copernicus CAMS via Open-Meteo,Multan_Summer_2024-04-20
Multan,Monsoon,8,30.1,75.0,7.6,988.9,2,120.23,6.679,0.451,0.3058,0.978,44.908,10.082,0.0,0.1096,3.318,116.693,0.00013,26.0,1.0221,7.023,0.161,0.011,0.87,65.4,,1,Copernicus CAMS via Open-Meteo,Multan_Monsoon_2023-08-20
Multan,Summer,6,32.5,21.0,10.7,985.7,3,83.11,9.644,0.071,0.3261,0.816,76.721,11.446,0.0,0.2757,1.41,83.11,0.00029,28.0,0.7277,7.69,0.022,-0.158,0.24,49.5,,1,Copernicus CAMS via Open-Meteo,Multan_Summer_2024-06-10
Multan,Monsoon,8,29.2,81.0,5.4,987.5,0,107.537,5.415,0.243,0.2912,0.919,21.611,7.504,0.0,0.1279,2.777,107.537,7e-05,24.0,0.8856,3.986,0.104,-0.061,0.6,89.4,,2,Copernicus CAMS via Open-Meteo,Multan_Monsoon_2024-08-25
Multan,Monsoon,8,30.0,82.0,7.5,986.1,2,137.433,22.517,1.207,0.2299,0.999,56.882,16.833,0.0054,0.0412,6.56,134.725,0.00022,70.0,1.0131,39.41,0.193,0.006,1.02,50.1,,1,Copernicus CAMS via Open-Meteo,Multan_Monsoon_2024-08-12
Multan,Winter_Peak,11,31.6,31.0,5.0,997.8,6,158.698,7.036,1.511,0.2491,0.96,30.912,7.772,0.0,0.0676,5.789,158.69,6e-05,20.0,0.9451,3.849,0.213,-0.028,0.77,67.5,,1,Copernicus CAMS via Open-Meteo,Multan_Winter_Peak_2023-11-05
Multan,Summer,5,30.2,28.0,6.9,978.5,0,67.202,17.457,-0.261,0.3629,0.751,95.194,32.596,0.0532,0.3912,1.005,67.202,0.00059,58.0,0.6169,67.258,-0.03,-0.237,0.16,29.6,,0,Copernicus CAMS via Open-Meteo,Multan_Summer_2024-05-28
Multan,Winter_Peak,12,21.1,39.0,5.0,1003.4,13,75.614,14.497,-0.025,0.3652,0.878,90.729,31.228,0.0547,0.2,1.547,75.531,0.00058,49.0,0.8248,63.283,0.037,-0.096,0.21,45.5,,1,Copernicus CAMS via Open-Meteo,Multan_Winter_Peak_2023-12-20
Multan,Autumn_Harvest,10,26.6,62.0,9.2,990.8,9,115.195,8.281,-0.242,0.3181,0.95,55.289,9.821,0.0,0.0886,3.78,115.055,0.00016,30.0,0.9319,6.411,0.129,-0.035,0.36,71.7,,1,Copernicus CAMS via Open-Meteo,Multan_Autumn_Harvest_2023-10-05
Multan,Winter_Peak,11,29.9,30.0,9.9,997.3,5,207.525,2.681,0.006,0.3579,0.967,66.56,7.821,0.0,0.0562,8.304,207.516,6e-05,5.0,0.9462,3.244,0.304,-0.028,0.98,92.4,,2,Copernicus CAMS via Open-Meteo,Multan_Winter_Peak_2024-11-15
Multan,Autumn_Harvest,9,32.5,58.0,5.4,989.4,8,140.729,4.446,-0.19,0.3526,0.972,70.56,8.727,0.0,0.0571,5.827,140.206,0.00014,15.0,0.9565,4.171,0.183,-0.022,0.62,36.9,,1,Copernicus CAMS via Open-Meteo,Multan_Autumn_Harvest_2024-09-28
Multan,Monsoon,8,28.2,90.0,9.0,986.8,2,118.939,26.274,0.061,0.3021,0.929,79.046,28.358,0.0057,0.1371,3.162,118.909,0.0003,77.0,0.8721,67.063,0.119,-0.068,0.34,26.4,,0,Copernicus CAMS via Open-Meteo,Multan_Monsoon_2024-08-05
Multan,Monsoon,8,36.2,56.0,9.2,990.0,1,109.077,6.195,0.246,0.2947,0.99,56.078,9.869,0.0,0.0724,3.907,106.1,0.0002,21.0,1.0178,6.401,0.138,0.009,0.76,50.8,,1,Copernicus CAMS via Open-Meteo,Multan_Monsoon_2023-08-20
Multan,Autumn_Harvest,9,30.2,46.0,10.2,991.1,9,120.178,6.139,0.711,0.279,0.96,19.973,7.738,0.0,0.1094,3.346,119.286,6e-05,21.0,0.9893,4.325,0.153,-0.005,0.52,59.5,,1,Copernicus CAMS via Open-Meteo,Multan_Autumn_Harvest_2024-09-18
Multan,Winter_Peak,12,14.0,70.0,5.8,999.3,9,108.895,6.929,0.197,0.289,0.973,17.013,11.123,0.0,0.0648,4.213,108.113,7e-05,25.0,0.9496,9.035,0.122,-0.026,0.19,82.0,,2,Copernicus CAMS via Open-Meteo,Multan_Winter_Peak_2024-12-05
Multan,Monsoon,8,30.1,72.0,7.4,988.0,2,112.423,5.704,0.229,0.2996,0.925,21.24,7.779,0.0,0.1413,2.714,112.364,6e-05,25.0,0.9278,4.266,0.123,-0.037,0.6,57.6,,1,Copernicus CAMS via Open-Meteo,Multan_Monsoon_2024-08-25
Multan,Monsoon,8,36.0,50.0,8.5,991.2,2,119.693,4.089,0.325,0.3049,0.923,19.936,6.305,0.0,0.1287,3.077,119.693,5e-05,18.0,0.8704,2.375,0.12,-0.069,0.46,40.9,,1,Copernicus CAMS via Open-Meteo,Multan_Monsoon_2023-08-30
Multan,Monsoon,7,37.1,53.0,6.6,978.6,0,114.303,16.677,-0.102,0.3521,0.874,81.742,23.228,0.0,0.2251,2.187,114.301,0.00021,48.0,0.8723,34.593,0.111,-0.068,0.63,39.0,,1,Copernicus CAMS via Open-Meteo,Multan_Monsoon_2024-07-25
Multan,Summer,5,29.5,18.0,7.5,978.0,1,76.249,19.69,-0.269,0.3477,0.731,96.07,38.234,0.0524,0.3974,1.133,76.249,0.00047,67.0,0.6111,94.909,-0.026,-0.241,0.15,30.3,,0,Copernicus CAMS via Open-Meteo,Multan_Summer_2024-05-28
Multan,Monsoon,7,28.0,92.0,9.8,986.5,3,185.444,8.316,-1.248,0.2424,1.029,49.445,11.069,0.0,0.0636,6.563,173.807,8e-05,27.0,1.0669,10.019,0.306,0.032,0.51,42.5,,1,Copernicus CAMS via Open-Meteo,Multan_Monsoon_2023-07-25
Multan,Winter_Peak,12,20.2,57.0,1.3,1002.5,9,96.45,8.411,-0.331,0.3356,0.902,73.744,16.136,0.0,0.1643,2.193,96.437,0.00026,30.0,0.8411,15.941,0.073,-0.086,0.51,90.6,,2,Copernicus CAMS via Open-Meteo,Multan_Winter_Peak_2023-12-10
Multan,Winter_Peak,11,25.4,44.0,5.0,1002.2,7,166.287,6.708,0.323,0.3083,1.033,28.609,8.991,0.0,0.0589,6.336,156.616,5e-05,24.0,1.0584,5.132,0.264,0.028,0.74,83.1,,2,Copernicus CAMS via Open-Meteo,Multan_Winter_Peak_2024-11-25
Multan,Autumn_Harvest,10,19.6,80.0,5.2,999.9,10,114.609,5.489,0.031,0.3146,0.92,52.509,10.049,0.0,0.1441,2.783,114.606,0.00014,22.0,0.8545,6.302,0.106,-0.078,0.53,76.1,,2,Copernicus CAMS via Open-Meteo,Multan_Autumn_Harvest_2023-10-25
Multan,Winter_Peak,11,24.0,50.0,4.0,1003.6,3,148.732,5.835,0.34,0.3086,1.006,13.838,8.234,0.0,0.0992,4.138,139.701,3e-05,22.0,1.0645,4.385,0.229,0.031,0.75,91.0,,2,Copernicus CAMS via Open-Meteo,Multan_Winter_Peak_2024-11-25
Multan,Winter_Peak,1,16.8,68.0,7.2,1001.6,8,51.436,1.365,-0.014,0.2138,1.024,18.462,4.144,0.0,0.0573,2.031,48.769,0.0003,3.0,1.0444,0.907,0.025,0.022,0.66,103.8,,2,Copernicus CAMS via Open-Meteo,Multan_Winter_Peak_2024-01-15
Multan,Autumn_Harvest,10,29.3,48.0,1.6,1003.3,12,125.45,5.674,0.067,0.3126,1.006,26.143,8.637,0.0,0.0393,5.901,122.068,8e-05,22.0,1.0169,4.939,0.17,0.008,0.54,56.5,,1,Copernicus CAMS via Open-Meteo,Multan_Autumn_Harvest_2023-10-25
Multan,Winter_Peak,11,22.9,68.0,8.0,996.7,7,142.001,5.684,0.163,0.32,1.001,19.954,7.153,0.0,0.0295,7.403,139.738,5e-05,22.0,1.0041,3.358,0.2,0.002,0.67,105.9,,2,Copernicus CAMS via Open-Meteo,Multan_Winter_Peak_2024-11-01
Multan,Winter_Peak,11,21.5,57.0,7.5,999.8,3,144.785,5.26,0.59,0.2831,0.946,19.346,6.525,0.0,0.1351,3.555,144.419,4e-05,17.0,0.9833,2.651,0.199,-0.008,0.8,120.6,,2,Copernicus CAMS via Open-Meteo,Multan_Winter_Peak_2023-11-05
Multan,Autumn_Harvest,10,21.7,81.0,12.2,996.1,10,134.197,5.839,0.145,0.2935,0.945,44.633,8.541,0.0,0.0918,4.227,134.143,9e-05,26.0,0.925,4.611,0.162,-0.039,0.63,33.5,,0,Copernicus CAMS via Open-Meteo,Multan_Autumn_Harvest_2023-10-15
Multan,Autumn_Harvest,10,24.8,60.0,4.7,995.0,10,121.809,4.678,0.166,0.2841,0.974,13.786,5.963,0.0,0.0502,5.252,121.539,4e-05,20.0,0.9625,2.488,0.15,-0.019,0.83,75.7,,2,Copernicus CAMS via Open-Meteo,Multan_Autumn_Harvest_2023-10-15
Multan,Winter_Peak,11,19.5,90.0,6.8,999.5,3,161.849,5.588,0.117,0.3178,0.985,75.184,9.794,0.0,0.0417,7.511,160.786,0.00012,17.0,0.9846,5.373,0.232,-0.008,0.85,90.6,,2,Copernicus CAMS via Open-Meteo,Multan_Winter_Peak_2023-11-05
Multan,Monsoon,7,32.2,72.0,8.2,985.5,0,191.998,7.874,-0.883,0.2526,1.076,52.846,11.033,0.0,0.1364,4.064,165.794,9e-05,25.0,1.0803,9.605,0.324,0.039,0.42,29.6,,0,Copernicus CAMS via Open-Meteo,Multan_Monsoon_2023-07-25
Multan,Autumn_Harvest,9,35.2,37.0,5.8,988.8,12,108.424,5.558,0.741,0.2745,0.912,18.753,7.331,0.0,0.1378,2.656,108.424,6e-05,20.0,0.8844,4.11,0.105,-0.061,0.55,38.8,,1,Copernicus CAMS via Open-Meteo,Multan_Autumn_Harvest_2024-09-18
Multan,Summer,5,28.2,34.0,10.8,988.5,1,82.501,14.903,-0.235,0.349,0.779,87.732,25.864,0.004,0.3397,1.283,82.501,0.00034,44.0,0.6648,41.206,0.0,-0.201,0.32,28.0,,0,Copernicus CAMS via Open-Meteo,Multan_Summer_2024-05-18
Multan,Winter_Peak,11,28.4,43.0,1.7,1000.2,4,178.149,2.698,0.003,0.3085,0.979,67.486,7.916,0.0,0.0418,8.224,177.935,8e-05,6.0,0.9634,3.317,0.256,-0.019,1.04,158.8,,3,Copernicus CAMS via Open-Meteo,Multan_Winter_Peak_2024-11-15
Multan,Winter_Peak,12,8.2,89.0,10.6,1004.6,9,89.003,17.336,0.025,0.3586,0.883,90.372,37.317,0.0598,0.1981,1.829,88.85,0.00047,59.0,0.8583,86.439,0.066,-0.076,0.19,110.4,,2,Copernicus CAMS via Open-Meteo,Multan_Winter_Peak_2023-12-20
Multan,Monsoon,7,31.4,69.0,7.6,977.2,0,96.105,13.984,-0.023,0.3323,0.853,44.572,19.416,0.0003,0.2259,1.824,96.105,0.00018,42.0,0.8047,25.113,0.063,-0.108,0.59,26.5,,0,Copernicus CAMS via Open-Meteo,Multan_Monsoon_2024-07-25
Multan,Summer,6,31.6,53.0,17.4,983.5,2,117.187,16.144,-0.101,0.3533,0.885,44.565,19.861,0.0,0.1836,2.545,117.187,0.00012,41.0,0.8516,27.033,0.11,-0.08,0.37,16.2,,0,Copernicus CAMS via Open-Meteo,Multan_Summer_2023-06-15
Multan,Winter_Peak,11,31.0,33.0,5.4,997.7,6,142.485,4.57,0.095,0.3293,0.983,40.711,7.584,0.0,0.0382,6.835,142.024,8e-05,14.0,0.9748,3.342,0.192,-0.013,0.76,66.1,,1,Copernicus CAMS via Open-Meteo,Multan_Winter_Peak_2023-11-05
Multan,Winter_Peak,11,16.4,81.0,4.9,1000.8,5,139.814,6.302,0.345,0.318,1.014,60.671,9.922,0.0,0.0439,6.225,134.912,0.00014,21.0,1.0161,5.887,0.198,0.008,0.57,142.5,,2,Copernicus CAMS via Open-Meteo,Multan_Winter_Peak_2024-11-25
Multan,Autumn_Harvest,9,28.4,69.0,6.9,985.3,11,94.534,12.535,-0.262,0.3671,0.947,21.993,17.404,0.0,0.104,2.978,94.179,0.00013,37.0,0.9361,21.608,0.093,-0.033,0.38,55.8,,1,Copernicus CAMS via Open-Meteo,Multan_Autumn_Harvest_2024-09-10
Multan,Winter_Peak,11,15.2,88.0,7.4,1000.4,9,149.464,6.729,1.334,0.2459,0.961,29.117,9.619,0.0,0.0673,5.561,149.369,6e-05,22.0,0.9431,7.292,0.195,-0.029,0.75,96.6,,2,Copernicus CAMS via Open-Meteo,Multan_Winter_Peak_2023-11-30
Multan,Autumn_Harvest,10,25.2,67.0,7.3,998.2,9,119.579,4.804,0.148,0.3416,0.961,18.083,6.295,0.0,0.09,3.722,118.97,5e-05,21.0,0.9738,2.621,0.148,-0.013,0.61,36.0,,1,Copernicus CAMS via Open-Meteo,Multan_Autumn_Harvest_2023-10-15
Multan,Monsoon,8,32.5,69.0,4.7,987.4,3,127.781,21.078,1.152,0.2322,0.999,64.343,17.293,0.0067,0.0448,5.894,125.043,0.00027,65.0,1.0155,42.786,0.174,0.008,0.96,42.7,,1,Copernicus CAMS via Open-Meteo,Multan_Monsoon_2024-08-12
Multan,Autumn_Harvest,10,27.5,58.0,9.1,992.2,10,119.213,7.043,-0.029,0.3314,1.0,51.065,10.02,0.0,0.0489,5.212,116.139,0.00015,25.0,1.0144,6.517,0.157,0.007,0.26,39.2,,1,Copernicus CAMS via Open-Meteo,Multan_Autumn_Harvest_2024-10-05
Multan,Winter_Peak,12,21.0,58.0,7.7,1002.9,13,181.879,15.409,0.771,0.2344,1.024,82.037,14.444,0.0119,0.0473,7.902,173.737,0.00016,58.0,1.0391,22.814,0.29,0.019,0.76,75.7,,2,Copernicus CAMS via Open-Meteo,Multan_Winter_Peak_2023-12-01
Multan,Winter_Peak,1,5.8,99.0,6.9,1003.0,11,53.436,2.555,0.006,0.3386,1.033,58.922,7.416,0.0,0.0934,1.65,49.191,0.00089,5.0,1.0651,2.89,0.031,0.032,0.7,196.5,,3,Copernicus CAMS via Open-Meteo,Multan_Winter_Peak_2024-01-15
Multan,Monsoon,7,39.6,36.0,13.9,981.7,0,115.31,10.661,1.089,0.2298,0.908,23.626,9.0,0.0004,0.1546,2.661,115.31,0.00011,34.0,0.8913,7.743,0.119,-0.057,0.61,36.3,,1,Copernicus CAMS via Open-Meteo,Multan_Monsoon_2023-07-15
Multan,Monsoon,8,26.9,86.0,5.9,989.2,1,136.462,4.523,0.382,0.2961,0.968,18.693,6.308,0.0,0.0805,4.584,135.889,4e-05,19.0,0.9225,2.402,0.165,-0.04,0.48,59.8,,1,Copernicus CAMS via Open-Meteo,Multan_Monsoon_2023-08-30
Multan,Summer,5,16.4,67.0,5.5,990.2,3,84.479,15.829,-0.244,0.3312,0.809,78.77,24.168,0.0038,0.3142,1.373,84.479,0.00031,43.0,0.6908,38.248,0.012,-0.183,0.16,23.1,,0,Copernicus CAMS via Open-Meteo,Multan_Summer_2024-05-01
Multan,Winter_Peak,1,5.9,99.0,5.4,1003.1,9,52.412,2.656,-0.021,0.3414,0.993,65.234,7.774,0.0,0.0812,1.815,50.503,0.00093,6.0,0.9899,3.195,0.022,-0.005,0.72,183.0,,3,Copernicus CAMS via Open-Meteo,Multan_Winter_Peak_2024-01-15
Multan,Winter_Peak,11,32.6,39.0,8.0,997.8,6,139.271,5.89,0.145,0.287,0.981,44.934,8.658,0.0,0.0447,6.319,138.627,9e-05,24.0,0.9676,4.545,0.184,-0.016,0.47,76.4,,2,Copernicus CAMS via Open-Meteo,Multan_Winter_Peak_2024-11-01
Multan,Autumn_Harvest,10,25.6,56.0,2.0,1000.7,8,139.062,5.959,0.072,0.2957,0.953,16.589,8.875,0.0,0.0775,4.744,139.053,4e-05,24.0,0.9314,5.671,0.173,-0.036,0.56,66.1,,1,Copernicus CAMS via Open-Meteo,Multan_Autumn_Harvest_2023-10-25
Multan,Autumn_Harvest,10,26.0,40.0,10.7,994.8,11,101.59,8.951,-0.529,0.325,0.901,46.117,10.757,0.0,0.162,2.325,101.588,0.00015,30.0,0.8418,7.9,0.082,-0.086,0.1,43.7,,1,Copernicus CAMS via Open-Meteo,Multan_Autumn_Harvest_2024-10-15
Multan,Monsoon,7,27.7,91.0,6.6,988.1,1,178.588,7.559,-1.209,0.236,1.023,25.361,9.347,0.0,0.0992,4.808,163.661,5e-05,26.0,1.0912,8.569,0.299,0.044,0.58,43.8,,1,Copernicus CAMS via Open-Meteo,Multan_Monsoon_2023-07-25
Multan,Summer,6,39.5,34.0,19.5,980.7,1,155.236,9.204,1.582,0.1527,1.016,46.402,10.323,0.0,0.0308,7.725,150.633,0.00011,28.0,1.0203,16.926,0.23,0.01,0.85,58.0,,1,Copernicus CAMS via Open-Meteo,Multan_Summer_2024-06-20
Multan,Winter_Peak,12,14.1,82.0,9.2,1004.0,9,158.865,13.116,0.956,0.2307,1.033,79.531,13.1,0.0103,0.0611,5.981,149.464,0.00018,49.0,1.0449,16.778,0.245,0.022,0.84,68.5,,1,Copernicus CAMS via Open-Meteo,Multan_Winter_Peak_2023-12-01
Multan,Summer,6,38.7,23.0,10.6,988.1,3,83.08,9.081,-0.026,0.3267,0.792,29.536,8.938,0.0,0.3151,1.316,83.08,0.00012,28.0,0.6857,5.091,0.008,-0.186,0.41,37.1,,1,Copernicus CAMS via Open-Meteo,Multan_Summer_2024-06-10
Multan,Monsoon,8,37.8,45.0,11.3,987.5,1,134.479,8.183,0.696,0.2952,0.982,72.239,12.273,0.0,0.0521,5.76,133.142,0.00018,29.0,0.9797,10.078,0.178,-0.01,0.71,45.6,,1,Copernicus CAMS via Open-Meteo,Multan_Monsoon_2023-08-20
Faisalabad,Autumn_Harvest,9,26.9,63.0,5.8,983.7,11,146.436,14.69,2.098,0.1794,0.962,72.21,11.208,0.0,0.0733,5.287,146.299,0.00016,49.0,0.956,9.675,0.194,-0.022,0.48,58.0,,1,Copernicus CAMS via Open-Meteo,Faisalabad_Autumn_Harvest_2024-09-18
Faisalabad,Summer,5,30.7,19.0,6.8,971.6,3,64.688,11.567,0.041,0.3159,0.749,110.49,27.994,0.0379,0.3754,0.98,64.688,0.00064,34.0,0.628,50.284,-0.028,-0.228,0.19,61.0,,1,Copernicus CAMS via Open-Meteo,Faisalabad_Summer_2024-05-28
Faisalabad,Winter_Peak,1,5.0,98.0,4.8,994.5,10,53.138,2.401,-0.006,0.2846,1.009,54.035,7.128,0.0,0.1213,1.405,49.135,0.00081,5.0,0.9579,2.665,0.02,-0.022,0.58,158.8,,3,Copernicus CAMS via Open-Meteo,Faisalabad_Winter_Peak_2024-01-15
Faisalabad,Summer,5,30.4,51.0,2.2,982.9,0,142.798,23.303,0.213,0.3523,0.997,312.789,47.749,0.0724,0.0554,5.571,139.053,0.00096,66.0,1.0221,174.59,0.206,0.011,1.15,42.0,,1,Copernicus CAMS via Open-Meteo,Faisalabad_Summer_2023-05-25
Faisalabad,Summer,5,28.3,19.0,10.5,982.9,1,65.911,12.129,-0.012,0.3082,0.728,60.566,25.795,0.0219,0.3829,0.995,65.911,0.00034,35.0,0.6215,39.078,-0.029,-0.233,0.15,13.7,,0,Copernicus CAMS via Open-Meteo,Faisalabad_Summer_2024-05-01
Faisalabad,Autumn_Harvest,10,23.5,54.0,6.5,987.7,9,112.415,5.232,0.279,0.2684,0.901,21.429,6.952,0.0,0.1543,2.574,112.415,6e-05,18.0,0.8657,3.221,0.106,-0.072,0.24,93.8,,2,Copernicus CAMS via Open-Meteo,Faisalabad_Autumn_Harvest_2024-10-15
Faisalabad,Winter_Peak,11,18.0,92.0,6.0,993.3,11,46.576,2.744,0.006,0.3675,1.021,69.504,8.043,0.0,0.1039,1.38,43.078,0.00137,6.0,1.013,3.418,0.012,0.006,2.09,293.4,,3,Copernicus CAMS via Open-Meteo,Faisalabad_Winter_Peak_2024-11-15
Faisalabad,Summer,5,34.3,30.0,8.9,983.4,0,88.602,12.404,-0.544,0.3205,0.82,54.465,22.092,0.012,0.3012,1.454,88.601,0.00023,32.0,0.7016,31.587,0.02,-0.175,0.59,30.6,,0,Copernicus CAMS via Open-Meteo,Faisalabad_Summer_2024-05-18
Faisalabad,Winter_Peak,11,23.9,64.0,4.5,994.5,4,168.706,3.524,0.517,0.2919,1.053,27.006,5.437,0.0,0.0894,4.797,153.633,5e-05,10.0,1.0979,1.595,0.28,0.047,0.69,94.1,,2,Copernicus CAMS via Open-Meteo,Faisalabad_Winter_Peak_2023-11-05
Faisalabad,Winter_Peak,11,18.2,75.0,13.6,994.9,8,167.935,16.271,-0.698,0.3215,0.985,84.056,19.579,0.0,0.056,6.786,166.058,0.00015,59.0,1.001,27.839,0.25,0.001,1.18,70.5,,1,Copernicus CAMS via Open-Meteo,Faisalabad_Winter_Peak_2023-11-30
Faisalabad,Autumn_Harvest,9,34.7,55.0,4.8,981.1,8,110.988,13.699,1.036,0.2901,0.984,85.871,15.996,0.0042,0.0923,3.85,107.83,0.0003,32.0,1.0143,18.88,0.141,0.007,0.75,56.7,,1,Copernicus CAMS via Open-Meteo,Faisalabad_Autumn_Harvest_2024-09-10
Faisalabad,Winter_Peak,12,8.8,88.0,8.4,993.0,7,86.553,10.796,0.307,0.3271,0.862,70.036,22.551,0.0009,0.2156,1.696,86.553,0.00029,30.0,0.8216,28.167,0.053,-0.098,0.32,143.4,,2,Copernicus CAMS via Open-Meteo,Faisalabad_Winter_Peak_2023-12-10
Faisalabad,Summer,6,37.3,22.0,9.7,981.7,0,105.198,12.94,0.371,0.2481,0.863,30.268,10.298,0.0,0.2173,2.034,105.198,0.00011,38.0,0.7846,7.449,0.07,-0.121,0.55,22.8,,0,Copernicus CAMS via Open-Meteo,Faisalabad_Summer_2023-06-05
Faisalabad,Monsoon,8,34.3,57.0,5.8,982.0,1,118.868,6.036,1.228,0.2868,0.914,18.52,8.29,0.0,0.1336,2.956,118.868,5e-05,20.0,0.8812,5.651,0.122,-0.063,0.91,50.8,,1,Copernicus CAMS via Open-Meteo,Faisalabad_Monsoon_2024-08-25
Faisalabad,Summer,6,33.9,37.0,9.9,972.8,0,154.116,20.632,0.369,0.3222,0.965,44.688,12.0,0.0116,0.1067,4.385,151.92,0.00014,53.0,0.9077,20.496,0.191,-0.048,0.57,55.4,,1,Copernicus CAMS via Open-Meteo,Faisalabad_Summer_2024-06-20
Faisalabad,Winter_Peak,11,30.0,35.0,4.6,992.0,5,165.662,3.298,0.377,0.2777,1.012,33.037,5.964,0.0,0.033,8.079,160.736,5e-05,10.0,1.0296,1.927,0.254,0.015,0.89,77.1,,2,Copernicus CAMS via Open-Meteo,Faisalabad_Winter_Peak_2023-11-05
Faisalabad,Summer,6,32.5,54.0,7.4,975.6,0,144.598,19.519,0.485,0.3092,0.96,52.478,11.595,0.0094,0.1056,4.211,143.135,0.00016,50.0,0.9053,17.473,0.174,-0.05,0.56,42.5,,1,Copernicus CAMS via Open-Meteo,Faisalabad_Summer_2024-06-20
Faisalabad,Autumn_Harvest,10,17.7,70.0,7.1,992.5,9,71.873,10.52,0.561,0.2822,0.766,19.59,14.364,0.0003,0.3296,1.145,71.873,0.0001,24.0,0.6972,12.972,-0.0,-0.178,0.19,83.4,,2,Copernicus CAMS via Open-Meteo,Faisalabad_Autumn_Harvest_2023-10-25
Faisalabad,Monsoon,7,28.0,82.0,9.0,978.1,2,175.464,11.068,0.516,0.2781,1.001,68.537,14.726,0.0,0.0581,6.724,170.017,0.00013,36.0,1.0318,25.951,0.275,0.016,1.26,57.9,,1,Copernicus CAMS via Open-Meteo,Faisalabad_Monsoon_2023-07-15
Faisalabad,Autumn_Harvest,10,23.2,54.0,2.8,985.9,7,98.379,7.962,0.117,0.3656,0.969,57.267,8.429,0.0,0.0745,3.739,97.595,0.00023,16.0,0.9683,3.978,0.107,-0.016,0.33,82.7,,2,Copernicus CAMS via Open-Meteo,Faisalabad_Autumn_Harvest_2023-10-05
Faisalabad,Winter_Peak,1,7.2,93.0,4.1,996.9,5,46.433,1.223,-0.008,0.1842,0.981,15.282,3.76,0.0,0.0869,1.501,45.414,0.00026,3.0,1.0133,0.749,0.012,0.007,1.23,138.3,,2,Copernicus CAMS via Open-Meteo,Faisalabad_Winter_Peak_2024-01-15
Faisalabad,Summer,6,30.7,60.0,9.8,974.7,0,157.687,21.43,0.404,0.3195,0.972,79.478,13.831,0.0112,0.0829,5.323,155.579,0.00019,54.0,0.9314,23.096,0.206,-0.036,0.63,39.5,,1,Copernicus CAMS via Open-Meteo,Faisalabad_Summer_2024-06-20
Faisalabad,Monsoon,7,30.0,76.0,7.3,981.3,0,126.914,5.962,0.162,0.3391,0.954,18.683,9.01,0.0,0.0852,4.164,126.912,5e-05,21.0,0.915,5.019,0.146,-0.044,0.82,69.4,,1,Copernicus CAMS via Open-Meteo,Faisalabad_Monsoon_2024-07-10
Faisalabad,Autumn_Harvest,10,24.9,72.0,8.6,984.6,10,146.702,12.81,1.22,0.2533,0.956,43.627,12.336,0.0026,0.08,4.908,146.694,0.00012,41.0,0.9516,16.402,0.193,-0.025,0.5,63.3,,1,Copernicus CAMS via Open-Meteo,Faisalabad_Autumn_Harvest_2024-10-05
Faisalabad,Autumn_Harvest,10,20.7,84.0,9.0,990.2,8,148.265,3.843,0.029,0.2799,1.013,75.852,8.961,0.0,0.0686,5.214,140.611,0.00015,11.0,0.988,4.281,0.207,-0.006,0.7,88.9,,2,Copernicus CAMS via Open-Meteo,Faisalabad_Autumn_Harvest_2024-10-22
Faisalabad,Autumn_Harvest,9,33.1,57.0,1.0,983.7,11,172.212,11.62,-1.254,0.1362,0.967,44.789,12.512,0.0,0.1069,4.812,170.58,8e-05,48.0,1.0072,23.242,0.26,0.004,0.66,25.6,,0,Copernicus CAMS via Open-Meteo,Faisalabad_Autumn_Harvest_2024-09-28
Faisalabad,Summer,5,30.7,16.0,15.3,982.5,1,73.176,12.847,-0.059,0.3073,0.785,67.611,23.45,0.0122,0.3591,1.132,73.175,0.00037,32.0,0.6446,32.546,-0.016,-0.216,0.18,13.2,,0,Copernicus CAMS via Open-Meteo,Faisalabad_Summer_2024-05-01
Faisalabad,Winter_Peak,11,19.1,53.0,8.8,988.4,3,123.183,4.815,0.323,0.3088,0.981,48.973,7.99,0.0,0.0448,5.582,122.636,0.00013,15.0,0.9689,3.629,0.154,-0.016,0.12,34.6,,0,Copernicus CAMS via Open-Meteo,Faisalabad_Winter_Peak_2024-11-01
Faisalabad,Autumn_Harvest,10,23.1,55.0,3.9,985.8,12,111.677,8.918,0.071,0.3727,0.929,55.266,8.754,0.0,0.1234,3.038,111.636,0.00016,19.0,0.8816,4.285,0.11,-0.063,0.34,84.3,,2,Copernicus CAMS via Open-Meteo,Faisalabad_Autumn_Harvest_2023-10-05
Faisalabad,Monsoon,8,31.2,68.0,3.9,979.5,1,177.046,3.625,0.905,0.2918,1.047,81.778,9.619,0.0,0.08,5.487,162.833,0.00012,9.0,1.0841,5.647,0.294,0.04,0.76,60.8,,1,Copernicus CAMS via Open-Meteo,Faisalabad_Monsoon_2024-08-12
Faisalabad,Winter_Peak,11,13.3,89.0,6.0,993.1,4,159.077,15.419,-0.699,0.3326,1.022,48.49,16.799,0.0,0.0415,7.251,152.729,0.00012,53.0,1.0381,21.234,0.243,0.019,1.23,84.3,,2,Copernicus CAMS via Open-Meteo,Faisalabad_Winter_Peak_2023-11-30
Faisalabad,Monsoon,8,32.0,69.0,6.5,982.8,0,137.846,7.447,1.024,0.2773,0.972,82.876,11.944,0.0,0.0823,4.642,136.378,0.00017,22.0,0.9906,9.741,0.188,-0.005,0.81,50.9,,1,Copernicus CAMS via Open-Meteo,Faisalabad_Monsoon_2024-08-25
Faisalabad,Winter_Peak,1,8.2,92.0,2.3,996.7,6,51.49,2.239,-0.002,0.3252,0.996,45.773,6.542,0.0,0.0703,1.911,49.788,0.00068,5.0,1.0012,2.259,0.021,0.001,1.3,128.5,,2,Copernicus CAMS via Open-Meteo,Faisalabad_Winter_Peak_2024-01-15
Faisalabad,Summer,5,28.0,26.0,7.9,971.3,0,79.349,13.826,0.036,0.3157,0.776,93.032,31.761,0.0356,0.3382,1.249,79.349,0.00043,40.0,0.6656,64.803,-0.003,-0.201,0.18,64.7,,1,Copernicus CAMS via Open-Meteo,Faisalabad_Summer_2024-05-28
Faisalabad,Winter_Peak,11,24.0,63.0,4.8,995.2,7,48.914,2.206,-0.004,0.2341,1.053,45.921,6.545,0.0,0.1085,1.346,43.858,0.00088,5.0,1.0974,2.258,0.024,0.046,1.83,269.2,,3,Copernicus CAMS via Open-Meteo,Faisalabad_Winter_Peak_2024-11-15
Faisalabad,Autumn_Harvest,9,31.2,57.0,5.8,985.5,5,173.62,21.964,0.266,0.244,1.041,219.755,28.736,0.0396,0.083,5.268,159.263,0.0005,72.0,1.0378,95.452,0.273,0.019,0.75,31.3,,0,Copernicus CAMS via Open-Meteo,Faisalabad_Autumn_Harvest_2023-09-25
Faisalabad,Autumn_Harvest,9,30.6,66.0,7.2,985.8,11,161.88,12.117,-1.26,0.1752,0.987,104.889,15.876,0.0,0.0389,7.73,160.818,0.00018,49.0,0.9748,26.273,0.229,-0.013,0.57,21.7,,0,Copernicus CAMS via Open-Meteo,Faisalabad_Autumn_Harvest_2024-09-28
Faisalabad,Autumn_Harvest,10,31.4,43.0,4.2,986.8,11,118.906,5.281,0.279,0.2913,0.893,13.876,6.298,0.0,0.1622,2.639,118.906,3e-05,17.0,0.8535,2.719,0.113,-0.079,0.27,45.1,,1,Copernicus CAMS via Open-Meteo,Faisalabad_Autumn_Harvest_2024-10-15
Faisalabad,Autumn_Harvest,10,25.5,67.0,6.6,983.1,5,136.689,12.188,1.119,0.27,0.983,51.124,11.721,0.0024,0.0553,5.596,135.538,0.00014,38.0,0.9957,12.703,0.187,-0.002,0.46,69.6,,1,Copernicus CAMS via Open-Meteo,Faisalabad_Autumn_Harvest_2024-10-05
Faisalabad,Winter_Peak,11,25.9,49.0,8.7,990.1,12,113.21,4.021,0.581,0.2631,0.979,16.848,5.351,0.0,0.1205,2.903,109.345,6e-05,13.0,1.0348,1.713,0.149,0.017,0.22,77.8,,2,Copernicus CAMS via Open-Meteo,Faisalabad_Winter_Peak_2024-11-01
Faisalabad,Autumn_Harvest,10,23.2,54.0,2.8,985.9,8,102.993,8.131,0.093,0.3592,0.895,50.023,8.78,0.0,0.1839,2.199,102.993,0.00015,18.0,0.8858,4.324,0.096,-0.061,0.33,82.7,,2,Copernicus CAMS via Open-Meteo,Faisalabad_Autumn_Harvest_2023-10-05
Faisalabad,Summer,5,16.8,58.0,10.7,982.9,2,67.574,12.544,-0.012,0.3065,0.739,105.936,27.3,0.0259,0.3819,1.023,67.574,0.00054,36.0,0.622,42.321,-0.028,-0.233,0.31,27.1,,0,Copernicus CAMS via Open-Meteo,Faisalabad_Summer_2024-05-01
Faisalabad,Autumn_Harvest,10,25.6,61.0,8.2,991.0,7,167.102,3.827,0.043,0.2654,1.044,54.439,7.947,0.0,0.0914,4.734,151.901,9e-05,11.0,1.0359,3.397,0.259,0.018,1.04,97.8,,2,Copernicus CAMS via Open-Meteo,Faisalabad_Autumn_Harvest_2024-10-22
Faisalabad,Monsoon,7,28.7,89.0,5.5,979.6,1,193.905,11.623,0.684,0.2385,1.068,81.011,14.661,0.0,0.1056,4.97,173.431,0.00014,34.0,1.1159,23.931,0.34,0.055,0.99,67.1,,1,Copernicus CAMS via Open-Meteo,Faisalabad_Monsoon_2023-07-15
Faisalabad,Monsoon,8,27.8,91.0,2.3,980.0,1,126.141,16.856,0.975,0.2708,1.004,73.705,14.464,0.0012,0.0568,5.119,122.041,0.00025,46.0,1.0261,18.391,0.174,0.013,0.48,17.3,,0,Copernicus CAMS via Open-Meteo,Faisalabad_Monsoon_2024-08-05
Faisalabad,Monsoon,8,37.3,36.0,5.9,982.2,0,108.289,4.721,0.063,0.3323,0.879,28.84,6.502,0.0,0.2025,2.144,108.289,9e-05,22.0,0.7954,2.664,0.078,-0.114,0.46,40.4,,1,Copernicus CAMS via Open-Meteo,Faisalabad_Monsoon_2023-08-30
Faisalabad,Summer,5,33.1,46.0,8.5,983.4,1,148.057,24.071,0.197,0.3466,0.997,406.615,52.681,0.0834,0.0368,7.253,145.751,0.00113,68.0,0.9998,204.956,0.21,-0.0,0.74,41.1,,1,Copernicus CAMS via Open-Meteo,Faisalabad_Summer_2023-05-25
Faisalabad,Winter_Peak,12,15.0,64.0,8.0,995.7,13,59.114,11.982,0.69,0.2782,0.787,124.595,32.09,0.0901,0.3126,0.959,59.114,0.00095,39.0,0.7135,55.852,-0.011,-0.167,0.14,97.3,,2,Copernicus CAMS via Open-Meteo,Faisalabad_Winter_Peak_2023-12-20
Faisalabad,Winter_Peak,11,13.4,88.0,3.8,993.4,7,132.097,9.394,0.596,0.2969,0.996,53.08,10.678,0.0,0.0398,6.248,129.948,0.00014,27.0,0.9949,6.898,0.178,-0.003,0.3,109.4,,2,Copernicus CAMS via Open-Meteo,Faisalabad_Winter_Peak_2024-11-25
Faisalabad,Monsoon,8,31.4,73.0,3.2,979.1,1,92.676,10.574,0.939,0.2837,0.84,53.795,19.708,0.0051,0.2369,1.704,92.676,0.0002,26.0,0.7754,26.226,0.049,-0.126,0.82,67.1,,1,Copernicus CAMS via Open-Meteo,Faisalabad_Monsoon_2023-08-05
Faisalabad,Winter_Peak,11,20.6,76.0,8.3,993.7,8,163.28,4.112,0.256,0.2844,1.011,75.2,8.612,0.0,0.0906,4.818,153.037,0.00012,11.0,0.9717,3.955,0.231,-0.014,0.66,113.6,,2,Copernicus CAMS via Open-Meteo,Faisalabad_Winter_Peak_2023-11-05
Faisalabad,Autumn_Harvest,9,23.1,80.0,25.9,985.8,5,144.056,18.631,0.206,0.2437,0.993,134.088,23.926,0.0385,0.064,5.305,140.684,0.00042,66.0,1.0225,74.115,0.209,0.011,0.66,41.8,,1,Copernicus CAMS via Open-Meteo,Faisalabad_Autumn_Harvest_2023-09-25
Faisalabad,Autumn_Harvest,9,33.2,56.0,3.8,983.0,4,146.182,10.792,-1.307,0.1362,0.955,61.421,13.353,0.0,0.0967,4.397,146.101,0.00013,46.0,0.9671,22.048,0.197,-0.017,0.65,26.5,,0,Copernicus CAMS via Open-Meteo,Faisalabad_Autumn_Harvest_2024-09-28
Faisalabad,Monsoon,7,30.9,71.0,8.8,980.9,0,131.615,6.355,0.142,0.3335,1.007,26.786,9.706,0.0,0.0951,3.883,123.77,7e-05,21.0,1.0629,5.506,0.193,0.03,0.78,84.3,,2,Copernicus CAMS via Open-Meteo,Faisalabad_Monsoon_2024-07-10
Faisalabad,Summer,4,29.2,40.0,12.1,985.6,0,38.893,9.71,0.616,0.3062,0.628,16.791,10.342,0.0003,0.4865,0.565,38.893,0.00022,31.0,0.5271,7.242,-0.072,-0.31,0.25,31.0,,0,Copernicus CAMS via Open-Meteo,Faisalabad_Summer_2024-04-20
Faisalabad,Monsoon,8,27.2,88.0,6.2,979.9,0,190.035,3.305,1.653,0.2084,1.044,42.799,7.503,0.0,0.0787,5.864,175.059,6e-05,9.0,1.0854,4.361,0.322,0.041,0.8,31.4,,0,Copernicus CAMS via Open-Meteo,Faisalabad_Monsoon_2024-08-12
Faisalabad,Winter_Peak,11,19.9,64.0,17.6,994.4,14,186.961,18.224,-0.693,0.3205,0.986,65.015,20.846,0.0,0.0684,6.635,184.054,0.00011,66.0,0.9453,32.271,0.265,-0.028,1.22,61.7,,1,Copernicus CAMS via Open-Meteo,Faisalabad_Winter_Peak_2023-11-30
Faisalabad,Summer,6,27.5,40.0,9.3,979.3,0,73.784,7.349,0.197,0.317,0.749,23.21,8.586,0.0,0.3428,1.136,73.784,9e-05,18.0,0.6705,4.204,-0.006,-0.197,0.34,27.0,,0,Copernicus CAMS via Open-Meteo,Faisalabad_Summer_2024-06-10
Faisalabad,Winter_Peak,1,10.0,89.0,8.0,996.4,7,206.217,2.285,0.007,0.2864,1.016,48.709,6.811,0.0,0.0671,7.088,194.519,5e-05,5.0,1.0601,2.481,0.347,0.029,1.05,202.1,,3,Copernicus CAMS via Open-Meteo,Faisalabad_Winter_Peak_2024-01-05
Faisalabad,Summer,6,26.0,74.0,24.0,980.1,2,156.798,7.491,1.328,0.1138,0.96,104.838,13.623,0.0018,0.0841,5.17,156.54,0.00019,11.0,0.9176,20.061,0.2,-0.043,0.48,35.2,,1,Copernicus CAMS via Open-Meteo,Faisalabad_Summer_2023-06-15
Faisalabad,Autumn_Harvest,10,20.5,85.0,7.0,990.5,10,161.938,3.329,0.069,0.3169,1.058,30.193,6.235,0.0,0.0978,4.349,146.085,6e-05,9.0,1.0716,2.123,0.259,0.035,0.66,87.1,,2,Copernicus CAMS via Open-Meteo,Faisalabad_Autumn_Harvest_2024-10-22
Faisalabad,Monsoon,8,35.1,53.0,6.2,979.5,0,120.224,6.135,1.353,0.2534,0.937,13.866,7.774,0.0,0.1477,2.816,120.07,4e-05,19.0,0.972,5.334,0.149,-0.014,0.82,50.5,,1,Copernicus CAMS via Open-Meteo,Faisalabad_Monsoon_2024-08-25
Faisalabad,Monsoon,8,37.3,45.0,8.7,980.3,1,116.71,12.686,2.029,0.1439,0.945,54.546,11.465,0.0022,0.0982,3.543,116.684,0.0002,43.0,0.9362,16.609,0.133,-0.033,0.69,47.1,,1,Copernicus CAMS via Open-Meteo,Faisalabad_Monsoon_2023-08-20
Faisalabad,Winter_Peak,12,16.2,64.0,4.0,992.1,7,96.935,12.029,0.609,0.2924,0.956,70.501,15.378,0.0,0.0984,3.092,96.077,0.00032,31.0,0.9301,15.028,0.096,-0.036,0.09,149.5,,2,Copernicus CAMS via Open-Meteo,Faisalabad_Winter_Peak_2024-12-05
Faisalabad,Summer,5,29.7,49.0,9.2,981.9,0,163.821,26.731,0.21,0.3475,0.975,536.147,59.775,0.082,0.0492,7.492,163.54,0.00114,77.0,0.9609,258.073,0.228,-0.02,0.7,36.7,,1,Copernicus CAMS via Open-Meteo,Faisalabad_Summer_2023-05-25
Faisalabad,Monsoon,7,29.1,79.0,5.4,980.7,1,109.084,5.215,0.186,0.3262,0.953,22.091,8.273,0.0,0.0872,3.491,109.023,7e-05,18.0,0.9463,4.097,0.122,-0.028,0.85,50.2,,1,Copernicus CAMS via Open-Meteo,Faisalabad_Monsoon_2024-07-10
Faisalabad,Summer,6,33.8,35.0,5.1,980.7,3,127.148,18.427,0.834,0.1916,0.904,27.028,11.709,0.0,0.1517,3.177,127.147,9e-05,54.0,0.8532,10.192,0.126,-0.079,0.47,24.0,,0,Copernicus CAMS via Open-Meteo,Faisalabad_Summer_2023-06-05
Faisalabad,Autumn_Harvest,9,32.0,61.0,6.0,985.4,9,167.135,12.296,-1.323,0.1269,0.994,54.777,13.414,0.0,0.0298,8.614,165.706,0.00011,51.0,0.9803,25.104,0.241,-0.01,0.58,22.1,,0,Copernicus CAMS via Open-Meteo,Faisalabad_Autumn_Harvest_2024-09-28
Faisalabad,Monsoon,8,31.9,54.0,10.8,982.7,1,108.005,5.394,-0.022,0.3366,0.867,81.765,9.748,0.0,0.1981,2.169,108.005,0.00021,24.0,0.8141,5.341,0.083,-0.102,0.42,66.4,,1,Copernicus CAMS via Open-Meteo,Faisalabad_Monsoon_2023-08-30
Faisalabad,Autumn_Harvest,10,31.7,50.0,8.9,986.7,11,132.198,11.491,1.218,0.2655,0.977,31.653,10.681,0.0023,0.0448,5.906,132.119,0.00011,36.0,0.9581,11.554,0.168,-0.021,0.43,54.6,,1,Copernicus CAMS via Open-Meteo,Faisalabad_Autumn_Harvest_2024-10-05
Faisalabad,Monsoon,7,30.6,79.0,6.1,979.2,0,135.819,6.488,0.171,0.2999,0.978,15.344,9.717,0.0,0.0911,4.196,133.218,4e-05,22.0,1.0112,5.824,0.189,0.006,0.94,128.5,,2,Copernicus CAMS via Open-Meteo,Faisalabad_Monsoon_2024-07-10
Faisalabad,Monsoon,8,27.9,85.0,9.6,980.1,3,199.744,3.79,1.492,0.184,0.979,49.557,8.448,0.0,0.0374,9.521,199.703,5e-05,12.0,0.9648,6.086,0.297,-0.018,0.79,35.7,,1,Copernicus CAMS via Open-Meteo,Faisalabad_Monsoon_2024-08-12
Faisalabad,Autumn_Harvest,9,23.8,92.0,14.6,983.8,8,153.207,11.531,-1.292,0.1394,1.001,47.677,12.589,0.0,0.0421,6.815,149.709,0.00011,47.0,0.9812,21.275,0.215,-0.009,1.2,38.1,,1,Copernicus CAMS via Open-Meteo,Faisalabad_Autumn_Harvest_2024-09-28
Faisalabad,Summer,5,31.5,47.0,4.2,982.5,0,141.048,23.325,0.214,0.3518,0.952,484.062,55.216,0.0889,0.0831,4.899,141.027,0.00123,69.0,0.9282,212.802,0.175,-0.037,0.88,39.7,,1,Copernicus CAMS via Open-Meteo,Faisalabad_Summer_2023-05-25
Faisalabad,Autumn_Harvest,9,30.4,73.0,8.8,982.0,12,124.097,6.042,0.672,0.2614,0.996,28.671,9.781,0.0,0.033,6.256,122.447,9e-05,20.0,0.9987,5.979,0.163,-0.001,0.95,54.5,,1,Copernicus CAMS via Open-Meteo,Faisalabad_Autumn_Harvest_2023-09-15
Faisalabad,Monsoon,7,31.4,79.0,3.6,982.0,1,185.416,5.702,-0.969,0.273,0.958,37.084,7.488,0.0,0.0754,6.344,185.415,5e-05,20.0,0.9245,3.64,0.254,-0.039,0.99,44.7,,1,Copernicus CAMS via Open-Meteo,Faisalabad_Monsoon_2023-07-25
Faisalabad,Winter_Peak,12,10.5,85.0,8.8,992.9,6,85.276,10.529,0.399,0.3075,0.894,33.045,21.173,0.0013,0.1704,1.896,85.274,0.00018,28.0,0.8389,24.426,0.055,-0.088,0.38,141.6,,2,Copernicus CAMS via Open-Meteo,Faisalabad_Winter_Peak_2023-12-10
Faisalabad,Summer,6,32.9,19.0,11.4,979.2,0,76.294,7.52,0.143,0.3049,0.774,20.579,8.185,0.0,0.3274,1.195,76.294,9e-05,18.0,0.6738,3.978,-0.003,-0.195,0.17,54.2,,1,Copernicus CAMS via Open-Meteo,Faisalabad_Summer_2024-06-10
Faisalabad,Summer,5,37.5,17.0,17.5,979.6,3,78.346,11.112,-0.498,0.3235,0.773,42.151,20.862,0.0139,0.3504,1.202,78.346,0.0002,30.0,0.6523,27.963,-0.008,-0.21,0.46,38.5,,1,Copernicus CAMS via Open-Meteo,Faisalabad_Summer_2024-05-18
Faisalabad,Winter_Peak,12,7.2,96.0,10.9,997.6,12,66.972,13.166,0.788,0.2812,0.849,55.233,30.051,0.0652,0.2365,1.261,66.972,0.00047,39.0,0.8018,51.862,0.019,-0.11,0.11,80.3,,2,Copernicus CAMS via Open-Meteo,Faisalabad_Winter_Peak_2023-12-20
Faisalabad,Autumn_Harvest,10,22.2,76.0,8.5,992.7,14,178.471,3.686,0.089,0.2879,1.049,40.161,6.98,0.0,0.0766,5.621,164.774,6e-05,10.0,1.0764,2.665,0.295,0.037,0.74,83.8,,2,Copernicus CAMS via Open-Meteo,Faisalabad_Autumn_Harvest_2024-10-22
Faisalabad,Monsoon,7,28.8,78.0,6.6,979.5,2,183.577,11.195,0.625,0.246,1.044,41.798,12.281,0.0,0.0686,6.181,171.007,9e-05,37.0,1.071,22.289,0.304,0.034,0.96,57.9,,1,Copernicus CAMS via Open-Meteo,Faisalabad_Monsoon_2023-07-15
Faisalabad,Autumn_Harvest,10,30.4,35.0,4.0,994.9,14,76.455,11.295,0.596,0.2723,0.801,53.563,15.408,0.0002,0.3013,1.266,76.455,0.00024,25.0,0.7023,14.392,0.006,-0.175,0.32,37.4,,1,Copernicus CAMS via Open-Meteo,Faisalabad_Autumn_Harvest_2023-10-25
Faisalabad,Monsoon,7,32.5,67.0,8.5,979.4,3,199.594,7.026,-1.021,0.2842,0.988,64.05,9.326,0.0,0.036,9.69,198.442,7e-05,24.0,0.9954,5.351,0.31,-0.002,0.53,43.7,,1,Copernicus CAMS via Open-Meteo,Faisalabad_Monsoon_2023-07-25
Faisalabad,Winter_Peak,1,8.2,92.0,2.3,996.7,11,54.535,2.097,0.003,0.3216,1.022,41.774,6.186,0.0,0.0902,1.708,50.679,0.00058,5.0,1.0702,2.037,0.034,0.034,1.3,128.5,,2,Copernicus CAMS via Open-Meteo,Faisalabad_Winter_Peak_2024-01-15
Faisalabad,Monsoon,8,28.9,78.0,6.6,981.4,1,182.788,3.694,1.138,0.2207,0.982,57.958,8.737,0.0,0.0352,8.989,182.574,7e-05,11.0,0.9779,5.534,0.27,-0.011,0.81,86.4,,2,Copernicus CAMS via Open-Meteo,Faisalabad_Monsoon_2024-08-12
Faisalabad,Summer,4,25.8,53.0,10.2,987.2,2,42.082,10.575,0.65,0.2867,0.627,48.266,12.212,0.0002,0.4931,0.612,42.082,0.00042,32.0,0.5161,9.265,-0.075,-0.319,0.25,39.1,,1,Copernicus CAMS via Open-Meteo,Faisalabad_Summer_2024-04-20
Faisalabad,Monsoon,7,30.2,71.0,7.6,971.6,2,100.087,11.368,2.75,0.1473,0.917,107.129,20.256,0.0223,0.1827,2.102,99.684,0.00046,27.0,0.9471,43.073,0.105,-0.027,0.92,56.0,,1,Copernicus CAMS via Open-Meteo,Faisalabad_Monsoon_2024-07-25
Faisalabad,Monsoon,7,28.9,77.0,17.3,972.4,0,103.534,11.928,2.773,0.1391,0.902,141.821,21.695,0.0232,0.1589,2.403,103.53,0.00054,28.0,0.8764,47.188,0.094,-0.066,1.05,44.8,,1,Copernicus CAMS via Open-Meteo,Faisalabad_Monsoon_2024-07-25
Faisalabad,Autumn_Harvest,10,24.6,57.0,7.1,987.8,11,111.803,5.004,0.166,0.311,0.932,38.942,7.356,0.0,0.1125,3.108,111.802,0.00011,16.0,0.8893,3.062,0.112,-0.059,0.37,55.3,,1,Copernicus CAMS via Open-Meteo,Faisalabad_Autumn_Harvest_2023-10-15
Faisalabad,Autumn_Harvest,9,28.5,73.0,8.3,984.8,7,167.464,13.424,-1.179,0.1451,0.931,68.999,15.477,0.0,0.1256,4.305,167.464,0.00011,58.25,0.8742,30.62,0.201,-0.067,0.41,48.0,,1,Copernicus CAMS via Open-Meteo,Faisalabad_Autumn_Harvest_2024-09-28
Faisalabad,Summer,5,15.4,65.0,6.1,982.4,1,65.128,12.061,-0.035,0.2906,0.721,92.536,25.342,0.0196,0.3834,0.983,65.128,0.00046,36.0,0.6276,39.1,-0.028,-0.229,0.18,19.3,,0,Copernicus CAMS via Open-Meteo,Faisalabad_Summer_2024-05-01
Faisalabad,Summer,6,33.4,45.0,7.6,978.8,2,151.206,6.946,1.266,0.0713,0.959,48.86,10.234,0.002,0.0742,5.287,151.164,0.0001,10.0,0.9262,15.135,0.193,-0.038,0.52,21.9,,0,Copernicus CAMS via Open-Meteo,Faisalabad_Summer_2023-06-15
Faisalabad,Winter_Peak,12,12.7,75.0,5.9,993.6,14,83.753,10.371,0.379,0.3192,0.829,53.196,23.211,0.0017,0.2563,1.478,83.753,0.00024,30.0,0.7796,28.381,0.038,-0.124,0.43,203.0,,3,Copernicus CAMS via Open-Meteo,Faisalabad_Winter_Peak_2023-12-10
Faisalabad,Autumn_Harvest,10,31.1,51.0,10.3,984.3,11,161.67,14.092,1.25,0.2516,1.015,80.824,13.353,0.002,0.0736,5.389,152.355,0.00017,41.0,0.9877,15.926,0.233,-0.006,0.35,27.5,,0,Copernicus CAMS via Open-Meteo,Faisalabad_Autumn_Harvest_2024-10-05
Faisalabad,Winter_Peak,1,5.3,98.0,9.0,994.3,9,53.054,1.454,-0.007,0.376,0.974,20.956,4.379,0.0,0.0707,1.96,52.594,0.00027,3.0,0.9842,1.025,0.022,-0.008,0.83,261.7,,3,Copernicus CAMS via Open-Meteo,Faisalabad_Winter_Peak_2024-01-15
Faisalabad,Winter_Peak,12,23.9,27.0,11.2,991.2,8,79.511,9.792,0.405,0.3044,0.806,37.934,21.951,0.0012,0.2948,1.306,79.511,0.00018,29.0,0.7637,26.616,0.028,-0.134,0.23,34.1,,0,Copernicus CAMS via Open-Meteo,Faisalabad_Winter_Peak_2023-12-10
Faisalabad,Winter_Peak,11,24.2,43.0,4.0,995.4,6,171.862,3.741,0.071,0.3277,0.981,67.924,8.19,0.0,0.0861,5.414,168.506,9e-05,11.0,1.0165,3.569,0.262,0.008,0.99,84.1,,2,Copernicus CAMS via Open-Meteo,Faisalabad_Winter_Peak_2023-11-20
Faisalabad,Summer,6,33.7,53.0,9.7,978.2,0,154.596,7.805,1.18,0.094,0.961,86.331,13.204,0.0014,0.0812,5.165,154.352,0.00016,13.0,0.9656,21.091,0.212,-0.018,0.58,22.7,,0,Copernicus CAMS via Open-Meteo,Faisalabad_Summer_2023-06-15
Faisalabad,Autumn_Harvest,9,27.9,74.0,5.4,985.3,9,135.774,17.868,0.222,0.2491,0.993,129.321,23.348,0.0417,0.051,5.591,133.311,0.00046,61.0,0.9664,69.329,0.177,-0.017,0.54,39.8,,1,Copernicus CAMS via Open-Meteo,Faisalabad_Autumn_Harvest_2023-09-25
Faisalabad,Winter_Peak,11,20.8,68.0,2.6,991.7,6,57.08,1.46,-0.009,0.3852,1.029,20.801,4.38,0.0,0.0995,1.591,52.138,0.00028,3.0,0.9987,1.018,0.032,-0.001,2.3,250.5,,3,Copernicus CAMS via Open-Meteo,Faisalabad_Winter_Peak_2024-11-15
Faisalabad,Autumn_Harvest,10,21.0,60.0,9.7,993.4,13,87.741,13.085,0.542,0.2906,0.809,23.967,17.566,0.0003,0.2761,1.527,87.741,0.0001,29.0,0.735,18.673,0.03,-0.153,0.12,87.8,,2,Copernicus CAMS via Open-Meteo,Faisalabad_Autumn_Harvest_2023-10-25
Faisalabad,Autumn_Harvest,10,26.0,48.0,9.7,987.5,6,106.945,4.988,0.229,0.2973,0.872,14.357,6.069,0.0,0.1932,2.149,106.945,4e-05,17.0,0.8076,2.506,0.08,-0.106,0.25,80.6,,2,Copernicus CAMS via Open-Meteo,Faisalabad_Autumn_Harvest_2024-10-15
Faisalabad,Monsoon,8,29.4,73.0,8.4,979.7,1,134.506,7.176,1.184,0.25,0.99,62.585,10.258,0.0,0.0422,6.226,133.002,0.00015,21.0,0.982,7.507,0.179,-0.009,0.8,88.0,,2,Copernicus CAMS via Open-Meteo,Faisalabad_Monsoon_2024-08-25
Faisalabad,Monsoon,8,28.5,89.0,6.2,980.5,2,129.329,17.963,0.946,0.271,0.951,37.947,14.646,0.0015,0.0945,4.074,129.286,0.00017,53.0,0.9503,21.108,0.16,-0.025,0.46,24.9,,0,Copernicus CAMS via Open-Meteo,Faisalabad_Monsoon_2024-08-05
Faisalabad,Autumn_Harvest,9,31.7,63.0,6.8,979.6,11,107.685,12.992,0.942,0.2692,0.985,88.518,15.185,0.0029,0.0817,3.971,105.032,0.00033,30.0,1.0033,18.014,0.132,0.002,0.78,52.5,,1,Copernicus CAMS via Open-Meteo,Faisalabad_Autumn_Harvest_2024-09-10
Faisalabad,Winter_Peak,1,8.2,99.0,3.2,996.9,5,183.743,1.181,-0.002,0.2535,1.02,13.933,3.66,0.0,0.0333,8.727,177.63,2e-05,2.0,1.0309,0.747,0.291,0.015,0.98,347.4,,3,Copernicus CAMS via Open-Meteo,Faisalabad_Winter_Peak_2024-01-05
Faisalabad,Autumn_Harvest,10,23.1,55.0,3.9,985.8,8,106.099,8.316,0.075,0.3698,0.96,44.827,8.351,0.0,0.1371,2.625,103.776,0.00015,17.0,1.0094,4.01,0.13,0.005,0.34,84.3,,2,Copernicus CAMS via Open-Meteo,Faisalabad_Autumn_Harvest_2023-10-05
Faisalabad,Autumn_Harvest,10,24.5,80.0,4.5,986.2,14,142.679,12.369,1.359,0.2377,1.015,92.163,12.729,0.0021,0.0457,6.194,137.227,0.00023,37.0,1.0163,13.137,0.204,0.008,0.64,74.7,,1,Copernicus CAMS via Open-Meteo,Faisalabad_Autumn_Harvest_2024-10-05
Faisalabad,Winter_Peak,11,16.9,84.0,5.0,991.1,3,160.171,3.475,0.409,0.336,0.996,35.16,6.147,0.0,0.0479,6.789,157.189,6e-05,10.0,0.9705,2.05,0.225,-0.015,0.54,107.6,,2,Copernicus CAMS via Open-Meteo,Faisalabad_Winter_Peak_2023-11-05
Faisalabad,Winter_Peak,11,18.0,68.0,6.0,993.3,6,110.191,7.958,0.678,0.2623,0.958,20.301,8.811,0.0,0.0742,3.909,110.121,9e-05,24.0,0.943,4.862,0.123,-0.029,0.17,112.5,,2,Copernicus CAMS via Open-Meteo,Faisalabad_Winter_Peak_2024-11-25
Faisalabad,Monsoon,8,27.6,90.0,7.3,980.0,1,93.307,10.685,1.029,0.271,0.899,50.237,16.816,0.0044,0.177,2.1,93.296,0.00021,24.0,0.8901,19.712,0.08,-0.058,0.83,32.8,,0,Copernicus CAMS via Open-Meteo,Faisalabad_Monsoon_2023-08-05
Faisalabad,Winter_Peak,12,9.2,87.0,10.4,991.9,6,85.263,10.793,0.308,0.3178,0.874,95.41,22.34,0.0014,0.2088,1.691,85.249,0.00042,29.0,0.795,27.411,0.044,-0.114,0.33,105.7,,2,Copernicus CAMS via Open-Meteo,Faisalabad_Winter_Peak_2023-12-10
Faisalabad,Summer,5,30.5,16.0,13.0,982.2,0,77.838,13.541,-0.047,0.3074,0.799,64.143,24.291,0.0121,0.3038,1.31,77.838,0.00033,34.0,0.7004,36.594,0.007,-0.176,0.17,12.4,,0,Copernicus CAMS via Open-Meteo,Faisalabad_Summer_2024-05-01
Faisalabad,Winter_Peak,12,15.2,63.0,2.5,992.2,9,86.825,11.009,0.561,0.2895,0.94,76.464,14.794,0.0,0.1179,2.526,86.414,0.00039,29.0,0.909,13.044,0.073,-0.048,0.08,154.6,,3,Copernicus CAMS via Open-Meteo,Faisalabad_Winter_Peak_2024-12-05
Faisalabad,Winter_Peak,12,15.7,64.0,3.4,992.1,5,93.249,11.009,0.636,0.2936,0.946,17.981,12.717,0.0,0.1028,2.909,93.033,0.00011,28.0,0.9246,10.874,0.088,-0.039,0.08,159.7,,3,Copernicus CAMS via Open-Meteo,Faisalabad_Winter_Peak_2024-12-05
Faisalabad,Winter_Peak,12,23.0,32.0,10.0,995.8,5,68.513,13.571,0.731,0.2811,0.832,85.183,33.666,0.0812,0.2563,1.222,68.513,0.00062,41.0,0.7675,61.765,0.014,-0.132,0.17,38.4,,1,Copernicus CAMS via Open-Meteo,Faisalabad_Winter_Peak_2023-12-20
Faisalabad,Autumn_Harvest,10,20.2,89.0,8.9,989.7,10,123.823,5.741,0.233,0.3229,0.889,65.793,9.22,0.0,0.17,2.692,123.823,0.00013,19.0,0.8327,4.82,0.114,-0.091,0.6,39.8,,1,Copernicus CAMS via Open-Meteo,Faisalabad_Autumn_Harvest_2023-10-15
Faisalabad,Winter_Peak,11,19.1,53.0,8.8,988.4,9,133.094,5.541,0.253,0.3326,0.984,68.937,9.435,0.0,0.119,3.458,127.553,0.00015,17.0,1.0416,5.0,0.191,0.02,0.12,34.6,,0,Copernicus CAMS via Open-Meteo,Faisalabad_Winter_Peak_2024-11-01
Faisalabad,Monsoon,7,29.0,89.0,0.5,978.5,0,190.241,11.814,0.56,0.265,1.057,77.393,15.212,0.0,0.1163,4.548,168.121,0.00014,34.0,1.1316,25.545,0.336,0.062,0.99,67.8,,1,Copernicus CAMS via Open-Meteo,Faisalabad_Monsoon_2023-07-15
Faisalabad,Autumn_Harvest,9,23.8,92.0,14.6,983.8,5,157.501,11.225,-1.247,0.1453,0.969,93.438,14.754,0.0,0.1001,4.603,155.73,0.00018,45.0,0.9096,23.063,0.198,-0.047,1.2,38.1,,1,Copernicus CAMS via Open-Meteo,Faisalabad_Autumn_Harvest_2024-09-28
Faisalabad,Autumn_Harvest,9,24.1,93.0,21.7,983.9,14,162.232,12.003,-1.308,0.133,0.985,76.591,14.568,0.0,0.0375,7.864,161.632,0.00014,50.0,0.9869,25.433,0.234,-0.007,1.18,39.3,,1,Copernicus CAMS via Open-Meteo,Faisalabad_Autumn_Harvest_2024-09-28
Faisalabad,Summer,5,35.4,13.0,5.5,971.1,0,81.894,14.299,0.103,0.3074,0.786,65.118,29.861,0.0321,0.3401,1.285,81.894,0.00035,40.0,0.6637,60.258,-0.001,-0.202,0.13,77.3,,2,Copernicus CAMS via Open-Meteo,Faisalabad_Summer_2024-05-28
Faisalabad,Autumn_Harvest,10,33.2,33.0,6.3,991.0,10,156.035,3.011,0.124,0.3092,0.981,21.398,5.537,0.0,0.0346,7.693,155.98,4e-05,9.0,0.9696,1.722,0.216,-0.015,0.67,56.2,,1,Copernicus CAMS via Open-Meteo,Faisalabad_Autumn_Harvest_2024-10-22
Faisalabad,Autumn_Harvest,9,35.4,36.0,6.9,982.6,12,123.203,10.682,2.392,0.1878,0.941,49.677,8.783,0.0,0.1116,3.467,123.18,0.00015,31.0,0.9393,5.439,0.146,-0.031,0.56,44.1,,1,Copernicus CAMS via Open-Meteo,Faisalabad_Autumn_Harvest_2024-09-18
Faisalabad,Monsoon,8,31.9,54.0,10.8,982.7,4,129.674,5.475,-0.013,0.33,0.929,17.986,6.191,0.0,0.1208,3.545,129.673,5e-05,24.0,0.8775,2.683,0.139,-0.065,0.42,66.4,,1,Copernicus CAMS via Open-Meteo,Faisalabad_Monsoon_2023-08-30
Faisalabad,Autumn_Harvest,10,29.6,40.0,7.2,988.4,8,126.725,5.724,0.32,0.3041,0.939,60.277,8.786,0.0,0.0997,3.796,126.722,0.00013,18.0,0.9147,4.38,0.145,-0.045,0.54,40.4,,1,Copernicus CAMS via Open-Meteo,Faisalabad_Autumn_Harvest_2023-10-15
Faisalabad,Summer,4,29.2,40.0,12.1,985.6,3,41.041,10.469,0.552,0.299,0.626,63.727,12.991,0.0003,0.4989,0.597,41.041,0.00057,32.0,0.5086,10.495,-0.077,-0.326,0.25,31.0,,0,Copernicus CAMS via Open-Meteo,Faisalabad_Summer_2024-04-20
Faisalabad,Monsoon,8,26.9,83.0,6.6,983.5,1,134.079,6.089,-0.035,0.32,0.931,45.696,8.054,0.0,0.1423,3.297,133.963,0.0001,25.0,0.8562,3.957,0.139,-0.077,0.51,50.6,,1,Copernicus CAMS via Open-Meteo,Faisalabad_Monsoon_2023-08-30
Faisalabad,Summer,6,34.9,39.0,4.7,974.8,1,142.625,19.56,0.435,0.3146,0.952,71.278,13.185,0.0126,0.0863,5.041,142.52,0.00018,51.0,0.942,21.458,0.182,-0.03,0.6,54.0,,1,Copernicus CAMS via Open-Meteo,Faisalabad_Summer_2024-06-20
Faisalabad,Autumn_Harvest,9,35.4,53.0,7.0,983.5,9,123.92,6.968,1.308,0.2482,0.972,36.041,10.976,0.0,0.1139,3.354,121.218,0.00011,24.0,1.0162,7.198,0.167,0.008,0.79,46.7,,1,Copernicus CAMS via Open-Meteo,Faisalabad_Autumn_Harvest_2023-09-15
Faisalabad,Winter_Peak,12,21.6,38.0,3.6,993.0,8,88.729,10.627,0.597,0.2855,0.964,41.732,12.512,0.0,0.0895,2.929,87.638,0.00023,26.0,0.9356,10.45,0.082,-0.033,0.12,20.5,,0,Copernicus CAMS via Open-Meteo,Faisalabad_Winter_Peak_2024-12-05
Faisalabad,Summer,6,31.1,39.0,7.8,981.0,0,110.123,16.038,0.789,0.1864,0.921,17.843,10.195,0.0,0.1266,3.155,110.112,8e-05,46.0,0.881,8.095,0.107,-0.063,0.48,28.7,,0,Copernicus CAMS via Open-Meteo,Faisalabad_Summer_2023-06-05
Faisalabad,Autumn_Harvest,10,20.7,84.0,9.0,990.2,8,145.659,2.833,0.057,0.259,1.023,13.887,4.668,0.0,0.0695,4.858,136.192,3e-05,8.0,1.0695,1.26,0.224,0.034,0.7,88.9,,2,Copernicus CAMS via Open-Meteo,Faisalabad_Autumn_Harvest_2024-10-22
Faisalabad,Monsoon,7,29.8,78.0,9.3,972.1,3,118.545,13.443,2.808,0.1265,0.945,129.123,22.295,0.0222,0.0937,3.898,118.489,0.00046,30.0,0.9209,54.235,0.132,-0.041,1.21,35.7,,1,Copernicus CAMS via Open-Meteo,Faisalabad_Monsoon_2024-07-25
Faisalabad,Monsoon,8,28.9,88.0,6.2,980.6,2,128.801,18.105,0.889,0.2845,0.971,26.689,13.42,0.0013,0.0837,4.368,128.043,0.00016,52.0,0.9926,17.221,0.171,-0.004,0.34,12.0,,0,Copernicus CAMS via Open-Meteo,Faisalabad_Monsoon_2024-08-05
Faisalabad,Monsoon,8,30.6,80.0,5.9,983.5,2,130.656,15.057,1.748,0.1616,1.006,44.709,11.192,0.0019,0.0543,5.309,126.062,0.00015,49.0,1.0345,14.996,0.185,0.017,0.73,66.4,,1,Copernicus CAMS via Open-Meteo,Faisalabad_Monsoon_2023-08-20
Faisalabad,Summer,5,29.2,31.0,10.2,981.4,2,88.25,12.191,-0.511,0.3096,0.822,45.079,21.764,0.0111,0.2983,1.454,88.25,0.0002,31.0,0.7045,28.674,0.02,-0.173,0.42,27.9,,0,Copernicus CAMS via Open-Meteo,Faisalabad_Summer_2024-05-18
Faisalabad,Winter_Peak,1,5.3,100.0,8.4,995.1,13,178.808,1.434,0.006,0.3109,1.067,19.791,4.308,0.0,0.1161,4.24,158.021,3e-05,4.0,1.1315,1.032,0.311,0.062,0.92,331.6,,3,Copernicus CAMS via Open-Meteo,Faisalabad_Winter_Peak_2024-01-05
Faisalabad,Autumn_Harvest,9,25.4,72.0,5.8,983.4,9,116.881,11.96,2.062,0.1813,0.974,35.777,8.176,0.0,0.0683,4.384,116.275,0.00014,39.0,0.987,5.426,0.146,-0.007,0.46,59.8,,1,Copernicus CAMS via Open-Meteo,Faisalabad_Autumn_Harvest_2024-09-18
Faisalabad,Autumn_Harvest,9,31.5,55.0,4.8,985.0,11,169.094,22.844,0.198,0.2614,1.044,149.301,26.818,0.039,0.1035,4.366,151.846,0.00039,74.0,1.1136,90.517,0.285,0.054,0.74,29.7,,0,Copernicus CAMS via Open-Meteo,Faisalabad_Autumn_Harvest_2023-09-25
Faisalabad,Winter_Peak,12,18.2,49.0,10.5,991.7,11,90.966,11.434,0.285,0.324,0.849,90.962,22.76,0.0006,0.234,1.683,90.966,0.00032,32.0,0.7717,30.29,0.046,-0.129,0.2,75.7,,2,Copernicus CAMS via Open-Meteo,Faisalabad_Winter_Peak_2023-12-10
Faisalabad,Summer,6,30.0,64.0,13.9,979.4,2,157.694,8.078,1.196,0.1177,0.943,111.703,14.672,0.0022,0.1113,4.415,157.594,0.00018,14.0,0.9476,23.248,0.212,-0.027,0.54,38.2,,1,Copernicus CAMS via Open-Meteo,Faisalabad_Summer_2023-06-15
Faisalabad,Autumn_Harvest,9,32.9,59.0,1.9,978.9,11,107.659,12.795,1.004,0.2697,0.998,31.69,13.542,0.0043,0.0838,3.814,103.543,0.00015,29.0,1.0353,16.796,0.138,0.017,0.77,51.5,,1,Copernicus CAMS via Open-Meteo,Faisalabad_Autumn_Harvest_2024-09-10
Faisalabad,Monsoon,7,32.6,71.0,4.0,978.8,1,108.275,5.826,0.173,0.2923,0.977,76.951,10.678,0.0,0.0605,4.347,107.284,0.00026,19.0,0.9683,6.409,0.125,-0.016,1.12,100.8,,2,Copernicus CAMS via Open-Meteo,Faisalabad_Monsoon_2024-07-10
Faisalabad,Autumn_Harvest,9,28.1,79.0,9.2,982.7,3,154.893,11.423,-1.288,0.1458,0.965,74.418,14.141,0.0,0.0772,5.28,154.697,0.00015,48.0,0.9239,22.427,0.199,-0.04,0.82,49.9,,1,Copernicus CAMS via Open-Meteo,Faisalabad_Autumn_Harvest_2024-09-28
Faisalabad,Summer,5,44.3,9.0,7.0,973.1,0,68.446,11.51,-0.008,0.3194,0.781,47.635,24.246,0.0263,0.3218,1.101,68.446,0.00033,32.0,0.6821,38.727,-0.008,-0.189,0.16,13.8,,0,Copernicus CAMS via Open-Meteo,Faisalabad_Summer_2024-05-28
Faisalabad,Summer,6,40.2,19.0,4.2,981.0,1,77.15,7.796,0.097,0.3028,0.794,75.208,10.603,0.0,0.2949,1.275,77.15,0.00029,17.0,0.7103,6.251,0.01,-0.169,0.26,17.8,,0,Copernicus CAMS via Open-Meteo,Faisalabad_Summer_2024-06-10
Faisalabad,Winter_Peak,1,6.1,96.0,4.4,997.0,5,187.717,1.444,0.011,0.288,1.013,20.647,4.354,0.0,0.043,8.039,180.368,2e-05,3.0,0.9998,1.084,0.288,-0.0,1.5,209.5,,3,Copernicus CAMS via Open-Meteo,Faisalabad_Winter_Peak_2024-01-05
Faisalabad,Autumn_Harvest,10,25.9,44.0,8.7,984.3,10,103.742,8.478,0.089,0.3807,0.915,81.003,10.135,0.0,0.1399,2.645,103.728,0.00025,19.0,0.8705,5.682,0.093,-0.069,0.33,89.9,,2,Copernicus CAMS via Open-Meteo,Faisalabad_Autumn_Harvest_2023-10-05
Faisalabad,Summer,5,30.5,16.0,13.0,982.2,0,78.693,14.293,-0.012,0.3038,0.75,62.132,29.376,0.0226,0.3616,1.213,78.693,0.0003,40.0,0.6427,50.616,-0.011,-0.218,0.17,12.4,,0,Copernicus CAMS via Open-Meteo,Faisalabad_Summer_2024-05-01
Faisalabad,Autumn_Harvest,10,28.3,50.0,5.4,987.7,7,93.831,7.252,0.111,0.3811,0.947,16.141,5.972,0.0,0.0911,3.165,93.824,7e-05,15.0,0.9299,2.097,0.09,-0.036,0.32,79.6,,2,Copernicus CAMS via Open-Meteo,Faisalabad_Autumn_Harvest_2023-10-05
Faisalabad,Winter_Peak,11,20.3,53.0,9.6,988.8,5,129.179,4.6,0.429,0.3029,0.999,14.594,5.715,0.0,0.0548,5.157,125.806,4e-05,14.0,1.0259,1.995,0.18,0.013,0.12,41.4,,1,Copernicus CAMS via Open-Meteo,Faisalabad_Winter_Peak_2024-11-01
Faisalabad,Summer,6,34.5,47.0,8.0,975.8,1,141.339,19.109,0.478,0.3158,0.965,52.287,11.573,0.0102,0.09,4.626,140.242,0.00016,49.0,0.9779,17.562,0.191,-0.011,0.59,48.2,,1,Copernicus CAMS via Open-Meteo,Faisalabad_Summer_2024-06-20
Faisalabad,Autumn_Harvest,9,34.1,56.0,5.2,981.5,6,103.443,12.11,0.992,0.2776,0.953,37.973,14.095,0.0041,0.1354,2.709,102.205,0.00015,29.0,0.9915,18.602,0.121,-0.004,0.71,63.6,,1,Copernicus CAMS via Open-Meteo,Faisalabad_Autumn_Harvest_2024-09-10
Faisalabad,Summer,5,37.5,17.0,17.5,979.6,2,82.306,11.613,-0.507,0.3018,0.795,76.214,21.778,0.0117,0.3268,1.303,82.306,0.00031,31.0,0.6757,28.872,0.004,-0.194,0.46,38.5,,1,Copernicus CAMS via Open-Meteo,Faisalabad_Summer_2024-05-18
Faisalabad,Winter_Peak,11,26.5,54.0,5.2,994.6,13,171.476,3.668,0.435,0.271,1.041,42.471,6.592,0.0,0.0769,5.406,158.301,7e-05,11.0,1.083,2.345,0.282,0.04,0.72,76.4,,2,Copernicus CAMS via Open-Meteo,Faisalabad_Winter_Peak_2023-11-05
Faisalabad,Summer,5,42.0,14.0,15.7,981.5,0,82.861,11.643,-0.495,0.3208,0.767,56.208,21.992,0.01,0.3239,1.316,82.861,0.00022,32.0,0.6845,30.866,0.008,-0.187,0.5,25.9,,0,Copernicus CAMS via Open-Meteo,Faisalabad_Summer_2024-05-18
Faisalabad,Winter_Peak,12,13.5,96.0,7.2,997.0,7,103.409,7.731,-0.075,0.2951,0.998,22.733,12.576,0.0,0.0474,4.643,101.138,0.00011,21.0,1.0128,8.825,0.125,0.006,1.01,72.2,,1,Copernicus CAMS via Open-Meteo,Faisalabad_Winter_Peak_2023-12-01
Faisalabad,Summer,5,15.4,65.0,6.1,982.4,3,77.556,13.757,-0.066,0.2995,0.764,58.019,26.046,0.0142,0.3315,1.239,77.556,0.00029,38.0,0.679,42.584,0.0,-0.191,0.18,19.3,,0,Copernicus CAMS via Open-Meteo,Faisalabad_Summer_2024-05-01
Faisalabad,Autumn_Harvest,10,23.8,49.0,9.0,984.2,4,112.569,9.093,0.135,0.3518,0.959,83.045,10.332,0.0,0.0935,3.784,111.84,0.00024,18.0,0.966,5.849,0.133,-0.017,0.3,84.1,,2,Copernicus CAMS via Open-Meteo,Faisalabad_Autumn_Harvest_2023-10-05
Faisalabad,Monsoon,8,29.4,83.0,5.1,982.6,3,146.006,17.132,1.783,0.1618,0.98,107.597,15.005,0.0025,0.067,5.577,144.293,0.00025,59.0,0.9956,26.326,0.205,-0.002,0.73,66.8,,1,Copernicus CAMS via Open-Meteo,Faisalabad_Monsoon_2023-08-20
Faisalabad,Monsoon,8,33.4,63.0,11.5,978.0,0,85.538,9.77,1.005,0.2645,0.858,26.795,17.109,0.0048,0.2399,1.571,85.538,0.00013,24.0,0.8435,20.472,0.057,-0.085,0.81,53.4,,1,Copernicus CAMS via Open-Meteo,Faisalabad_Monsoon_2023-08-05
Faisalabad,Monsoon,8,28.1,91.0,5.8,979.7,1,139.403,19.878,0.711,0.2952,1.006,43.086,14.051,0.0014,0.0644,5.271,134.05,0.00018,54.0,1.0386,19.61,0.203,0.019,0.43,19.1,,0,Copernicus CAMS via Open-Meteo,Faisalabad_Monsoon_2024-08-05
Faisalabad,Summer,6,40.8,11.0,14.5,978.4,0,80.11,8.391,0.153,0.3089,0.783,83.414,11.621,0.0,0.3226,1.269,80.11,0.0003,19.0,0.6785,7.412,0.003,-0.192,0.18,10.7,,0,Copernicus CAMS via Open-Meteo,Faisalabad_Summer_2024-06-10
Faisalabad,Summer,5,38.2,7.0,5.5,970.9,1,67.385,11.231,-0.02,0.3129,0.727,48.646,25.494,0.0223,0.3746,1.015,67.385,0.0003,34.0,0.6305,44.183,-0.025,-0.227,0.12,62.4,,1,Copernicus CAMS via Open-Meteo,Faisalabad_Summer_2024-05-28
Faisalabad,Monsoon,8,27.6,90.0,7.3,980.0,1,100.0,11.523,0.982,0.2786,0.883,89.466,19.77,0.0049,0.1916,2.133,99.998,0.00028,27.0,0.8576,27.446,0.084,-0.077,0.83,32.8,,0,Copernicus CAMS via Open-Meteo,Faisalabad_Monsoon_2023-08-05
Faisalabad,Autumn_Harvest,10,27.4,64.0,9.7,985.9,4,136.066,11.879,1.27,0.2468,0.991,39.557,11.051,0.0024,0.0741,4.671,132.584,0.00013,36.0,1.0248,13.15,0.193,0.012,0.46,64.3,,1,Copernicus CAMS via Open-Meteo,Faisalabad_Autumn_Harvest_2024-10-05
Faisalabad,Autumn_Harvest,9,27.4,65.0,7.1,984.1,7,122.163,11.416,2.256,0.1887,0.969,25.196,7.223,0.0001,0.0657,4.625,122.02,0.00011,36.0,0.9727,4.477,0.153,-0.014,0.44,68.5,,1,Copernicus CAMS via Open-Meteo,Faisalabad_Autumn_Harvest_2024-09-18
Faisalabad,Summer,5,27.9,56.0,15.1,981.7,1,131.072,21.41,0.105,0.3549,0.95,339.821,50.165,0.0779,0.0895,4.351,131.04,0.00105,65.0,0.9152,178.463,0.153,-0.044,0.69,44.9,,1,Copernicus CAMS via Open-Meteo,Faisalabad_Summer_2023-05-25
Faisalabad,Winter_Peak,12,14.2,64.0,1.0,993.9,3,100.12,12.287,0.641,0.2835,0.972,20.178,14.204,0.0,0.0883,3.519,98.648,0.00012,31.0,0.9875,13.863,0.114,-0.006,0.09,69.4,,1,Copernicus CAMS via Open-Meteo,Faisalabad_Winter_Peak_2024-12-05
Faisalabad,Summer,5,32.7,23.0,7.7,973.0,1,75.502,12.868,-0.006,0.3389,0.791,101.104,26.51,0.0248,0.3364,1.195,75.501,0.00051,35.0,0.6669,49.173,-0.006,-0.2,0.14,74.5,,1,Copernicus CAMS via Open-Meteo,Faisalabad_Summer_2024-05-28
Faisalabad,Autumn_Harvest,9,35.9,55.0,13.5,984.8,10,122.857,7.029,1.366,0.2391,0.98,24.654,10.241,0.0,0.072,4.349,121.366,9e-05,24.0,1.0018,6.816,0.161,0.001,0.81,46.7,,1,Copernicus CAMS via Open-Meteo,Faisalabad_Autumn_Harvest_2023-09-15
Faisalabad,Autumn_Harvest,9,31.2,57.0,5.8,985.5,5,132.904,16.459,0.3,0.2386,0.955,130.325,22.916,0.0399,0.0727,4.685,132.903,0.00043,62.0,0.9348,66.79,0.162,-0.034,0.75,31.3,,0,Copernicus CAMS via Open-Meteo,Faisalabad_Autumn_Harvest_2023-09-25
Faisalabad,Winter_Peak,1,15.7,61.0,4.5,996.0,8,214.567,2.72,0.008,0.3649,1.076,68.824,8.036,0.0,0.1406,4.449,184.39,7e-05,6.0,1.1637,3.452,0.4,0.076,1.16,145.8,,2,Copernicus CAMS via Open-Meteo,Faisalabad_Winter_Peak_2024-01-05
Faisalabad,Summer,6,29.4,66.0,21.0,980.4,0,150.96,7.397,1.283,0.1246,0.972,106.825,13.728,0.0023,0.0571,6.145,150.553,0.0002,11.0,0.9679,18.727,0.206,-0.016,0.57,32.2,,0,Copernicus CAMS via Open-Meteo,Faisalabad_Summer_2023-06-15
Faisalabad,Winter_Peak,12,17.7,65.0,9.0,995.3,1,99.606,7.591,-0.083,0.3036,0.958,54.79,13.617,0.0,0.0956,3.121,99.059,0.00023,22.0,0.9109,10.55,0.096,-0.047,0.31,69.4,,1,Copernicus CAMS via Open-Meteo,Faisalabad_Winter_Peak_2023-12-01
Faisalabad,Monsoon,8,33.8,51.0,6.6,982.8,0,118.114,4.951,0.062,0.3348,0.951,12.799,5.416,0.0,0.0856,3.838,117.872,4e-05,20.0,0.9366,2.098,0.136,-0.033,0.42,49.5,,1,Copernicus CAMS via Open-Meteo,Faisalabad_Monsoon_2023-08-30
Faisalabad,Monsoon,7,31.6,70.0,10.9,977.8,0,163.211,9.951,0.679,0.2325,1.007,77.587,14.287,0.0,0.0627,6.021,156.564,0.00016,30.0,1.0421,21.995,0.253,0.021,1.5,62.6,,1,Copernicus CAMS via Open-Meteo,Faisalabad_Monsoon_2023-07-15
Faisalabad,Monsoon,8,31.2,68.0,3.9,979.5,0,175.409,3.35,1.127,0.1576,0.987,40.442,7.604,0.0,0.0268,9.446,175.123,6e-05,10.0,0.9794,4.654,0.257,-0.01,0.76,60.8,,1,Copernicus CAMS via Open-Meteo,Faisalabad_Monsoon_2024-08-12
Faisalabad,Winter_Peak,11,19.7,53.0,8.9,988.6,9,117.079,4.447,0.409,0.279,0.982,43.808,7.52,0.0,0.0469,5.203,116.393,0.00013,14.0,0.9633,3.173,0.141,-0.019,0.12,37.6,,1,Copernicus CAMS via Open-Meteo,Faisalabad_Winter_Peak_2024-11-01
Faisalabad,Autumn_Harvest,10,24.5,80.0,4.5,986.2,9,128.954,11.057,1.346,0.2437,0.987,30.122,9.704,0.0018,0.0577,5.087,127.264,0.00011,34.0,1.0082,10.242,0.175,0.004,0.64,74.7,,1,Copernicus CAMS via Open-Meteo,Faisalabad_Autumn_Harvest_2024-10-05
Faisalabad,Autumn_Harvest,9,31.4,65.0,12.1,981.0,7,101.19,12.257,0.929,0.2777,0.963,84.357,15.447,0.0042,0.1292,2.785,98.878,0.00032,29.0,1.0045,19.952,0.119,0.002,0.75,54.0,,1,Copernicus CAMS via Open-Meteo,Faisalabad_Autumn_Harvest_2024-09-10
Faisalabad,Autumn_Harvest,10,22.3,61.0,6.9,988.9,11,117.347,5.571,0.291,0.2732,0.89,28.987,7.507,0.0,0.1709,2.538,117.347,7e-05,19.0,0.8298,3.647,0.103,-0.093,0.28,78.2,,2,Copernicus CAMS via Open-Meteo,Faisalabad_Autumn_Harvest_2024-10-15
Faisalabad,Monsoon,7,32.9,64.0,9.8,971.6,0,101.062,11.894,2.776,0.1213,0.923,122.571,20.887,0.0243,0.1441,2.484,100.967,0.00053,28.0,0.9231,45.006,0.102,-0.04,0.73,45.8,,1,Copernicus CAMS via Open-Meteo,Faisalabad_Monsoon_2024-07-25
Faisalabad,Autumn_Harvest,9,25.2,91.0,7.5,983.1,8,146.435,19.219,0.227,0.2401,1.018,208.75,27.173,0.0429,0.0659,5.306,138.496,0.00057,65.0,1.056,82.706,0.222,0.027,0.49,35.5,,1,Copernicus CAMS via Open-Meteo,Faisalabad_Autumn_Harvest_2023-09-25
Faisalabad,Autumn_Harvest,10,23.2,72.0,7.9,991.6,9,143.606,3.01,0.046,0.2657,0.99,24.493,5.725,0.0,0.0259,7.809,143.07,5e-05,9.0,0.9819,1.807,0.196,-0.009,1.12,114.8,,2,Copernicus CAMS via Open-Meteo,Faisalabad_Autumn_Harvest_2024-10-22
Faisalabad,Autumn_Harvest,10,23.2,72.0,7.9,991.6,8,160.032,3.341,0.032,0.3315,1.002,33.864,6.574,0.0,0.0342,7.812,156.876,5e-05,9.0,1.0182,2.408,0.239,0.009,1.12,114.8,,2,Copernicus CAMS via Open-Meteo,Faisalabad_Autumn_Harvest_2024-10-22
Faisalabad,Summer,5,41.1,18.0,6.2,982.9,0,82.315,11.635,-0.494,0.3009,0.798,55.529,21.942,0.0139,0.287,1.387,82.315,0.00024,31.0,0.7274,30.572,0.021,-0.158,0.6,30.6,,0,Copernicus CAMS via Open-Meteo,Faisalabad_Summer_2024-05-18
Faisalabad,Winter_Peak,12,12.0,81.0,8.0,996.4,6,59.502,11.927,0.738,0.2801,0.839,95.507,28.861,0.0853,0.2575,1.061,59.496,0.00088,36.0,0.7499,45.017,-0.002,-0.143,0.13,80.6,,2,Copernicus CAMS via Open-Meteo,Faisalabad_Winter_Peak_2023-12-20
Faisalabad,Winter_Peak,12,12.9,62.0,6.5,991.9,6,88.909,11.014,0.598,0.2901,0.936,38.559,13.85,0.0,0.1473,2.253,88.339,0.00021,29.0,0.9574,12.247,0.087,-0.022,0.06,38.5,,1,Copernicus CAMS via Open-Meteo,Faisalabad_Winter_Peak_2024-12-05
Faisalabad,Winter_Peak,12,11.0,85.0,8.9,996.1,9,58.637,11.506,0.787,0.2776,0.797,54.764,28.933,0.0641,0.3113,0.953,58.637,0.00049,37.0,0.7548,46.84,-0.002,-0.14,0.13,74.7,,1,Copernicus CAMS via Open-Meteo,Faisalabad_Winter_Peak_2023-12-20
Faisalabad,Monsoon,8,29.1,81.0,10.9,982.3,0,119.648,6.412,1.259,0.2818,0.968,54.914,9.806,0.0,0.09,3.805,118.556,0.00015,19.0,0.9886,6.854,0.152,-0.006,0.7,56.1,,1,Copernicus CAMS via Open-Meteo,Faisalabad_Monsoon_2024-08-25
Faisalabad,Monsoon,8,34.5,55.0,5.9,981.1,1,125.721,13.334,1.969,0.1544,0.957,47.043,11.271,0.0019,0.0895,4.018,125.574,0.00017,45.0,0.9619,16.391,0.157,-0.019,0.71,71.7,,1,Copernicus CAMS via Open-Meteo,Faisalabad_Monsoon_2023-08-20
Faisalabad,Winter_Peak,11,19.1,72.0,8.9,996.3,6,173.926,16.973,-0.653,0.3269,1.027,35.086,16.986,0.0,0.0595,6.326,163.73,9e-05,57.0,1.0213,22.757,0.268,0.011,1.21,71.7,,1,Copernicus CAMS via Open-Meteo,Faisalabad_Winter_Peak_2023-11-30
Faisalabad,Monsoon,8,26.8,89.0,7.9,980.4,3,199.705,3.078,2.023,0.1701,1.042,39.91,7.128,0.0,0.0706,6.574,185.602,5e-05,7.0,1.052,3.733,0.331,0.025,0.87,27.2,,0,Copernicus CAMS via Open-Meteo,Faisalabad_Monsoon_2024-08-12
Faisalabad,Monsoon,7,38.5,44.0,2.6,969.4,2,119.525,13.935,2.741,0.1357,0.984,161.281,22.697,0.0237,0.0584,4.864,117.739,0.00057,30.0,0.9741,52.61,0.148,-0.013,1.0,53.1,,1,Copernicus CAMS via Open-Meteo,Faisalabad_Monsoon_2024-07-25
Faisalabad,Monsoon,7,29.8,85.0,2.9,981.5,0,198.817,7.528,-1.244,0.3116,1.028,61.371,9.274,0.0,0.0598,7.319,187.118,7e-05,27.0,1.0623,5.446,0.333,0.03,0.46,82.7,,2,Copernicus CAMS via Open-Meteo,Faisalabad_Monsoon_2023-07-25
Faisalabad,Monsoon,8,29.6,85.0,9.3,978.8,2,152.803,21.058,0.855,0.2814,1.027,52.695,15.139,0.0012,0.0581,5.783,143.975,0.00018,56.0,1.0264,21.538,0.227,0.013,0.58,44.4,,1,Copernicus CAMS via Open-Meteo,Faisalabad_Monsoon_2024-08-05
Faisalabad,Winter_Peak,11,22.0,60.0,3.5,991.7,12,54.673,2.53,0.002,0.3709,1.005,58.776,7.404,0.0,0.0766,1.928,52.221,0.00079,5.0,1.0182,2.892,0.029,0.009,2.1,269.2,,3,Copernicus CAMS via Open-Meteo,Faisalabad_Winter_Peak_2024-11-15
Faisalabad,Summer,6,29.0,39.0,12.4,981.9,0,117.312,14.9,0.553,0.2352,0.888,35.245,11.337,0.0,0.1773,2.585,117.312,0.00012,45.0,0.8255,9.376,0.101,-0.096,0.38,33.2,,0,Copernicus CAMS via Open-Meteo,Faisalabad_Summer_2023-06-05
Faisalabad,Summer,6,29.8,43.0,1.8,981.0,0,79.249,7.935,0.18,0.3071,0.758,28.352,9.323,0.0,0.3337,1.233,79.249,0.0001,19.0,0.6701,5.026,-0.001,-0.198,0.26,35.6,,1,Copernicus CAMS via Open-Meteo,Faisalabad_Summer_2024-06-10
Faisalabad,Autumn_Harvest,9,28.0,82.0,5.6,980.8,7,111.252,13.617,0.972,0.2719,0.967,72.703,16.217,0.0046,0.0834,3.924,110.2,0.00025,31.0,0.9492,20.49,0.126,-0.026,0.69,93.1,,2,Copernicus CAMS via Open-Meteo,Faisalabad_Autumn_Harvest_2024-09-10
Faisalabad,Summer,6,24.5,59.0,6.4,982.1,0,117.243,16.494,0.798,0.1976,0.927,47.566,11.749,0.0,0.1253,3.269,117.099,0.00015,48.0,0.9061,9.712,0.126,-0.049,0.38,25.4,,0,Copernicus CAMS via Open-Meteo,Faisalabad_Summer_2023-06-05
Faisalabad,Monsoon,8,26.6,98.0,8.6,980.7,1,117.507,16.052,0.918,0.275,1.011,48.173,12.944,0.0012,0.061,4.518,112.478,0.00022,44.0,1.0416,15.149,0.16,0.02,0.69,17.2,,0,Copernicus CAMS via Open-Meteo,Faisalabad_Monsoon_2024-08-05
Faisalabad,Summer,5,31.7,24.0,9.8,981.9,1,83.399,11.522,-0.544,0.3068,0.826,27.557,19.054,0.0082,0.2547,1.501,83.399,0.00015,29.0,0.7711,24.748,0.035,-0.129,0.49,46.1,,1,Copernicus CAMS via Open-Meteo,Faisalabad_Summer_2024-05-18
Faisalabad,Winter_Peak,12,23.9,27.0,11.2,991.2,5,74.736,9.279,0.407,0.3025,0.808,45.821,21.008,0.0011,0.2793,1.258,74.736,0.00023,28.0,0.7454,23.963,0.016,-0.146,0.23,34.1,,0,Copernicus CAMS via Open-Meteo,Faisalabad_Winter_Peak_2023-12-10
Faisalabad,Summer,5,35.4,13.0,5.5,971.1,1,65.296,11.518,0.09,0.3048,0.735,100.814,27.282,0.0307,0.3969,0.97,65.296,0.00057,34.0,0.6063,49.164,-0.035,-0.245,0.13,77.3,,2,Copernicus CAMS via Open-Meteo,Faisalabad_Summer_2024-05-28
Faisalabad,Winter_Peak,1,10.6,89.0,3.1,998.2,4,182.732,1.202,0.012,0.253,1.004,14.576,3.709,0.0,0.0368,8.447,178.321,2e-05,3.0,1.0246,0.778,0.287,0.012,1.51,185.8,,3,Copernicus CAMS via Open-Meteo,Faisalabad_Winter_Peak_2024-01-05
Faisalabad,Summer,6,33.8,35.0,5.1,980.7,0,129.934,18.871,0.8,0.189,0.907,15.576,11.881,0.0,0.1495,3.21,129.932,6e-05,56.0,0.8788,11.316,0.14,-0.065,0.47,24.0,,0,Copernicus CAMS via Open-Meteo,Faisalabad_Summer_2023-06-05
Faisalabad,Summer,5,46.1,7.0,6.9,970.9,0,78.094,13.694,0.048,0.3318,0.759,94.027,32.327,0.0354,0.3521,1.208,78.094,0.00043,40.0,0.6518,68.247,-0.009,-0.211,0.18,11.7,,0,Copernicus CAMS via Open-Meteo,Faisalabad_Summer_2024-05-28
Faisalabad,Monsoon,8,30.5,76.0,6.6,982.8,1,128.136,6.455,1.499,0.2525,0.99,14.617,7.475,0.0,0.0412,5.963,126.858,5e-05,19.0,0.9687,4.833,0.163,-0.016,0.84,56.6,,1,Copernicus CAMS via Open-Meteo,Faisalabad_Monsoon_2024-08-25
Faisalabad,Autumn_Harvest,10,26.5,68.0,5.5,985.2,12,147.293,12.881,1.262,0.2544,0.991,54.804,12.398,0.0024,0.0413,6.842,145.698,0.00014,40.0,1.0023,16.058,0.209,0.001,0.92,51.3,,1,Copernicus CAMS via Open-Meteo,Faisalabad_Autumn_Harvest_2024-10-05
Faisalabad,Monsoon,7,30.4,76.0,12.2,981.6,3,119.361,5.746,0.224,0.2989,0.96,16.604,8.526,0.0,0.071,4.299,119.352,5e-05,20.0,0.9354,4.477,0.138,-0.033,0.87,50.2,,1,Copernicus CAMS via Open-Meteo,Faisalabad_Monsoon_2024-07-10
Faisalabad,Autumn_Harvest,9,31.7,54.0,5.0,984.4,8,140.554,18.028,0.253,0.2438,1.01,143.443,23.827,0.0412,0.0371,6.556,136.294,0.00047,61.0,1.0014,67.652,0.196,0.001,0.7,31.8,,0,Copernicus CAMS via Open-Meteo,Faisalabad_Autumn_Harvest_2023-09-25
Faisalabad,Winter_Peak,11,14.7,77.0,8.6,996.2,10,184.982,3.493,0.066,0.3314,1.089,44.423,6.725,0.0,0.1313,4.027,160.659,7e-05,9.0,1.1486,2.405,0.33,0.069,0.72,131.8,,2,Copernicus CAMS via Open-Meteo,Faisalabad_Winter_Peak_2023-11-20
Faisalabad,Summer,6,30.1,51.0,7.2,983.5,1,109.095,15.674,0.809,0.2025,0.915,43.386,11.174,0.0,0.1522,2.721,109.03,0.00015,46.0,0.8511,8.947,0.096,-0.08,0.41,33.2,,0,Copernicus CAMS via Open-Meteo,Faisalabad_Summer_2023-06-05
Faisalabad,Winter_Peak,11,16.7,82.0,13.2,995.6,9,171.507,16.643,-0.691,0.339,0.999,76.694,19.345,0.0,0.0273,9.237,169.253,0.00014,59.0,0.9992,27.151,0.256,-0.0,1.04,74.7,,1,Copernicus CAMS via Open-Meteo,Faisalabad_Winter_Peak_2023-11-30
Faisalabad,Autumn_Harvest,10,29.7,57.0,9.5,986.6,12,136.364,11.863,1.247,0.249,1.037,48.373,10.909,0.0019,0.103,3.606,123.113,0.00015,34.0,1.1076,10.977,0.213,0.051,0.44,59.5,,1,Copernicus CAMS via Open-Meteo,Faisalabad_Autumn_Harvest_2024-10-05
Faisalabad,Winter_Peak,12,22.9,46.0,11.6,995.1,12,106.763,8.288,-0.074,0.3277,0.976,83.417,15.08,0.0,0.0658,4.176,105.627,0.0003,23.0,0.969,12.58,0.123,-0.016,0.56,67.8,,1,Copernicus CAMS via Open-Meteo,Faisalabad_Winter_Peak_2023-12-01
Faisalabad,Autumn_Harvest,9,26.8,72.0,5.5,987.3,6,173.352,22.523,0.187,0.2501,1.037,198.462,28.321,0.0376,0.1007,4.608,156.562,0.00046,74.0,1.0117,96.554,0.264,0.006,0.72,44.9,,1,Copernicus CAMS via Open-Meteo,Faisalabad_Autumn_Harvest_2023-09-25
Faisalabad,Monsoon,8,33.4,62.0,7.2,982.5,1,125.977,6.705,1.154,0.2615,0.967,63.249,10.576,0.0,0.0867,4.102,124.969,0.00015,20.0,0.9848,7.636,0.163,-0.008,0.85,48.9,,1,Copernicus CAMS via Open-Meteo,Faisalabad_Monsoon_2024-08-25
Faisalabad,Autumn_Harvest,9,31.2,57.0,5.8,985.5,6,165.92,21.525,0.238,0.2442,1.022,227.62,29.149,0.0412,0.0496,6.852,158.239,0.00052,72.0,1.0237,95.261,0.253,0.012,0.75,31.3,,0,Copernicus CAMS via Open-Meteo,Faisalabad_Autumn_Harvest_2023-09-25
Faisalabad,Winter_Peak,11,17.1,78.0,5.1,995.9,6,121.941,8.311,0.639,0.272,0.996,28.979,8.936,0.0,0.0359,5.991,120.208,0.0001,24.0,0.9956,4.864,0.158,-0.002,0.24,115.0,,2,Copernicus CAMS via Open-Meteo,Faisalabad_Winter_Peak_2024-11-25
Faisalabad,Summer,6,31.5,53.0,8.1,977.3,0,145.024,6.437,2.229,0.0724,0.962,49.767,10.069,0.0012,0.0628,5.56,144.987,0.00011,9.0,0.9402,14.442,0.186,-0.031,0.54,32.9,,0,Copernicus CAMS via Open-Meteo,Faisalabad_Summer_2023-06-15
Faisalabad,Summer,5,30.7,18.0,15.9,983.0,3,76.141,13.925,-0.014,0.2878,0.751,78.456,29.378,0.0252,0.3639,1.171,76.141,0.00037,40.0,0.6403,50.481,-0.015,-0.219,0.2,14.7,,0,Copernicus CAMS via Open-Meteo,Faisalabad_Summer_2024-05-01
Faisalabad,Winter_Peak,12,9.4,94.0,7.6,996.8,10,65.948,13.095,0.712,0.29,0.808,60.228,31.574,0.0638,0.2887,1.111,65.948,0.00046,41.0,0.7554,57.201,0.007,-0.139,0.08,40.2,,1,Copernicus CAMS via Open-Meteo,Faisalabad_Winter_Peak_2023-12-20
Faisalabad,Monsoon,8,29.9,76.0,8.0,982.3,1,139.398,14.605,2.045,0.1627,1.041,69.442,12.414,0.0018,0.073,4.66,129.233,0.00021,42.0,1.0585,15.837,0.208,0.028,0.64,66.6,,1,Copernicus CAMS via Open-Meteo,Faisalabad_Monsoon_2023-08-20
Faisalabad,Autumn_Harvest,10,22.3,64.0,9.9,985.4,10,103.325,8.107,0.049,0.3829,0.936,35.394,7.56,0.0,0.1339,2.616,102.981,0.00012,17.0,0.8694,3.292,0.092,-0.07,0.32,105.9,,2,Copernicus CAMS via Open-Meteo,Faisalabad_Autumn_Harvest_2023-10-05
Faisalabad,Winter_Peak,12,20.2,62.0,7.3,998.6,7,111.179,7.738,-0.038,0.2852,1.012,26.963,11.854,0.0,0.0733,3.851,105.39,0.00011,21.0,1.0535,8.405,0.149,0.026,0.62,71.0,,1,Copernicus CAMS via Open-Meteo,Faisalabad_Winter_Peak_2023-12-01
Faisalabad,Autumn_Harvest,9,37.1,30.0,8.4,983.2,9,136.297,13.092,2.207,0.1834,0.984,55.412,9.59,0.0,0.073,4.899,133.893,0.00016,42.0,1.0113,6.754,0.19,0.006,0.53,41.0,,1,Copernicus CAMS via Open-Meteo,Faisalabad_Autumn_Harvest_2024-09-18
Faisalabad,Monsoon,7,37.6,48.0,5.0,977.9,0,104.891,5.436,0.139,0.3181,0.921,60.495,10.308,0.0,0.1486,2.504,104.873,0.00019,19.0,0.8503,6.109,0.089,-0.081,1.29,88.2,,2,Copernicus CAMS via Open-Meteo,Faisalabad_Monsoon_2024-07-10
Faisalabad,Summer,4,24.6,52.0,9.1,985.0,3,38.973,9.921,0.56,0.3128,0.62,51.492,12.173,0.0005,0.5087,0.567,38.973,0.0005,32.0,0.4977,9.236,-0.081,-0.335,0.11,27.6,,0,Copernicus CAMS via Open-Meteo,Faisalabad_Summer_2024-04-20
Faisalabad,Monsoon,8,33.5,61.0,3.1,978.1,0,195.266,4.165,0.996,0.2114,1.008,78.291,10.042,0.0,0.0282,10.169,190.908,9e-05,12.0,1.0171,6.856,0.309,0.008,0.81,43.2,,1,Copernicus CAMS via Open-Meteo,Faisalabad_Monsoon_2024-08-12
Faisalabad,Winter_Peak,12,12.9,62.0,6.5,991.9,13,94.739,11.763,0.58,0.2966,1.007,39.361,13.416,0.0,0.078,3.312,90.379,0.00022,28.0,1.0333,11.554,0.112,0.016,0.06,38.5,,1,Copernicus CAMS via Open-Meteo,Faisalabad_Winter_Peak_2024-12-05
Faisalabad,Autumn_Harvest,10,20.7,84.0,9.0,990.2,13,140.238,3.51,0.04,0.3592,0.972,56.108,7.989,0.0,0.1107,3.834,137.464,0.00011,11.0,1.0152,3.405,0.199,0.008,0.7,88.9,,2,Copernicus CAMS via Open-Meteo,Faisalabad_Autumn_Harvest_2024-10-22
Faisalabad,Monsoon,8,35.7,50.0,8.1,981.2,1,114.343,11.985,1.837,0.1667,0.978,67.274,11.512,0.0014,0.1091,3.208,111.121,0.00024,38.0,1.0225,12.846,0.149,0.011,0.72,55.5,,1,Copernicus CAMS via Open-Meteo,Faisalabad_Monsoon_2023-08-20
Faisalabad,Monsoon,8,28.3,71.0,6.9,982.6,0,128.579,5.698,-0.141,0.3267,0.954,57.634,8.555,0.0,0.0918,4.16,128.281,0.00014,23.0,0.9099,4.333,0.147,-0.047,0.48,102.2,,2,Copernicus CAMS via Open-Meteo,Faisalabad_Monsoon_2023-08-30
Faisalabad,Winter_Peak,11,21.6,57.0,9.3,989.6,13,111.91,4.138,0.268,0.3523,0.974,16.755,5.507,0.0,0.0568,4.487,111.738,6e-05,13.0,0.9448,1.867,0.127,-0.028,0.12,54.6,,1,Copernicus CAMS via Open-Meteo,Faisalabad_Winter_Peak_2024-11-01
Faisalabad,Summer,4,28.5,44.0,11.6,986.2,0,47.056,11.511,0.61,0.3025,0.618,17.956,11.787,0.0003,0.5014,0.683,47.056,0.00018,37.0,0.5066,9.723,-0.078,-0.328,0.26,35.3,,1,Copernicus CAMS via Open-Meteo,Faisalabad_Summer_2024-04-20
Faisalabad,Autumn_Harvest,10,32.1,47.0,14.7,984.3,9,144.612,12.757,1.21,0.2606,0.977,89.344,13.943,0.0025,0.0491,6.323,144.143,0.00021,40.0,0.9699,17.353,0.195,-0.015,0.42,33.6,,0,Copernicus CAMS via Open-Meteo,Faisalabad_Autumn_Harvest_2024-10-05
Faisalabad,Summer,5,25.0,67.0,12.2,981.5,4,134.513,22.101,0.192,0.3498,0.961,406.284,51.196,0.0841,0.0795,4.824,134.26,0.0012,65.0,0.9257,187.594,0.163,-0.039,0.71,44.9,,1,Copernicus CAMS via Open-Meteo,Faisalabad_Summer_2023-05-25
Faisalabad,Winter_Peak,11,22.0,60.0,3.5,991.7,11,51.498,1.321,-0.003,0.218,1.023,17.477,4.023,0.0,0.0792,1.684,48.067,0.00029,3.0,1.0009,0.857,0.021,0.0,2.1,269.2,,3,Copernicus CAMS via Open-Meteo,Faisalabad_Winter_Peak_2024-11-15
Faisalabad,Monsoon,8,33.1,64.0,2.7,978.5,0,174.333,4.024,0.81,0.228,0.978,84.197,10.32,0.0,0.0809,5.729,171.984,0.00011,12.0,1.0071,6.878,0.264,0.004,0.46,18.5,,0,Copernicus CAMS via Open-Meteo,Faisalabad_Monsoon_2024-08-12
Faisalabad,Winter_Peak,11,14.5,84.0,6.1,995.4,7,166.3,2.867,0.227,0.3261,0.992,16.175,4.341,0.0,0.028,8.688,165.513,2e-05,10.0,0.977,1.026,0.238,-0.012,1.3,126.7,,2,Copernicus CAMS via Open-Meteo,Faisalabad_Winter_Peak_2023-11-20
Faisalabad,Autumn_Harvest,9,35.4,53.0,7.0,983.5,9,109.214,6.517,1.541,0.231,0.917,16.033,9.781,0.0,0.1321,2.728,109.214,7e-05,23.0,0.8908,6.236,0.108,-0.058,0.79,46.7,,1,Copernicus CAMS via Open-Meteo,Faisalabad_Autumn_Harvest_2023-09-15
Faisalabad,Summer,5,26.6,62.0,12.4,982.6,1,147.55,24.321,0.161,0.3522,0.999,408.364,52.313,0.0806,0.0824,4.788,141.366,0.00114,68.0,0.9603,195.232,0.197,-0.02,0.53,43.1,,1,Copernicus CAMS via Open-Meteo,Faisalabad_Summer_2023-05-25
Faisalabad,Autumn_Harvest,9,29.4,74.0,7.2,981.6,3,121.655,6.851,1.43,0.2251,1.014,15.534,9.024,0.0,0.0669,4.256,115.383,7e-05,21.0,0.9889,5.302,0.156,-0.006,1.13,55.9,,1,Copernicus CAMS via Open-Meteo,Faisalabad_Autumn_Harvest_2023-09-15
Faisalabad,Summer,6,27.1,70.0,11.3,978.5,2,143.488,6.702,1.484,0.0819,0.947,54.231,10.531,0.0015,0.1292,3.628,143.183,0.00012,9.0,0.8726,15.295,0.16,-0.068,0.46,34.9,,0,Copernicus CAMS via Open-Meteo,Faisalabad_Summer_2023-06-15
Faisalabad,Winter_Peak,11,23.7,48.0,6.0,994.2,8,115.809,8.417,0.626,0.2591,0.97,48.51,10.411,0.0,0.0782,4.054,114.867,0.00015,25.0,0.9824,6.258,0.143,-0.009,0.24,30.6,,0,Copernicus CAMS via Open-Meteo,Faisalabad_Winter_Peak_2024-11-25
Faisalabad,Summer,4,19.1,79.0,11.5,985.6,1,49.527,12.611,0.542,0.3116,0.66,86.073,14.845,0.0007,0.4678,0.724,49.527,0.00059,37.0,0.5393,13.651,-0.066,-0.299,0.26,35.9,,1,Copernicus CAMS via Open-Meteo,Faisalabad_Summer_2024-04-20
Faisalabad,Winter_Peak,12,12.9,62.0,6.5,991.9,9,88.08,11.043,0.603,0.2892,0.947,68.359,14.682,0.0,0.1084,2.722,87.563,0.00035,29.0,0.9296,13.605,0.08,-0.037,0.06,38.5,,1,Copernicus CAMS via Open-Meteo,Faisalabad_Winter_Peak_2024-12-05
Faisalabad,Summer,5,19.3,49.0,11.4,983.6,1,67.423,12.492,-0.029,0.3031,0.717,98.386,28.266,0.0263,0.4133,0.994,67.423,0.0005,37.0,0.5904,45.858,-0.04,-0.258,0.31,30.5,,0,Copernicus CAMS via Open-Meteo,Faisalabad_Summer_2024-05-01
Faisalabad,Winter_Peak,12,18.9,60.0,7.8,995.1,9,99.666,7.613,-0.111,0.3131,0.956,44.72,13.085,0.0,0.0928,3.216,99.307,0.00018,22.0,0.9582,10.243,0.107,-0.021,0.35,59.4,,1,Copernicus CAMS via Open-Meteo,Faisalabad_Winter_Peak_2023-12-01
Faisalabad,Winter_Peak,11,19.3,53.0,9.3,995.5,9,183.559,3.515,0.137,0.2867,1.041,40.552,6.535,0.0,0.084,5.45,168.151,5e-05,10.0,1.0916,2.275,0.31,0.044,0.99,127.6,,2,Copernicus CAMS via Open-Meteo,Faisalabad_Winter_Peak_2023-11-20
Faisalabad,Autumn_Harvest,9,27.2,85.0,2.3,980.3,8,108.094,13.226,1.022,0.2852,0.944,59.4,15.659,0.0039,0.1158,3.27,107.82,0.00021,32.0,0.9455,19.842,0.12,-0.028,0.76,86.4,,2,Copernicus CAMS via Open-Meteo,Faisalabad_Autumn_Harvest_2024-09-10
Faisalabad,Autumn_Harvest,9,34.3,63.0,14.5,984.8,7,116.163,6.341,1.28,0.2469,0.981,20.977,9.574,0.0,0.08,3.866,114.258,8e-05,21.0,1.0096,5.753,0.15,0.005,0.82,45.3,,1,Copernicus CAMS via Open-Meteo,Faisalabad_Autumn_Harvest_2023-09-15
Faisalabad,Autumn_Harvest,9,35.4,53.0,7.0,983.5,10,119.728,6.582,1.265,0.2343,1.018,36.492,9.665,0.0,0.0607,4.593,113.519,0.00013,21.0,1.0535,5.802,0.167,0.026,0.79,46.7,,1,Copernicus CAMS via Open-Meteo,Faisalabad_Autumn_Harvest_2023-09-15
Faisalabad,Summer,6,29.4,66.0,21.0,980.4,2,164.33,7.614,1.429,0.0657,0.987,64.318,10.869,0.0018,0.0468,7.037,163.05,0.00012,10.0,1.0016,18.11,0.243,0.001,0.57,32.2,,0,Copernicus CAMS via Open-Meteo,Faisalabad_Summer_2023-06-15
Faisalabad,Summer,5,25.0,67.0,12.2,981.5,0,152.553,24.886,0.147,0.3572,0.933,396.64,56.125,0.0687,0.1177,4.171,152.553,0.0009,79.0,0.921,237.996,0.193,-0.041,0.71,44.9,,1,Copernicus CAMS via Open-Meteo,Faisalabad_Summer_2023-05-25
Faisalabad,Summer,5,34.2,13.0,7.3,971.1,1,68.086,11.935,0.114,0.3078,0.726,64.699,28.013,0.0319,0.3823,1.021,68.086,0.00038,36.0,0.6219,53.415,-0.028,-0.233,0.12,71.5,,1,Copernicus CAMS via Open-Meteo,Faisalabad_Summer_2024-05-28
Faisalabad,Monsoon,8,30.4,72.0,5.2,980.2,0,193.025,3.324,1.845,0.1887,1.003,37.534,7.171,0.0,0.0532,7.614,186.895,5e-05,10.0,0.978,4.261,0.29,-0.011,0.78,78.7,,2,Copernicus CAMS via Open-Meteo,Faisalabad_Monsoon_2024-08-12
Faisalabad,Summer,5,42.2,14.0,12.6,980.6,4,78.263,11.082,-0.519,0.322,0.78,60.587,21.298,0.0131,0.3267,1.238,78.263,0.00027,31.0,0.676,28.396,-0.0,-0.193,0.49,24.0,,0,Copernicus CAMS via Open-Meteo,Faisalabad_Summer_2024-05-18
Faisalabad,Autumn_Harvest,10,33.2,33.0,6.3,991.0,8,145.567,2.794,0.077,0.3629,0.982,16.324,4.919,0.0,0.0412,6.661,145.337,3e-05,10.0,0.9864,1.39,0.201,-0.007,0.67,56.2,,1,Copernicus CAMS via Open-Meteo,Faisalabad_Autumn_Harvest_2024-10-22
Faisalabad,Autumn_Harvest,10,26.4,57.0,6.9,991.0,4,115.724,5.219,0.202,0.3078,0.912,47.351,8.026,0.0,0.1404,2.817,115.724,0.00012,17.0,0.8614,3.666,0.11,-0.074,0.55,45.2,,1,Copernicus CAMS via Open-Meteo,Faisalabad_Autumn_Harvest_2023-10-15
Faisalabad,Monsoon,8,34.5,58.0,5.8,981.8,1,100.77,11.431,0.961,0.2713,0.915,53.159,19.005,0.0051,0.1383,2.637,100.742,0.0002,26.0,0.876,25.206,0.09,-0.066,0.79,43.7,,1,Copernicus CAMS via Open-Meteo,Faisalabad_Monsoon_2023-08-05
Faisalabad,Summer,5,42.0,14.0,15.7,981.5,0,78.891,10.69,-0.558,0.3075,0.824,41.355,18.736,0.0093,0.272,1.367,78.891,0.00021,27.0,0.7307,21.774,0.018,-0.156,0.5,25.9,,0,Copernicus CAMS via Open-Meteo,Faisalabad_Summer_2024-05-18
Faisalabad,Winter_Peak,11,29.0,36.0,6.6,991.2,7,56.13,1.472,0.021,0.3985,1.027,21.334,4.452,0.0,0.0724,1.938,52.462,0.0003,3.0,1.016,1.047,0.032,0.008,1.64,151.8,,3,Copernicus CAMS via Open-Meteo,Faisalabad_Winter_Peak_2024-11-15
Faisalabad,Autumn_Harvest,9,27.2,72.0,6.5,984.0,10,124.951,12.015,2.208,0.1828,1.003,33.419,7.976,0.0,0.0409,5.724,121.789,0.00013,37.0,0.989,5.032,0.162,-0.006,0.49,82.2,,2,Copernicus CAMS via Open-Meteo,Faisalabad_Autumn_Harvest_2024-09-18
Faisalabad,Monsoon,7,30.4,77.0,13.0,979.8,2,187.089,11.179,0.77,0.2361,1.038,80.5,14.605,0.0,0.074,6.081,173.275,0.00014,30.0,1.0795,24.218,0.314,0.038,0.96,68.2,,1,Copernicus CAMS via Open-Meteo,Faisalabad_Monsoon_2023-07-15
Faisalabad,Winter_Peak,12,11.8,69.0,3.6,993.1,6,82.877,10.361,0.595,0.2827,0.925,43.551,13.639,0.0,0.1386,2.208,82.76,0.00025,28.0,0.9139,11.888,0.067,-0.045,0.08,78.0,,2,Copernicus CAMS via Open-Meteo,Faisalabad_Winter_Peak_2024-12-05
Faisalabad,Autumn_Harvest,10,23.5,85.0,4.3,986.5,10,153.978,13.33,1.283,0.2545,0.972,40.588,12.518,0.0025,0.0526,6.373,153.953,0.00011,42.0,0.9484,17.534,0.205,-0.026,0.65,80.1,,2,Copernicus CAMS via Open-Meteo,Faisalabad_Autumn_Harvest_2024-10-05
Faisalabad,Summer,5,31.8,35.0,8.9,983.4,1,91.164,12.857,-0.536,0.3103,0.845,50.343,21.833,0.0131,0.2388,1.707,91.164,0.00021,33.0,0.7645,32.124,0.044,-0.133,0.51,28.3,,0,Copernicus CAMS via Open-Meteo,Faisalabad_Summer_2024-05-18
Faisalabad,Autumn_Harvest,9,35.8,52.0,3.9,980.9,8,121.794,6.561,1.235,0.2359,0.959,22.004,9.619,0.0,0.0713,4.334,121.767,7e-05,22.0,0.9424,5.952,0.144,-0.03,0.77,43.7,,1,Copernicus CAMS via Open-Meteo,Faisalabad_Autumn_Harvest_2023-09-15
Faisalabad,Winter_Peak,12,16.1,69.0,7.9,995.8,11,101.163,7.994,-0.075,0.2958,0.963,65.52,14.761,0.0,0.0908,3.333,100.331,0.00026,23.0,0.9734,12.1,0.113,-0.014,0.23,78.0,,2,Copernicus CAMS via Open-Meteo,Faisalabad_Winter_Peak_2023-12-01
Faisalabad,Winter_Peak,1,5.3,98.0,9.0,994.3,12,49.937,2.035,-0.009,0.3906,1.026,38.838,6.053,0.0,0.0789,1.699,46.664,0.00068,4.0,1.0257,1.924,0.02,0.013,0.83,261.7,,3,Copernicus CAMS via Open-Meteo,Faisalabad_Winter_Peak_2024-01-15
Faisalabad,Monsoon,8,33.3,62.0,7.3,982.1,1,92.922,10.946,0.956,0.2662,0.918,94.065,18.662,0.0055,0.154,2.336,92.722,0.00037,25.0,0.9157,22.696,0.085,-0.044,0.78,42.5,,1,Copernicus CAMS via Open-Meteo,Faisalabad_Monsoon_2023-08-05
Faisalabad,Winter_Peak,11,18.8,55.0,7.0,996.1,12,166.612,3.547,0.12,0.2939,1.052,59.696,7.652,0.0,0.1108,4.132,148.192,0.0001,10.0,1.1243,3.111,0.283,0.059,0.81,159.7,,3,Copernicus CAMS via Open-Meteo,Faisalabad_Winter_Peak_2023-11-20
Faisalabad,Summer,4,19.0,88.0,4.4,984.1,0,45.958,11.681,0.636,0.297,0.611,79.197,13.967,0.0004,0.5057,0.67,45.958,0.00052,36.0,0.5142,11.818,-0.075,-0.321,0.35,55.6,,1,Copernicus CAMS via Open-Meteo,Faisalabad_Summer_2024-04-20
Faisalabad,Winter_Peak,11,17.3,70.0,6.8,993.3,4,124.876,9.185,0.595,0.2867,1.025,62.789,10.848,0.0,0.0964,3.6,114.803,0.00019,25.0,1.0874,6.923,0.185,0.042,0.15,106.6,,2,Copernicus CAMS via Open-Meteo,Faisalabad_Winter_Peak_2024-11-25
Faisalabad,Monsoon,8,37.3,36.0,5.9,982.2,2,108.146,4.72,0.021,0.3318,0.899,23.05,6.196,0.0,0.1537,2.51,108.146,7e-05,21.0,0.8511,2.47,0.095,-0.08,0.46,40.4,,1,Copernicus CAMS via Open-Meteo,Faisalabad_Monsoon_2023-08-30
Faisalabad,Winter_Peak,11,19.1,72.0,8.9,996.3,13,147.312,14.386,-0.677,0.3354,0.932,86.132,18.848,0.0,0.1118,4.08,147.292,0.00017,56.0,0.9148,25.462,0.182,-0.045,1.21,71.7,,1,Copernicus CAMS via Open-Meteo,Faisalabad_Winter_Peak_2023-11-30
Faisalabad,Autumn_Harvest,10,21.8,53.0,1.3,992.8,12,90.12,13.704,0.476,0.308,0.824,42.1,16.656,0.0,0.2588,1.65,90.12,0.00015,29.0,0.7609,17.238,0.041,-0.136,0.18,94.5,,2,Copernicus CAMS via Open-Meteo,Faisalabad_Autumn_Harvest_2023-10-25
Faisalabad,Summer,6,35.0,34.0,9.7,983.9,0,124.802,17.413,0.772,0.1996,0.892,14.77,10.681,0.0,0.1753,2.79,124.802,7e-05,52.0,0.8273,8.99,0.114,-0.094,0.43,30.4,,0,Copernicus CAMS via Open-Meteo,Faisalabad_Summer_2023-06-05
Faisalabad,Monsoon,7,34.4,61.0,4.8,970.7,2,99.748,12.02,2.666,0.1466,0.915,150.394,21.881,0.0243,0.1715,2.201,99.505,0.00061,30.0,0.9305,47.295,0.101,-0.036,0.91,57.7,,1,Copernicus CAMS via Open-Meteo,Faisalabad_Monsoon_2024-07-25
Faisalabad,Winter_Peak,12,24.2,27.0,11.2,991.8,9,82.857,10.301,0.356,0.2989,0.849,51.826,21.909,0.0013,0.2414,1.518,82.857,0.00023,29.0,0.8194,26.974,0.047,-0.099,0.23,36.2,,1,Copernicus CAMS via Open-Meteo,Faisalabad_Winter_Peak_2023-12-10
Faisalabad,Monsoon,8,26.9,89.0,5.6,980.3,0,169.546,3.791,0.813,0.2385,1.0,75.833,9.551,0.0,0.033,8.454,166.709,0.00011,11.0,0.9891,5.688,0.249,-0.006,0.83,29.7,,0,Copernicus CAMS via Open-Meteo,Faisalabad_Monsoon_2024-08-12
Faisalabad,Autumn_Harvest,9,29.7,72.0,8.7,980.9,13,128.044,7.343,1.27,0.2601,1.005,35.722,10.305,0.0,0.0531,5.306,123.701,0.00011,23.0,1.0328,6.725,0.179,0.016,1.02,54.9,,1,Copernicus CAMS via Open-Meteo,Faisalabad_Autumn_Harvest_2023-09-15
Faisalabad,Autumn_Harvest,9,31.4,51.0,9.0,984.0,7,117.176,10.515,2.327,0.1822,0.97,52.973,8.792,0.0,0.0706,4.272,116.586,0.00019,31.0,0.935,5.202,0.134,-0.034,0.51,71.5,,1,Copernicus CAMS via Open-Meteo,Faisalabad_Autumn_Harvest_2024-09-18
Faisalabad,Summer,5,30.7,18.0,15.9,983.0,2,73.8,13.476,-0.032,0.2988,0.746,69.387,29.275,0.0257,0.352,1.143,73.8,0.00034,39.0,0.667,49.584,-0.008,-0.2,0.2,14.7,,0,Copernicus CAMS via Open-Meteo,Faisalabad_Summer_2024-05-01
Faisalabad,Autumn_Harvest,9,34.4,39.0,3.7,985.5,7,137.29,13.31,2.293,0.1817,1.005,46.531,9.131,0.0,0.0377,6.53,133.927,0.00015,41.0,1.017,6.814,0.194,0.008,0.53,55.6,,1,Copernicus CAMS via Open-Meteo,Faisalabad_Autumn_Harvest_2024-09-18
Faisalabad,Autumn_Harvest,9,27.4,78.0,6.9,979.6,9,114.162,13.338,1.02,0.2849,0.986,37.169,14.628,0.004,0.1244,3.04,108.956,0.00014,32.0,1.0453,18.706,0.154,0.022,0.59,93.8,,2,Copernicus CAMS via Open-Meteo,Faisalabad_Autumn_Harvest_2024-09-10
Faisalabad,Autumn_Harvest,9,27.6,80.0,10.1,982.3,5,167.755,11.147,-1.312,0.1293,0.969,40.069,11.724,0.0,0.0627,6.304,167.722,8e-05,44.0,0.9722,21.736,0.24,-0.014,0.89,49.4,,1,Copernicus CAMS via Open-Meteo,Faisalabad_Autumn_Harvest_2024-09-28
Faisalabad,Winter_Peak,11,20.3,72.0,3.6,991.5,11,54.091,1.946,0.014,0.2311,1.041,36.226,5.81,0.0,0.0834,1.743,49.799,0.00055,4.0,1.0633,1.781,0.032,0.031,2.3,230.5,,3,Copernicus CAMS via Open-Meteo,Faisalabad_Winter_Peak_2024-11-15
Faisalabad,Monsoon,8,33.1,61.0,7.0,981.9,1,132.673,13.81,1.907,0.1707,0.982,91.239,13.217,0.0018,0.0738,4.71,130.313,0.00027,41.25,0.9433,18.265,0.164,-0.029,0.7,92.9,,2,Copernicus CAMS via Open-Meteo,Faisalabad_Monsoon_2023-08-20
Faisalabad,Summer,5,31.6,25.0,7.4,980.1,1,92.919,12.582,-0.534,0.3078,0.79,38.638,22.316,0.0076,0.3129,1.496,92.919,0.00015,33.0,0.6897,32.067,0.02,-0.184,0.55,50.1,,1,Copernicus CAMS via Open-Meteo,Faisalabad_Summer_2024-05-18
Faisalabad,Winter_Peak,11,21.6,73.0,4.1,995.0,9,57.176,2.611,-0.007,0.3048,1.015,62.02,7.724,0.0,0.0779,1.98,54.02,0.0008,6.0,1.0164,3.094,0.034,0.008,1.93,282.2,,3,Copernicus CAMS via Open-Meteo,Faisalabad_Winter_Peak_2024-11-15
Faisalabad,Monsoon,7,30.4,77.0,13.0,979.8,0,183.315,11.49,0.566,0.2702,1.032,103.561,16.23,0.0,0.0581,6.938,172.718,0.00017,31.0,1.0582,26.796,0.299,0.028,0.96,68.2,,1,Copernicus CAMS via Open-Meteo,Faisalabad_Monsoon_2023-07-15
Faisalabad,Autumn_Harvest,9,28.9,80.0,9.2,982.3,7,105.946,6.184,1.501,0.2128,0.995,14.13,8.528,0.0,0.03,5.509,104.853,8e-05,20.0,0.9901,4.787,0.126,-0.005,0.88,47.5,,1,Copernicus CAMS via Open-Meteo,Faisalabad_Autumn_Harvest_2023-09-15
Faisalabad,Autumn_Harvest,9,34.4,39.0,3.7,985.5,8,117.033,9.766,2.554,0.198,0.951,15.247,6.048,0.0,0.0813,3.866,117.033,8e-05,26.0,0.9311,3.266,0.133,-0.036,0.53,55.6,,1,Copernicus CAMS via Open-Meteo,Faisalabad_Autumn_Harvest_2024-09-18
Faisalabad,Winter_Peak,12,21.3,57.0,2.4,990.9,19,87.246,10.627,0.613,0.292,0.888,17.02,12.725,0.0,0.1803,1.885,87.245,0.00011,30.0,0.847,11.231,0.06,-0.083,0.15,18.0,,0,Copernicus CAMS via Open-Meteo,Faisalabad_Winter_Peak_2024-12-05
Faisalabad,Winter_Peak,11,13.3,90.0,8.7,995.8,8,177.301,2.883,0.14,0.3348,1.017,16.329,4.414,0.0,0.0464,7.308,169.405,2e-05,9.0,1.0466,1.072,0.283,0.023,1.29,102.4,,2,Copernicus CAMS via Open-Meteo,Faisalabad_Winter_Peak_2023-11-20
Faisalabad,Summer,5,25.0,67.0,12.2,981.5,1,136.859,22.575,0.189,0.3428,0.939,415.85,53.38,0.0832,0.1003,4.197,136.858,0.00114,70.0,0.9061,205.273,0.161,-0.049,0.71,44.9,,1,Copernicus CAMS via Open-Meteo,Faisalabad_Summer_2023-05-25
Faisalabad,Winter_Peak,12,14.9,63.0,6.9,994.5,7,87.997,11.17,0.363,0.3096,0.861,100.17,24.355,0.0016,0.2149,1.723,87.996,0.0004,31.0,0.8014,32.071,0.05,-0.11,0.28,125.3,,2,Copernicus CAMS via Open-Meteo,Faisalabad_Winter_Peak_2023-12-10
Faisalabad,Autumn_Harvest,10,19.4,85.0,11.0,989.0,10,107.622,4.629,0.254,0.3459,0.902,14.534,5.529,0.0,0.1582,2.423,107.622,5e-05,16.0,0.8415,1.947,0.091,-0.086,0.62,27.6,,0,Copernicus CAMS via Open-Meteo,Faisalabad_Autumn_Harvest_2023-10-15
Faisalabad,Summer,6,31.2,62.0,18.2,979.6,1,144.309,7.091,1.264,0.1282,0.958,95.953,13.055,0.0019,0.0836,4.793,144.136,0.0002,11.0,0.9178,16.946,0.178,-0.043,0.57,25.6,,0,Copernicus CAMS via Open-Meteo,Faisalabad_Summer_2023-06-15
Faisalabad,Monsoon,7,28.0,95.0,7.6,981.6,2,189.894,6.899,-1.294,0.2785,1.012,40.172,7.905,0.0,0.0491,7.761,182.184,5e-05,24.0,1.0423,4.111,0.307,0.021,0.43,81.0,,2,Copernicus CAMS via Open-Meteo,Faisalabad_Monsoon_2023-07-25
Faisalabad,Winter_Peak,12,9.8,86.0,9.2,992.4,4,73.236,8.922,0.434,0.309,0.829,27.362,19.142,0.0008,0.2568,1.289,73.236,0.00016,25.0,0.7808,20.187,0.023,-0.123,0.36,119.7,,2,Copernicus CAMS via Open-Meteo,Faisalabad_Winter_Peak_2023-12-10
Faisalabad,Autumn_Harvest,9,35.7,34.0,1.4,985.2,0,132.712,9.685,2.84,0.1973,0.988,19.445,6.319,0.0,0.0488,5.779,131.358,8e-05,21.0,1.0041,3.158,0.181,0.002,0.52,47.7,,1,Copernicus CAMS via Open-Meteo,Faisalabad_Autumn_Harvest_2024-09-18
Faisalabad,Summer,6,26.9,42.0,8.4,979.8,0,82.371,8.008,0.133,0.3221,0.758,19.877,8.564,0.0,0.3396,1.274,82.371,7e-05,20.0,0.6903,4.408,0.009,-0.183,0.29,29.2,,0,Copernicus CAMS via Open-Meteo,Faisalabad_Summer_2024-06-10
Faisalabad,Monsoon,8,33.4,63.0,11.5,978.0,2,110.787,12.5,1.065,0.2588,0.947,26.456,18.241,0.005,0.1079,3.471,110.45,0.0001,27.0,0.9487,25.014,0.125,-0.026,0.81,53.4,,1,Copernicus CAMS via Open-Meteo,Faisalabad_Monsoon_2023-08-05
Faisalabad,Monsoon,8,30.0,80.0,6.2,979.9,2,93.745,10.705,0.988,0.2573,0.913,46.457,17.667,0.0047,0.1415,2.412,93.719,0.0002,24.0,0.8712,20.282,0.077,-0.069,0.8,82.4,,2,Copernicus CAMS via Open-Meteo,Faisalabad_Monsoon_2023-08-05
Faisalabad,Summer,6,29.7,66.0,13.4,979.6,0,154.935,7.257,1.644,0.0829,0.976,70.683,11.721,0.0017,0.0588,6.088,154.39,0.00014,10.0,0.9449,17.063,0.206,-0.028,0.54,43.0,,1,Copernicus CAMS via Open-Meteo,Faisalabad_Summer_2023-06-15
Faisalabad,Monsoon,7,27.8,94.0,8.3,979.3,1,199.03,6.418,-1.149,0.2636,0.972,35.491,7.667,0.0,0.0587,7.738,198.992,4e-05,23.0,0.9413,4.019,0.286,-0.03,1.05,56.2,,1,Copernicus CAMS via Open-Meteo,Faisalabad_Monsoon_2023-07-25
Faisalabad,Winter_Peak,1,8.2,95.0,3.6,998.4,14,196.387,1.823,0.017,0.267,0.988,31.374,5.484,0.0,0.0714,6.757,192.434,3e-05,4.0,1.0201,1.638,0.313,0.01,1.47,191.9,,3,Copernicus CAMS via Open-Meteo,Faisalabad_Winter_Peak_2024-01-05
Faisalabad,Monsoon,8,28.0,84.0,5.4,981.3,0,120.454,6.385,1.176,0.2752,0.977,42.651,9.109,0.0,0.0529,5.091,119.972,0.00012,19.0,0.973,6.182,0.15,-0.014,0.71,64.5,,1,Copernicus CAMS via Open-Meteo,Faisalabad_Monsoon_2024-08-25
Faisalabad,Monsoon,8,27.5,77.0,7.6,982.6,2,111.493,5.152,-0.086,0.2982,0.916,58.894,8.434,0.0,0.1384,2.815,111.483,0.00016,22.0,0.8622,4.135,0.104,-0.074,0.56,52.3,,1,Copernicus CAMS via Open-Meteo,Faisalabad_Monsoon_2023-08-30
Faisalabad,Monsoon,8,26.1,93.0,16.3,980.3,1,88.776,10.081,1.054,0.2732,0.891,22.749,16.063,0.0047,0.1692,2.018,88.776,0.00011,24.0,0.8504,18.03,0.063,-0.081,0.8,33.1,,0,Copernicus CAMS via Open-Meteo,Faisalabad_Monsoon_2023-08-05
Faisalabad,Autumn_Harvest,10,20.8,68.0,6.5,989.3,9,104.381,5.28,0.22,0.2741,0.859,45.031,8.072,0.0,0.2336,1.898,104.381,0.00012,18.0,0.7656,3.917,0.062,-0.133,0.31,39.5,,1,Copernicus CAMS via Open-Meteo,Faisalabad_Autumn_Harvest_2024-10-15
Faisalabad,Monsoon,8,29.1,77.0,7.7,980.5,1,106.381,11.903,0.996,0.2753,0.931,49.951,18.594,0.0052,0.138,2.819,106.163,0.00018,26.0,0.9357,25.307,0.114,-0.033,0.71,33.4,,0,Copernicus CAMS via Open-Meteo,Faisalabad_Monsoon_2023-08-05
Faisalabad,Winter_Peak,12,22.6,49.0,10.1,996.4,5,111.63,8.68,-0.072,0.328,0.989,77.349,15.505,0.0,0.0556,4.66,109.629,0.00027,23.0,0.9849,13.132,0.136,-0.008,0.62,74.5,,1,Copernicus CAMS via Open-Meteo,Faisalabad_Winter_Peak_2023-12-01
Faisalabad,Winter_Peak,1,7.5,92.0,9.4,993.3,10,43.96,1.637,-0.005,0.3688,0.957,26.229,4.884,0.0,0.0908,1.456,43.707,0.00049,4.0,0.9196,1.275,-0.001,-0.042,0.67,198.4,,3,Copernicus CAMS via Open-Meteo,Faisalabad_Winter_Peak_2024-01-15
Faisalabad,Winter_Peak,11,28.8,40.0,6.8,991.8,7,116.988,4.847,0.283,0.3032,1.009,51.787,8.089,0.0,0.0449,5.165,113.158,0.00017,15.0,1.0021,3.743,0.15,0.001,0.13,40.2,,1,Copernicus CAMS via Open-Meteo,Faisalabad_Winter_Peak_2024-11-01
Faisalabad,Monsoon,7,30.6,79.0,6.1,979.2,1,121.827,6.161,0.166,0.3362,0.991,49.947,10.445,0.0,0.0471,5.399,119.894,0.00014,20.0,0.9969,6.275,0.158,-0.002,0.94,128.5,,2,Copernicus CAMS via Open-Meteo,Faisalabad_Monsoon_2024-07-10
Faisalabad,Autumn_Harvest,9,26.6,82.0,5.1,985.3,15,153.547,19.584,0.255,0.2451,0.966,169.659,26.666,0.0406,0.0604,5.996,153.53,0.00042,71.0,0.9593,92.398,0.208,-0.021,0.53,56.3,,1,Copernicus CAMS via Open-Meteo,Faisalabad_Autumn_Harvest_2023-09-25
Faisalabad,Monsoon,8,33.7,59.0,7.8,981.6,1,138.96,14.848,2.035,0.1523,0.988,76.419,13.13,0.0022,0.0515,5.963,137.141,0.00023,48.0,1.0001,20.99,0.192,0.0,0.71,85.9,,2,Copernicus CAMS via Open-Meteo,Faisalabad_Monsoon_2023-08-20
Faisalabad,Monsoon,8,29.8,72.0,7.3,979.8,0,135.013,7.377,1.102,0.2782,0.97,78.806,11.451,0.0,0.0643,5.245,134.568,0.00017,21.0,0.9437,8.649,0.169,-0.029,0.81,84.5,,2,Copernicus CAMS via Open-Meteo,Faisalabad_Monsoon_2024-08-25
Faisalabad,Winter_Peak,12,23.2,31.0,10.6,996.2,9,66.285,12.762,0.81,0.272,0.824,91.28,30.211,0.0614,0.2677,1.154,66.285,0.00067,39.0,0.7476,52.059,0.006,-0.144,0.16,39.6,,1,Copernicus CAMS via Open-Meteo,Faisalabad_Winter_Peak_2023-12-20
Faisalabad,Summer,6,29.6,24.0,6.2,979.1,2,80.528,8.111,0.115,0.3273,0.77,65.596,10.767,0.0,0.3229,1.276,80.528,0.00022,20.0,0.6992,6.477,0.01,-0.177,0.16,71.5,,1,Copernicus CAMS via Open-Meteo,Faisalabad_Summer_2024-06-10
Faisalabad,Summer,5,32.0,49.0,13.5,984.4,1,140.383,22.202,0.184,0.353,0.949,347.651,51.629,0.0785,0.0954,4.381,140.379,0.00098,66.0,0.9067,193.946,0.167,-0.049,0.7,40.0,,1,Copernicus CAMS via Open-Meteo,Faisalabad_Summer_2023-05-25
Faisalabad,Autumn_Harvest,10,26.4,57.0,6.9,991.0,15,119.476,5.584,0.167,0.3011,0.963,66.125,9.096,0.0,0.0692,4.456,119.3,0.00017,17.0,0.9514,4.52,0.142,-0.025,0.55,45.2,,1,Copernicus CAMS via Open-Meteo,Faisalabad_Autumn_Harvest_2023-10-15
Faisalabad,Winter_Peak,12,23.9,27.0,11.2,991.2,6,82.455,10.401,0.361,0.3126,0.837,86.389,23.274,0.0021,0.2584,1.46,82.455,0.00036,29.0,0.8066,28.585,0.043,-0.107,0.23,34.1,,0,Copernicus CAMS via Open-Meteo,Faisalabad_Winter_Peak_2023-12-10
Faisalabad,Summer,5,34.2,13.0,7.3,971.1,1,75.96,13.354,0.055,0.3226,0.743,117.214,31.801,0.0372,0.4013,1.123,75.96,0.00054,40.0,0.6021,64.859,-0.03,-0.248,0.12,71.5,,1,Copernicus CAMS via Open-Meteo,Faisalabad_Summer_2024-05-28
Faisalabad,Summer,6,23.9,62.0,5.8,982.1,1,115.41,14.46,0.483,0.2428,0.868,27.543,10.806,0.0,0.1962,2.364,115.41,9e-05,44.0,0.8168,8.556,0.096,-0.101,0.38,28.1,,0,Copernicus CAMS via Open-Meteo,Faisalabad_Summer_2023-06-05
Faisalabad,Monsoon,8,29.8,72.0,7.3,979.8,1,129.113,6.887,1.176,0.271,0.978,58.141,10.39,0.0,0.0707,4.703,127.612,0.00014,20.0,0.9954,7.643,0.172,-0.002,0.81,84.5,,2,Copernicus CAMS via Open-Meteo,Faisalabad_Monsoon_2024-08-25
Faisalabad,Autumn_Harvest,9,36.8,31.0,10.5,982.7,9,116.625,10.493,2.331,0.1896,0.958,35.436,7.741,0.0,0.0834,3.846,116.529,0.00014,33.0,0.9177,4.304,0.128,-0.043,0.54,40.4,,1,Copernicus CAMS via Open-Meteo,Faisalabad_Autumn_Harvest_2024-09-18
Faisalabad,Monsoon,8,28.5,89.0,6.2,980.5,1,135.212,19.296,0.903,0.2807,1.009,97.003,16.402,0.0014,0.065,5.102,129.431,0.00032,53.0,1.0403,23.553,0.195,0.02,0.46,24.9,,0,Copernicus CAMS via Open-Meteo,Faisalabad_Monsoon_2024-08-05
Faisalabad,Winter_Peak,11,14.7,77.0,8.6,996.2,8,192.426,3.252,0.221,0.2565,1.018,21.997,5.027,0.0,0.0473,7.874,183.723,3e-05,10.0,1.0474,1.378,0.314,0.023,0.72,131.8,,2,Copernicus CAMS via Open-Meteo,Faisalabad_Winter_Peak_2023-11-20
Faisalabad,Monsoon,8,32.7,69.0,5.6,981.6,1,126.268,17.252,0.897,0.2823,0.986,61.27,14.226,0.0011,0.0549,5.349,124.732,0.00022,48.0,0.9955,18.337,0.166,-0.002,0.42,23.5,,0,Copernicus CAMS via Open-Meteo,Faisalabad_Monsoon_2024-08-05
Faisalabad,Monsoon,8,32.9,68.0,3.5,980.8,1,156.783,22.84,0.688,0.297,1.057,66.383,15.57,0.0017,0.1137,3.846,139.044,0.00021,58.0,1.1273,22.305,0.262,0.06,0.54,32.6,,0,Copernicus CAMS via Open-Meteo,Faisalabad_Monsoon_2024-08-05
Faisalabad,Monsoon,7,28.1,90.0,10.5,981.9,1,203.385,6.169,-0.923,0.2909,0.996,51.113,8.498,0.0,0.029,10.568,201.247,6e-05,21.0,0.9828,4.443,0.312,-0.009,1.28,48.8,,1,Copernicus CAMS via Open-Meteo,Faisalabad_Monsoon_2023-07-25
Faisalabad,Autumn_Harvest,9,35.9,55.0,13.5,984.8,10,117.425,5.921,0.94,0.2714,1.011,31.671,9.276,0.0,0.0523,4.915,112.733,0.00011,19.0,1.0393,5.22,0.159,0.019,0.81,46.7,,1,Copernicus CAMS via Open-Meteo,Faisalabad_Autumn_Harvest_2023-09-15
Faisalabad,Winter_Peak,12,9.9,92.0,7.9,997.1,10,61.039,12.104,0.719,0.28,0.853,63.198,28.438,0.0808,0.2529,1.087,61.02,0.00062,35.0,0.7501,42.391,-0.0,-0.143,0.09,42.6,,1,Copernicus CAMS via Open-Meteo,Faisalabad_Winter_Peak_2023-12-20
Faisalabad,Autumn_Harvest,9,25.0,85.0,8.1,985.4,7,170.341,12.379,-1.321,0.1293,0.986,62.116,13.788,0.0,0.0417,7.747,169.579,0.00011,51.0,0.9633,25.231,0.241,-0.019,0.58,20.0,,0,Copernicus CAMS via Open-Meteo,Faisalabad_Autumn_Harvest_2024-09-28
Faisalabad,Monsoon,7,32.7,67.0,11.0,982.6,1,111.813,5.409,0.142,0.321,0.966,18.486,8.341,0.0,0.0798,3.836,111.568,7e-05,19.0,0.9208,4.077,0.12,-0.041,1.3,55.5,,1,Copernicus CAMS via Open-Meteo,Faisalabad_Monsoon_2024-07-10
Faisalabad,Monsoon,8,26.9,96.0,5.8,980.5,0,116.709,16.19,0.9,0.284,0.98,32.47,12.292,0.0012,0.0609,4.743,115.841,0.00017,46.0,0.9917,15.187,0.147,-0.004,0.59,15.0,,0,Copernicus CAMS via Open-Meteo,Faisalabad_Monsoon_2024-08-05
Faisalabad,Monsoon,7,28.8,78.0,6.6,979.5,1,170.044,10.584,0.596,0.2679,0.976,93.634,15.775,0.0,0.0455,7.6,169.747,0.00016,30.0,0.9646,26.389,0.241,-0.018,0.96,57.9,,1,Copernicus CAMS via Open-Meteo,Faisalabad_Monsoon_2023-07-15
Faisalabad,Autumn_Harvest,10,24.1,70.0,6.6,990.8,9,122.294,5.858,0.112,0.3033,0.949,79.965,9.7,0.0,0.0916,3.9,122.217,0.00019,18.0,0.9377,5.232,0.144,-0.032,0.55,43.3,,1,Copernicus CAMS via Open-Meteo,Faisalabad_Autumn_Harvest_2023-10-15
Faisalabad,Monsoon,8,33.8,51.0,6.6,982.8,1,107.244,4.499,-0.098,0.3369,0.908,14.309,5.193,0.0,0.1431,2.577,107.244,5e-05,20.0,0.8778,1.905,0.101,-0.065,0.42,49.5,,1,Copernicus CAMS via Open-Meteo,Faisalabad_Monsoon_2023-08-30
Faisalabad,Monsoon,7,30.9,72.0,8.7,972.5,0,102.922,11.596,2.71,0.1514,0.915,126.412,20.824,0.0232,0.1371,2.657,102.919,0.00051,26.0,0.8697,44.566,0.092,-0.07,0.98,36.2,,1,Copernicus CAMS via Open-Meteo,Faisalabad_Monsoon_2024-07-25
Faisalabad,Autumn_Harvest,10,22.4,62.0,3.2,986.4,10,91.193,7.033,0.087,0.3887,0.926,21.441,6.485,0.0,0.1445,2.266,91.18,9e-05,15.0,0.9325,2.525,0.086,-0.035,0.33,91.3,,2,Copernicus CAMS via Open-Meteo,Faisalabad_Autumn_Harvest_2023-10-05
Faisalabad,Winter_Peak,11,14.2,94.0,10.7,996.9,13,179.173,17.603,-0.677,0.347,1.019,90.385,20.432,0.0,0.0404,8.26,172.474,0.00016,61.0,1.0247,29.619,0.28,0.012,1.03,78.5,,2,Copernicus CAMS via Open-Meteo,Faisalabad_Winter_Peak_2023-11-30
Faisalabad,Winter_Peak,11,19.1,72.0,8.9,996.3,9,160.473,15.454,-0.715,0.3192,1.027,61.618,17.417,0.0,0.0774,5.062,148.959,0.00015,53.0,1.0077,21.941,0.237,0.004,1.21,71.7,,1,Copernicus CAMS via Open-Meteo,Faisalabad_Winter_Peak_2023-11-30
Faisalabad,Winter_Peak,1,5.3,99.0,1.1,996.5,7,202.903,2.865,-0.011,0.2873,1.07,75.343,8.44,0.0,0.1422,4.177,174.028,9e-05,6.0,1.1659,3.765,0.374,0.077,1.42,215.6,,3,Copernicus CAMS via Open-Meteo,Faisalabad_Winter_Peak_2024-01-05
Faisalabad,Summer,5,28.8,55.0,6.9,981.9,1,142.389,23.548,0.215,0.3457,0.949,461.658,55.437,0.0866,0.0959,4.409,142.379,0.00118,71.0,0.9465,217.499,0.183,-0.028,0.7,35.6,,1,Copernicus CAMS via Open-Meteo,Faisalabad_Summer_2023-05-25
Faisalabad,Monsoon,7,32.6,74.0,6.6,981.0,1,173.587,5.918,-1.353,0.2717,1.016,20.139,6.075,0.0,0.0292,8.782,168.541,4e-05,21.0,1.0237,2.527,0.268,0.012,0.81,48.0,,1,Copernicus CAMS via Open-Meteo,Faisalabad_Monsoon_2023-07-25
Faisalabad,Autumn_Harvest,9,31.2,57.0,5.8,985.5,13,139.802,17.362,0.293,0.2385,0.989,168.316,24.871,0.0386,0.0375,6.836,138.703,0.00049,62.0,0.9843,70.32,0.19,-0.008,0.75,31.3,,0,Copernicus CAMS via Open-Meteo,Faisalabad_Autumn_Harvest_2023-09-25
Faisalabad,Winter_Peak,12,10.5,85.0,8.8,992.9,8,82.779,10.178,0.464,0.3066,0.843,42.656,21.717,0.001,0.239,1.519,82.779,0.0002,29.0,0.7985,26.226,0.041,-0.112,0.38,141.6,,2,Copernicus CAMS via Open-Meteo,Faisalabad_Winter_Peak_2023-12-10
Faisalabad,Summer,4,17.5,94.0,12.1,983.8,0,50.263,12.401,0.544,0.3042,0.656,38.66,13.08,0.0004,0.4789,0.731,50.263,0.00029,37.0,0.5267,11.277,-0.07,-0.31,0.37,40.0,,1,Copernicus CAMS via Open-Meteo,Faisalabad_Summer_2024-04-20
Faisalabad,Winter_Peak,11,19.7,53.0,8.9,988.6,8,113.807,4.453,0.329,0.2711,0.987,47.653,7.741,0.0,0.0441,5.187,112.67,0.00015,13.0,0.9911,3.33,0.141,-0.004,0.12,37.6,,1,Copernicus CAMS via Open-Meteo,Faisalabad_Winter_Peak_2024-11-01
Faisalabad,Monsoon,7,37.2,49.0,4.0,970.0,0,110.707,11.846,2.88,0.1407,0.923,90.139,19.86,0.0195,0.134,2.824,110.695,0.00036,27.0,0.9123,45.332,0.116,-0.046,0.92,52.4,,1,Copernicus CAMS via Open-Meteo,Faisalabad_Monsoon_2024-07-25
Faisalabad,Summer,6,33.5,42.0,12.0,972.1,0,171.943,22.327,0.275,0.3232,0.952,58.574,13.612,0.0089,0.081,6.188,171.928,0.00013,60.0,0.9233,25.991,0.229,-0.04,0.57,47.0,,1,Copernicus CAMS via Open-Meteo,Faisalabad_Summer_2024-06-20
Faisalabad,Summer,6,32.9,17.0,8.8,979.3,2,77.589,7.778,0.18,0.3164,0.809,30.754,8.801,0.0,0.2745,1.324,77.589,0.00013,17.0,0.7289,4.428,0.016,-0.157,0.17,62.9,,1,Copernicus CAMS via Open-Meteo,Faisalabad_Summer_2024-06-10
Faisalabad,Winter_Peak,1,13.0,76.0,2.4,994.8,10,46.993,1.943,0.003,0.3964,0.945,35.151,5.784,0.0,0.1037,1.453,46.843,0.00055,5.0,0.9092,1.743,0.003,-0.048,0.91,119.7,,2,Copernicus CAMS via Open-Meteo,Faisalabad_Winter_Peak_2024-01-15
Faisalabad,Summer,5,27.8,33.0,9.0,981.5,1,87.918,12.498,-0.515,0.303,0.796,105.733,23.689,0.0124,0.296,1.463,87.918,0.00036,34.0,0.7088,35.33,0.022,-0.17,0.41,23.5,,0,Copernicus CAMS via Open-Meteo,Faisalabad_Summer_2024-05-18
Faisalabad,Winter_Peak,12,12.2,97.0,6.3,997.7,6,114.505,8.168,-0.083,0.3119,1.002,26.651,12.61,0.0,0.0411,5.306,111.834,0.0001,22.0,0.9963,9.633,0.144,-0.002,0.91,67.8,,1,Copernicus CAMS via Open-Meteo,Faisalabad_Winter_Peak_2023-12-01
Faisalabad,Summer,6,39.8,33.0,10.0,973.8,3,165.681,21.931,0.367,0.3219,0.962,68.02,13.458,0.009,0.098,5.131,164.465,0.00014,58.0,0.9782,23.48,0.238,-0.011,0.64,54.4,,1,Copernicus CAMS via Open-Meteo,Faisalabad_Summer_2024-06-20
Faisalabad,Winter_Peak,11,20.7,55.0,9.0,989.1,5,109.076,4.22,0.233,0.2989,0.962,26.727,6.328,0.0,0.0857,3.531,108.847,9e-05,14.0,0.9733,2.306,0.128,-0.014,0.12,46.8,,1,Copernicus CAMS via Open-Meteo,Faisalabad_Winter_Peak_2024-11-01
Faisalabad,Monsoon,8,29.3,86.0,9.4,978.9,0,138.944,19.563,0.853,0.2869,0.949,27.585,14.304,0.0012,0.1062,4.075,138.907,0.00014,58.0,0.9579,21.555,0.18,-0.021,0.7,41.7,,1,Copernicus CAMS via Open-Meteo,Faisalabad_Monsoon_2024-08-05
Faisalabad,Winter_Peak,11,28.2,45.0,6.5,994.2,12,172.187,3.353,0.578,0.333,1.021,15.859,4.454,0.0,0.0618,6.108,162.058,3e-05,10.0,1.0037,1.119,0.259,0.002,0.76,70.8,,1,Copernicus CAMS via Open-Meteo,Faisalabad_Winter_Peak_2023-11-05
Faisalabad,Summer,5,35.2,19.0,13.9,980.1,0,77.798,11.001,-0.512,0.3066,0.762,61.213,21.193,0.0112,0.3705,1.171,77.798,0.00027,31.0,0.632,28.177,-0.016,-0.226,0.54,53.2,,1,Copernicus CAMS via Open-Meteo,Faisalabad_Summer_2024-05-18
Faisalabad,Winter_Peak,11,23.6,47.0,4.5,992.8,8,125.21,9.275,0.639,0.2827,0.97,51.081,11.068,0.0,0.0628,4.937,124.771,0.00014,27.0,0.9627,7.269,0.156,-0.019,0.24,26.8,,0,Copernicus CAMS via Open-Meteo,Faisalabad_Winter_Peak_2024-11-25
Faisalabad,Summer,4,19.0,88.0,4.4,984.1,2,50.001,12.693,0.578,0.3013,0.641,74.307,14.259,0.0005,0.4978,0.727,50.001,0.00048,38.0,0.5076,12.531,-0.077,-0.327,0.35,55.6,,1,Copernicus CAMS via Open-Meteo,Faisalabad_Summer_2024-04-20
Faisalabad,Monsoon,7,30.5,74.0,8.9,981.4,1,135.789,6.843,0.115,0.3064,0.943,67.768,12.09,0.0,0.1068,3.908,135.645,0.00014,24.0,0.9409,8.509,0.17,-0.03,0.81,74.5,,1,Copernicus CAMS via Open-Meteo,Faisalabad_Monsoon_2024-07-10
Faisalabad,Autumn_Harvest,10,31.3,43.0,10.7,993.9,9,171.301,3.969,0.045,0.2884,1.046,61.885,8.331,0.0,0.0794,5.335,157.687,0.0001,11.0,1.0845,3.767,0.282,0.041,0.73,73.3,,1,Copernicus CAMS via Open-Meteo,Faisalabad_Autumn_Harvest_2024-10-22
Faisalabad,Autumn_Harvest,9,37.0,49.0,9.4,983.9,5,136.292,8.121,1.548,0.2241,1.049,19.402,10.186,0.0,0.098,3.727,123.014,8e-05,25.0,1.1079,6.544,0.213,0.051,0.8,47.4,,1,Copernicus CAMS via Open-Meteo,Faisalabad_Autumn_Harvest_2023-09-15
Faisalabad,Monsoon,8,28.2,85.0,12.5,981.5,1,107.609,12.159,1.045,0.2748,0.896,27.188,19.098,0.0046,0.1925,2.263,107.606,0.0001,28.0,0.8988,27.847,0.107,-0.053,0.64,36.0,,1,Copernicus CAMS via Open-Meteo,Faisalabad_Monsoon_2023-08-05
Faisalabad,Monsoon,7,31.3,73.0,4.7,979.0,1,127.796,6.694,0.172,0.2968,0.957,81.916,11.976,0.0,0.0898,4.114,127.339,0.00019,23.0,0.9577,8.21,0.16,-0.022,0.97,123.4,,2,Copernicus CAMS via Open-Meteo,Faisalabad_Monsoon_2024-07-10
Faisalabad,Monsoon,8,27.6,86.0,4.5,981.0,3,129.47,6.629,1.318,0.2772,0.963,23.415,8.536,0.0,0.124,3.332,127.436,6e-05,20.0,1.0087,5.857,0.176,0.004,0.75,62.9,,1,Copernicus CAMS via Open-Meteo,Faisalabad_Monsoon_2024-08-25
Faisalabad,Autumn_Harvest,10,33.8,26.0,1.9,989.6,9,119.543,5.524,0.258,0.2863,0.914,17.404,6.779,0.0,0.1516,2.772,119.543,5e-05,19.0,0.8477,3.119,0.112,-0.082,0.31,42.1,,1,Copernicus CAMS via Open-Meteo,Faisalabad_Autumn_Harvest_2024-10-15
Faisalabad,Monsoon,8,36.0,54.0,6.4,980.4,3,102.929,11.779,0.992,0.2778,0.915,64.762,19.117,0.0053,0.1437,2.602,102.851,0.00023,26.0,0.8639,25.414,0.09,-0.073,0.8,47.3,,1,Copernicus CAMS via Open-Meteo,Faisalabad_Monsoon_2023-08-05
Faisalabad,Summer,5,15.4,65.0,6.1,982.4,1,69.012,12.175,-0.039,0.2934,0.77,57.255,22.851,0.0149,0.3619,1.064,69.012,0.00034,31.0,0.6418,32.107,-0.02,-0.218,0.18,19.3,,0,Copernicus CAMS via Open-Meteo,Faisalabad_Summer_2024-05-01
Faisalabad,Winter_Peak,11,21.3,61.0,3.1,998.8,6,160.781,2.831,0.184,0.2682,1.057,23.709,5.052,0.0,0.0951,4.385,145.485,4e-05,9.0,1.105,1.376,0.265,0.05,1.13,105.0,,2,Copernicus CAMS via Open-Meteo,Faisalabad_Winter_Peak_2023-11-20
Faisalabad,Winter_Peak,11,14.0,89.0,5.5,993.9,5,184.564,18.003,-0.678,0.3285,0.993,61.858,20.245,0.0,0.0607,6.923,180.623,0.00012,64.0,0.9597,30.97,0.267,-0.021,1.11,83.1,,2,Copernicus CAMS via Open-Meteo,Faisalabad_Winter_Peak_2023-11-30
Faisalabad,Monsoon,7,35.4,58.0,2.9,976.1,0,189.428,11.354,0.792,0.2655,1.004,113.467,16.2,0.0,0.0782,6.173,180.665,0.00016,30.0,1.0482,26.897,0.309,0.024,1.11,55.3,,1,Copernicus CAMS via Open-Meteo,Faisalabad_Monsoon_2023-07-15
Faisalabad,Monsoon,8,37.3,34.0,5.4,981.8,2,107.129,4.507,0.013,0.3237,0.911,13.987,5.371,0.0,0.1484,2.516,107.126,5e-05,20.0,0.8937,2.015,0.105,-0.056,0.45,39.8,,1,Copernicus CAMS via Open-Meteo,Faisalabad_Monsoon_2023-08-30
Faisalabad,Summer,6,27.7,39.0,8.1,979.1,0,75.989,7.366,0.126,0.3321,0.755,22.213,8.192,0.0,0.3455,1.165,75.989,9e-05,18.0,0.6558,3.923,-0.009,-0.208,0.32,28.6,,0,Copernicus CAMS via Open-Meteo,Faisalabad_Summer_2024-06-10
Faisalabad,Autumn_Harvest,10,23.9,69.0,7.3,991.7,10,147.25,3.816,0.017,0.2785,0.969,70.555,8.82,0.0,0.0561,6.036,147.104,0.00012,11.0,0.952,4.194,0.194,-0.025,1.17,108.0,,2,Copernicus CAMS via Open-Meteo,Faisalabad_Autumn_Harvest_2024-10-22
Faisalabad,Summer,6,36.5,19.0,10.2,980.8,3,112.174,16.266,0.786,0.1903,0.891,19.355,10.896,0.0,0.1761,2.515,112.174,7e-05,49.0,0.827,9.358,0.094,-0.095,0.46,19.5,,0,Copernicus CAMS via Open-Meteo,Faisalabad_Summer_2023-06-05
Faisalabad,Summer,5,45.7,8.0,4.7,971.8,0,73.092,12.783,0.019,0.3203,0.761,109.198,27.487,0.0261,0.3757,1.105,73.092,0.00055,37.0,0.6276,50.566,-0.022,-0.229,0.17,12.1,,0,Copernicus CAMS via Open-Meteo,Faisalabad_Summer_2024-05-28
Faisalabad,Winter_Peak,12,7.2,96.0,10.9,997.6,10,60.226,11.963,0.764,0.278,0.823,56.867,28.652,0.0685,0.2733,1.048,60.226,0.00053,37.0,0.7777,46.383,0.004,-0.125,0.11,80.3,,2,Copernicus CAMS via Open-Meteo,Faisalabad_Winter_Peak_2023-12-20
Faisalabad,Winter_Peak,12,10.5,90.0,8.3,997.1,9,61.769,12.189,0.746,0.2917,0.864,53.978,28.741,0.081,0.22,1.191,61.766,0.00058,35.0,0.7876,45.249,0.008,-0.119,0.09,46.8,,1,Copernicus CAMS via Open-Meteo,Faisalabad_Winter_Peak_2023-12-20
Faisalabad,Autumn_Harvest,9,28.8,73.0,6.0,984.3,4,172.287,12.427,-1.37,0.1253,0.962,40.13,12.31,0.0,0.094,5.193,172.238,8e-05,54.0,0.9058,25.227,0.223,-0.049,0.41,40.2,,1,Copernicus CAMS via Open-Meteo,Faisalabad_Autumn_Harvest_2024-09-28
Faisalabad,Autumn_Harvest,10,26.6,45.0,7.3,992.5,4,77.498,11.998,0.453,0.3005,0.778,70.55,16.103,0.0,0.32,1.25,77.498,0.00027,27.0,0.6875,15.588,0.003,-0.185,0.18,33.6,,0,Copernicus CAMS via Open-Meteo,Faisalabad_Autumn_Harvest_2023-10-25
Faisalabad,Monsoon,8,34.7,55.0,6.2,981.2,2,115.665,6.076,1.283,0.2732,0.963,31.361,8.312,0.0,0.0969,3.487,114.922,9e-05,18.0,0.9863,5.398,0.144,-0.007,0.89,51.7,,1,Copernicus CAMS via Open-Meteo,Faisalabad_Monsoon_2024-08-25
Faisalabad,Autumn_Harvest,10,26.6,45.0,7.3,992.5,12,93.772,13.989,0.571,0.2917,0.817,54.5,18.809,0.0003,0.2746,1.634,93.772,0.00018,31.0,0.7307,20.969,0.036,-0.156,0.18,33.6,,0,Copernicus CAMS via Open-Meteo,Faisalabad_Autumn_Harvest_2023-10-25
Faisalabad,Summer,6,29.6,24.0,6.2,979.1,0,75.663,7.526,0.166,0.3184,0.766,30.763,8.816,0.0,0.33,1.182,75.663,0.00012,18.0,0.6718,4.394,-0.004,-0.196,0.16,71.5,,1,Copernicus CAMS via Open-Meteo,Faisalabad_Summer_2024-06-10
Faisalabad,Winter_Peak,12,13.4,62.0,6.9,992.2,8,95.688,11.902,0.599,0.2925,0.954,58.631,14.808,0.0,0.1014,2.965,94.879,0.00028,30.0,0.9208,13.939,0.091,-0.041,0.06,44.7,,1,Copernicus CAMS via Open-Meteo,Faisalabad_Winter_Peak_2024-12-05
Faisalabad,Autumn_Harvest,9,32.9,61.0,8.2,978.3,15,106.028,12.633,1.029,0.2717,0.939,40.348,13.605,0.004,0.1276,2.964,105.805,0.00016,30.0,0.9489,17.074,0.117,-0.026,0.71,51.7,,1,Copernicus CAMS via Open-Meteo,Faisalabad_Autumn_Harvest_2024-09-10
Faisalabad,Winter_Peak,1,10.6,89.0,3.1,998.2,6,182.903,2.03,0.003,0.3829,1.029,38.204,6.001,0.0,0.0921,5.127,167.123,5e-05,4.0,1.0944,1.949,0.31,0.045,1.51,185.8,,3,Copernicus CAMS via Open-Meteo,Faisalabad_Winter_Peak_2024-01-05
Faisalabad,Autumn_Harvest,10,17.7,70.0,7.1,992.5,11,90.613,13.517,0.552,0.2901,0.831,34.697,17.636,0.0003,0.2552,1.648,90.613,0.00013,29.0,0.7511,18.425,0.039,-0.142,0.19,83.4,,2,Copernicus CAMS via Open-Meteo,Faisalabad_Autumn_Harvest_2023-10-25
Faisalabad,Autumn_Harvest,10,25.4,55.0,6.8,987.7,12,110.646,4.936,0.231,0.298,0.903,33.163,6.95,0.0,0.1567,2.515,110.646,9e-05,16.0,0.8798,2.831,0.107,-0.064,0.38,51.1,,1,Copernicus CAMS via Open-Meteo,Faisalabad_Autumn_Harvest_2023-10-15
Faisalabad,Summer,6,27.7,85.0,12.0,975.6,1,165.307,22.36,0.547,0.3045,0.972,82.36,13.7,0.0095,0.0596,7.037,164.417,0.00018,57.0,0.9539,22.204,0.228,-0.024,0.62,51.5,,1,Copernicus CAMS via Open-Meteo,Faisalabad_Summer_2024-06-20
Faisalabad,Monsoon,7,31.6,70.0,10.9,977.8,3,194.419,11.839,0.675,0.25,1.042,85.014,15.505,0.0,0.0686,6.601,181.073,0.00014,33.0,1.0706,27.084,0.326,0.034,1.5,62.6,,1,Copernicus CAMS via Open-Meteo,Faisalabad_Monsoon_2023-07-15
Faisalabad,Winter_Peak,11,14.1,83.0,5.2,992.8,9,107.573,7.048,0.734,0.2565,1.018,24.863,7.712,0.0,0.0477,4.638,103.037,0.00011,20.0,1.0385,3.625,0.139,0.019,0.32,107.8,,2,Copernicus CAMS via Open-Meteo,Faisalabad_Winter_Peak_2024-11-25
Faisalabad,Summer,6,32.5,54.0,7.4,975.6,1,134.222,18.289,0.41,0.3155,0.89,64.996,13.196,0.0132,0.1735,2.948,134.222,0.00017,52.0,0.8293,22.48,0.129,-0.093,0.56,42.5,,1,Copernicus CAMS via Open-Meteo,Faisalabad_Summer_2024-06-20
Faisalabad,Autumn_Harvest,10,27.9,40.0,6.7,987.9,11,98.619,4.877,0.213,0.2725,0.849,39.674,7.811,0.0,0.2248,1.829,98.619,0.00011,17.0,0.777,3.73,0.058,-0.126,0.24,93.4,,2,Copernicus CAMS via Open-Meteo,Faisalabad_Autumn_Harvest_2024-10-15
Faisalabad,Summer,5,24.2,70.0,13.7,981.8,0,159.471,26.333,0.198,0.3511,0.978,537.596,59.286,0.0865,0.0537,7.01,158.624,0.00118,77.0,0.9565,243.148,0.218,-0.022,0.69,42.1,,1,Copernicus CAMS via Open-Meteo,Faisalabad_Summer_2023-05-25
Faisalabad,Winter_Peak,11,14.1,83.0,5.2,992.8,6,114.058,8.052,0.641,0.2554,1.019,32.152,9.023,0.0,0.0601,4.3,108.284,0.00013,22.0,1.0071,4.853,0.145,0.004,0.32,107.8,,2,Copernicus CAMS via Open-Meteo,Faisalabad_Winter_Peak_2024-11-25
Faisalabad,Monsoon,7,30.9,71.0,8.8,980.9,1,114.109,5.665,0.066,0.3493,1.001,51.752,9.701,0.0,0.0487,4.975,111.001,0.00017,18.0,1.0141,5.428,0.147,0.007,0.78,84.3,,2,Copernicus CAMS via Open-Meteo,Faisalabad_Monsoon_2024-07-10
Faisalabad,Summer,4,17.7,86.0,7.3,984.9,1,43.26,10.749,0.47,0.3136,0.626,54.377,12.397,0.0002,0.4963,0.629,43.26,0.00044,34.0,0.5113,9.77,-0.076,-0.323,0.25,33.3,,0,Copernicus CAMS via Open-Meteo,Faisalabad_Summer_2024-04-20
Faisalabad,Summer,6,39.3,34.0,9.0,975.4,2,144.063,19.688,0.44,0.3225,0.971,56.326,12.209,0.0115,0.0782,5.066,142.577,0.00017,49.0,0.9335,18.869,0.182,-0.034,0.61,59.4,,1,Copernicus CAMS via Open-Meteo,Faisalabad_Summer_2024-06-20
Faisalabad,Winter_Peak,11,15.6,82.0,3.7,997.6,7,151.446,3.057,0.104,0.361,0.997,39.035,6.383,0.0,0.0493,6.336,148.212,7e-05,9.0,1.0201,2.156,0.223,0.01,1.19,129.9,,2,Copernicus CAMS via Open-Meteo,Faisalabad_Winter_Peak_2023-11-20
Faisalabad,Monsoon,7,29.0,88.0,3.8,981.5,1,198.121,6.994,-1.05,0.3177,0.979,47.989,8.463,0.0,0.0743,6.769,196.299,6e-05,25.0,0.9341,4.546,0.281,-0.034,0.43,86.8,,2,Copernicus CAMS via Open-Meteo,Faisalabad_Monsoon_2023-07-25
Faisalabad,Summer,6,32.9,17.0,8.8,979.3,2,79.435,7.858,0.187,0.3132,0.753,16.458,8.735,0.0,0.3386,1.227,79.435,6e-05,19.0,0.6645,4.452,-0.003,-0.202,0.17,62.9,,1,Copernicus CAMS via Open-Meteo,Faisalabad_Summer_2024-06-10
Faisalabad,Winter_Peak,1,8.2,92.0,2.3,996.7,8,45.73,1.263,0.016,0.2653,0.988,15.642,3.81,0.0,0.0706,1.675,44.669,0.0003,2.0,0.9533,0.77,0.005,-0.024,1.3,128.5,,2,Copernicus CAMS via Open-Meteo,Faisalabad_Winter_Peak_2024-01-15
Faisalabad,Winter_Peak,11,14.5,82.0,5.6,992.6,7,127.096,9.316,0.637,0.2809,1.004,42.684,10.458,0.0,0.0574,5.1,122.79,0.00013,26.0,1.0306,6.458,0.177,0.015,0.28,93.4,,2,Copernicus CAMS via Open-Meteo,Faisalabad_Winter_Peak_2024-11-25
Faisalabad,Monsoon,7,29.7,77.0,7.8,980.9,4,114.961,5.57,0.217,0.3239,0.962,19.846,8.244,0.0,0.0748,3.997,114.807,6e-05,20.0,0.9591,4.132,0.136,-0.021,0.84,66.6,,1,Copernicus CAMS via Open-Meteo,Faisalabad_Monsoon_2024-07-10
Faisalabad,Autumn_Harvest,9,25.8,89.0,6.8,979.3,12,110.531,13.274,1.01,0.2684,0.934,33.745,15.325,0.004,0.1616,2.587,109.982,0.00013,33.0,0.9718,21.933,0.13,-0.014,0.65,85.2,,2,Copernicus CAMS via Open-Meteo,Faisalabad_Autumn_Harvest_2024-09-10
Faisalabad,Winter_Peak,12,22.6,49.0,10.1,996.4,11,93.779,6.975,-0.094,0.2952,0.925,19.027,12.17,0.0,0.1289,2.432,93.774,9e-05,21.0,0.9119,8.573,0.086,-0.046,0.62,74.5,,1,Copernicus CAMS via Open-Meteo,Faisalabad_Winter_Peak_2023-12-01
Faisalabad,Summer,5,29.9,29.0,10.2,972.5,2,64.804,11.497,0.087,0.3195,0.733,82.773,26.187,0.028,0.375,0.981,64.804,0.00048,34.0,0.6298,47.9,-0.028,-0.227,0.14,72.4,,1,Copernicus CAMS via Open-Meteo,Faisalabad_Summer_2024-05-28
Faisalabad,Monsoon,8,34.5,55.0,5.9,981.1,0,140.622,16.173,1.853,0.1606,1.026,61.424,12.443,0.0023,0.126,3.297,126.347,0.00019,52.0,1.113,18.277,0.224,0.053,0.71,71.7,,1,Copernicus CAMS via Open-Meteo,Faisalabad_Monsoon_2023-08-20
Faisalabad,Winter_Peak,1,14.6,67.0,5.9,993.3,10,52.651,1.741,-0.001,0.311,1.03,28.783,5.173,0.0,0.0876,1.646,48.636,0.00044,4.0,1.0793,1.414,0.031,0.038,0.68,112.9,,2,Copernicus CAMS via Open-Meteo,Faisalabad_Winter_Peak_2024-01-15
Faisalabad,Winter_Peak,12,18.1,71.0,5.6,999.2,12,122.881,9.031,-0.115,0.3078,1.026,26.48,13.488,0.0,0.1073,3.259,111.914,9e-05,24.0,1.0979,11.096,0.182,0.047,0.63,71.5,,1,Copernicus CAMS via Open-Meteo,Faisalabad_Winter_Peak_2023-12-01
Faisalabad,Winter_Peak,11,14.3,84.0,5.7,993.8,3,177.331,17.037,-0.698,0.3413,0.974,103.895,20.258,0.0,0.0968,5.257,174.386,0.00017,62.0,0.9171,29.764,0.236,-0.043,1.04,90.8,,2,Copernicus CAMS via Open-Meteo,Faisalabad_Winter_Peak_2023-11-30
Faisalabad,Winter_Peak,1,5.3,100.0,8.4,995.1,2,201.404,1.927,0.023,0.2814,1.036,34.877,5.763,0.0,0.0847,5.916,184.422,4e-05,4.0,1.0202,1.785,0.323,0.01,0.92,331.6,,3,Copernicus CAMS via Open-Meteo,Faisalabad_Winter_Peak_2024-01-05
Faisalabad,Monsoon,8,34.1,64.0,8.6,984.3,2,114.38,11.688,1.937,0.1651,0.985,67.045,11.177,0.0013,0.0573,4.653,112.758,0.00025,34.0,0.9598,11.979,0.135,-0.021,0.73,57.6,,1,Copernicus CAMS via Open-Meteo,Faisalabad_Monsoon_2023-08-20
Faisalabad,Autumn_Harvest,10,20.8,68.0,6.5,989.3,12,104.812,5.403,0.204,0.3021,0.899,54.371,8.586,0.0,0.1591,2.381,104.812,0.00016,17.0,0.8453,4.363,0.088,-0.084,0.31,39.5,,1,Copernicus CAMS via Open-Meteo,Faisalabad_Autumn_Harvest_2024-10-15
Faisalabad,Autumn_Harvest,9,32.7,46.0,6.8,983.7,3,143.248,12.857,2.286,0.1842,0.993,26.529,7.79,0.0,0.0319,7.33,141.993,9e-05,39.0,0.997,5.002,0.2,-0.001,0.54,58.3,,1,Copernicus CAMS via Open-Meteo,Faisalabad_Autumn_Harvest_2024-09-18
Faisalabad,Summer,6,37.1,25.0,9.7,983.1,0,122.648,17.303,0.827,0.1979,0.921,72.992,13.261,0.0,0.1339,3.301,122.532,0.0002,50.25,0.8983,11.937,0.133,-0.054,0.47,26.1,,0,Copernicus CAMS via Open-Meteo,Faisalabad_Summer_2023-06-05
Faisalabad,Autumn_Harvest,10,24.6,67.0,9.4,993.6,14,139.775,2.862,0.074,0.2701,0.949,23.006,5.577,0.0,0.0879,4.41,139.775,4e-05,9.0,0.9381,1.724,0.176,-0.032,0.74,82.9,,2,Copernicus CAMS via Open-Meteo,Faisalabad_Autumn_Harvest_2024-10-22
Faisalabad,Winter_Peak,1,5.9,100.0,7.7,995.4,12,189.057,1.115,0.002,0.3395,0.995,12.698,3.435,0.0,0.0349,9.03,187.148,1e-05,3.0,0.975,0.65,0.281,-0.013,0.95,354.8,,3,Copernicus CAMS via Open-Meteo,Faisalabad_Winter_Peak_2024-01-05
Faisalabad,Summer,6,27.7,85.0,12.0,975.6,0,157.449,21.452,0.399,0.3145,0.919,112.631,15.937,0.0118,0.1301,4.203,157.449,0.00021,59.0,0.8758,28.822,0.185,-0.066,0.62,51.5,,1,Copernicus CAMS via Open-Meteo,Faisalabad_Summer_2024-06-20
Faisalabad,Winter_Peak,11,14.1,83.0,5.2,992.8,4,120.926,8.374,0.64,0.273,1.026,25.899,8.682,0.0,0.1033,3.258,110.379,0.0001,24.0,1.0955,4.786,0.178,0.046,0.32,107.8,,2,Copernicus CAMS via Open-Meteo,Faisalabad_Winter_Peak_2024-11-25
Faisalabad,Winter_Peak,11,17.9,83.0,5.2,992.8,6,55.707,1.654,-0.009,0.3128,1.046,26.303,4.924,0.0,0.1009,1.549,50.289,0.00039,4.0,1.0361,1.289,0.033,0.018,1.67,173.7,,3,Copernicus CAMS via Open-Meteo,Faisalabad_Winter_Peak_2024-11-15
Faisalabad,Summer,6,30.5,35.0,10.8,981.2,3,105.738,15.651,0.784,0.1933,0.914,19.596,9.621,0.0,0.1462,2.726,105.724,9e-05,45.0,0.8573,7.015,0.093,-0.077,0.48,33.2,,0,Copernicus CAMS via Open-Meteo,Faisalabad_Summer_2023-06-05
Faisalabad,Summer,4,23.6,53.0,10.3,985.6,1,41.901,10.45,0.419,0.3079,0.62,61.069,12.34,0.0001,0.4969,0.61,41.901,0.00049,32.0,0.5244,9.764,-0.072,-0.312,0.11,27.5,,0,Copernicus CAMS via Open-Meteo,Faisalabad_Summer_2024-04-20
Faisalabad,Monsoon,8,27.8,91.0,2.3,980.0,1,126.548,16.996,0.948,0.2679,1.008,85.235,14.439,0.0012,0.1034,3.599,118.497,0.00029,47.0,1.067,17.325,0.184,0.032,0.48,17.3,,0,Copernicus CAMS via Open-Meteo,Faisalabad_Monsoon_2024-08-05
Faisalabad,Winter_Peak,11,28.9,41.0,5.9,991.2,10,163.908,2.765,0.548,0.2682,1.042,12.282,3.883,0.0,0.0648,5.635,153.285,2e-05,8.0,1.0608,0.835,0.26,0.029,0.89,83.4,,2,Copernicus CAMS via Open-Meteo,Faisalabad_Winter_Peak_2023-11-05
Faisalabad,Autumn_Harvest,10,22.8,54.0,10.1,983.9,9,103.013,8.228,0.068,0.3572,0.942,66.798,9.452,0.0,0.1052,3.142,102.812,0.00023,17.0,0.904,4.995,0.101,-0.05,0.3,81.3,,2,Copernicus CAMS via Open-Meteo,Faisalabad_Autumn_Harvest_2023-10-05
Faisalabad,Monsoon,8,31.6,68.0,9.6,982.0,0,200.626,3.456,1.76,0.1425,1.006,35.578,7.204,0.0,0.073,6.64,191.263,4e-05,11.0,1.049,4.444,0.332,0.024,0.47,16.3,,0,Copernicus CAMS via Open-Meteo,Faisalabad_Monsoon_2024-08-12
Faisalabad,Monsoon,7,38.3,48.0,2.3,970.6,1,105.138,12.359,2.785,0.1254,0.932,120.555,21.143,0.0244,0.1118,3.101,105.126,0.00051,29.0,0.8979,46.725,0.103,-0.054,0.9,61.0,,1,Copernicus CAMS via Open-Meteo,Faisalabad_Monsoon_2024-07-25
Faisalabad,Winter_Peak,11,23.5,53.0,3.7,998.5,7,162.203,2.701,0.134,0.3137,1.045,13.082,3.89,0.0,0.0822,4.841,148.856,2e-05,8.0,1.0897,0.832,0.264,0.043,1.12,90.1,,2,Copernicus CAMS via Open-Meteo,Faisalabad_Winter_Peak_2023-11-20
Faisalabad,Monsoon,7,28.0,92.0,8.7,981.5,0,195.605,6.8,-1.108,0.2696,1.011,44.149,8.063,0.0,0.0898,5.706,183.275,6e-05,23.0,0.9716,4.133,0.292,-0.014,1.94,51.7,,1,Copernicus CAMS via Open-Meteo,Faisalabad_Monsoon_2023-07-25
Faisalabad,Summer,6,37.1,25.0,9.7,983.1,2,108.63,15.822,0.766,0.1989,0.906,41.128,11.505,0.0,0.1509,2.741,108.628,0.00013,46.0,0.8556,9.51,0.097,-0.078,0.47,26.1,,0,Copernicus CAMS via Open-Meteo,Faisalabad_Summer_2023-06-05
Faisalabad,Autumn_Harvest,9,31.3,66.0,10.9,983.2,3,115.64,7.2,1.408,0.2211,1.001,43.915,10.318,0.0,0.0881,3.611,110.124,0.00016,23.0,1.0489,6.496,0.157,0.024,1.07,65.9,,1,Copernicus CAMS via Open-Meteo,Faisalabad_Autumn_Harvest_2023-09-15
Faisalabad,Winter_Peak,1,4.2,100.0,4.0,994.6,11,204.934,1.323,0.028,0.3293,1.076,17.188,4.095,0.0,0.1376,4.292,176.758,2e-05,3.0,1.1594,0.928,0.377,0.074,0.86,261.7,,3,Copernicus CAMS via Open-Meteo,Faisalabad_Winter_Peak_2024-01-05
Faisalabad,Monsoon,7,31.6,74.0,7.6,979.1,3,174.356,6.364,-1.332,0.2838,0.946,23.833,6.668,0.0,0.084,5.602,174.356,4e-05,25.0,0.924,3.127,0.234,-0.039,0.8,45.1,,1,Copernicus CAMS via Open-Meteo,Faisalabad_Monsoon_2023-07-25
Faisalabad,Autumn_Harvest,10,23.5,54.0,6.5,987.7,4,118.269,5.534,0.224,0.2781,0.896,20.607,7.031,0.0,0.1738,2.527,118.269,5e-05,19.0,0.8784,3.335,0.12,-0.065,0.24,93.8,,2,Copernicus CAMS via Open-Meteo,Faisalabad_Autumn_Harvest_2024-10-15
Faisalabad,Autumn_Harvest,10,25.5,67.0,6.6,983.1,7,140.208,12.352,1.221,0.2543,0.947,46.059,12.159,0.0025,0.0868,4.486,140.207,0.00012,40.0,0.9268,15.817,0.173,-0.038,0.46,69.6,,1,Copernicus CAMS via Open-Meteo,Faisalabad_Autumn_Harvest_2024-10-05
Faisalabad,Monsoon,7,33.5,66.0,11.5,980.1,0,174.814,10.767,0.66,0.2523,1.061,104.467,15.504,0.0,0.097,4.783,157.824,0.00019,27.0,1.102,22.359,0.295,0.049,1.13,60.8,,1,Copernicus CAMS via Open-Meteo,Faisalabad_Monsoon_2023-07-15
Faisalabad,Winter_Peak,12,15.2,63.0,2.5,992.2,5,88.173,10.882,0.61,0.2914,0.992,36.872,12.835,0.0,0.075,3.199,85.56,0.00023,26.0,1.0043,10.617,0.094,0.002,0.08,154.6,,3,Copernicus CAMS via Open-Meteo,Faisalabad_Winter_Peak_2024-12-05
Faisalabad,Autumn_Harvest,10,27.2,45.0,8.9,984.1,11,96.581,7.694,0.115,0.3672,0.93,47.433,8.198,0.0,0.12,2.758,96.564,0.00018,16.0,0.9145,3.76,0.092,-0.045,0.35,89.9,,2,Copernicus CAMS via Open-Meteo,Faisalabad_Autumn_Harvest_2023-10-05
Faisalabad,Winter_Peak,11,15.6,82.0,3.7,997.6,7,165.555,2.884,0.126,0.3682,0.971,18.898,4.661,0.0,0.0611,6.291,165.526,3e-05,9.0,0.977,1.179,0.237,-0.012,1.19,129.9,,2,Copernicus CAMS via Open-Meteo,Faisalabad_Winter_Peak_2023-11-20
Faisalabad,Autumn_Harvest,10,22.9,56.0,5.2,988.7,15,107.724,5.457,0.226,0.2984,0.862,48.869,8.526,0.0,0.2134,2.057,107.724,0.00012,19.0,0.8253,4.386,0.087,-0.096,0.32,40.4,,1,Copernicus CAMS via Open-Meteo,Faisalabad_Autumn_Harvest_2024-10-15
Faisalabad,Monsoon,7,28.4,90.0,7.3,981.7,0,187.296,6.654,-1.386,0.2693,0.946,18.409,6.56,0.0,0.095,5.617,187.296,3e-05,26.0,0.9386,3.564,0.263,-0.032,1.05,46.3,,1,Copernicus CAMS via Open-Meteo,Faisalabad_Monsoon_2023-07-25
Faisalabad,Winter_Peak,12,20.2,62.0,7.3,998.6,7,113.331,8.626,-0.11,0.3192,0.982,75.347,15.099,0.0,0.0942,3.567,110.158,0.00024,23.0,1.0174,13.02,0.146,0.009,0.62,71.0,,1,Copernicus CAMS via Open-Meteo,Faisalabad_Winter_Peak_2023-12-01
Faisalabad,Summer,4,21.0,71.0,11.5,986.3,1,42.068,10.52,0.614,0.2997,0.608,18.906,11.405,0.0003,0.5153,0.611,42.068,0.00021,34.0,0.4914,8.628,-0.083,-0.341,0.25,38.4,,1,Copernicus CAMS via Open-Meteo,Faisalabad_Summer_2024-04-20
Faisalabad,Monsoon,7,29.5,77.0,8.4,980.6,3,118.252,5.748,0.156,0.2955,0.923,42.521,9.935,0.0,0.1261,3.065,118.25,0.00011,21.0,0.901,5.912,0.126,-0.052,0.86,65.4,,1,Copernicus CAMS via Open-Meteo,Faisalabad_Monsoon_2024-07-10
Faisalabad,Winter_Peak,11,14.9,88.0,11.5,993.8,13,170.433,16.689,-0.688,0.3417,0.996,82.559,19.958,0.0,0.0339,8.428,168.372,0.00016,60.0,0.9836,28.009,0.249,-0.008,0.99,52.7,,1,Copernicus CAMS via Open-Meteo,Faisalabad_Winter_Peak_2023-11-30
Faisalabad,Autumn_Harvest,10,31.1,36.0,2.2,991.0,5,107.33,5.626,0.184,0.2804,0.891,78.245,9.999,0.0,0.1737,2.322,107.33,0.00021,18.0,0.8592,5.706,0.096,-0.076,0.29,48.3,,1,Copernicus CAMS via Open-Meteo,Faisalabad_Autumn_Harvest_2024-10-15
Faisalabad,Autumn_Harvest,9,28.8,77.0,8.6,980.8,6,101.544,12.399,1.116,0.2767,1.006,76.196,14.079,0.0038,0.0796,3.614,96.996,0.00034,28.0,1.0328,16.411,0.125,0.016,0.7,102.7,,2,Copernicus CAMS via Open-Meteo,Faisalabad_Autumn_Harvest_2024-09-10
Faisalabad,Summer,6,30.3,58.0,6.6,976.9,0,149.52,7.242,1.315,0.0965,0.923,98.91,13.466,0.0015,0.12,3.998,149.52,0.00017,11.0,0.8928,20.652,0.178,-0.057,0.54,33.5,,0,Copernicus CAMS via Open-Meteo,Faisalabad_Summer_2023-06-15
Faisalabad,Autumn_Harvest,9,29.9,72.0,7.3,980.0,9,98.021,11.668,1.124,0.2806,0.957,24.356,12.409,0.0038,0.1398,2.497,96.321,0.00012,27.0,1.005,15.072,0.113,0.002,0.74,97.1,,2,Copernicus CAMS via Open-Meteo,Faisalabad_Autumn_Harvest_2024-09-10
Faisalabad,Summer,5,19.3,49.0,11.4,983.6,2,72.433,13.11,-0.064,0.3122,0.741,61.006,25.742,0.0179,0.3845,1.091,72.433,0.00032,37.0,0.6194,42.07,-0.025,-0.235,0.31,30.5,,0,Copernicus CAMS via Open-Meteo,Faisalabad_Summer_2024-05-01
Faisalabad,Winter_Peak,12,18.2,49.0,10.5,991.7,8,84.38,10.351,0.34,0.3192,0.875,34.64,20.299,0.0009,0.1946,1.749,84.38,0.00018,28.0,0.8325,23.701,0.052,-0.091,0.2,75.7,,2,Copernicus CAMS via Open-Meteo,Faisalabad_Winter_Peak_2023-12-10
Faisalabad,Autumn_Harvest,10,21.2,68.0,8.8,989.1,8,110.185,5.619,0.207,0.3263,0.932,68.647,9.485,0.0,0.144,2.673,110.016,0.0002,17.0,0.8563,5.269,0.1,-0.077,0.26,91.3,,2,Copernicus CAMS via Open-Meteo,Faisalabad_Autumn_Harvest_2024-10-15
Faisalabad,Summer,5,29.7,49.0,9.2,981.9,1,153.569,24.972,0.175,0.3466,0.993,389.068,52.578,0.0703,0.0906,4.661,147.647,0.00097,72.0,1.0359,207.204,0.232,0.018,0.7,36.7,,1,Copernicus CAMS via Open-Meteo,Faisalabad_Summer_2023-05-25
Faisalabad,Winter_Peak,11,27.4,45.0,7.0,993.4,11,50.859,1.381,0.01,0.3173,0.973,18.576,4.193,0.0,0.0804,1.741,50.294,0.00027,3.0,0.9913,0.924,0.019,-0.004,1.67,187.7,,3,Copernicus CAMS via Open-Meteo,Faisalabad_Winter_Peak_2024-11-15
Faisalabad,Monsoon,8,33.8,51.0,6.6,982.8,1,121.574,5.606,-0.056,0.3202,0.924,65.141,9.018,0.0,0.1502,2.846,121.252,0.00015,23.0,0.9319,4.74,0.141,-0.035,0.42,49.5,,1,Copernicus CAMS via Open-Meteo,Faisalabad_Monsoon_2023-08-30
Faisalabad,Autumn_Harvest,9,25.1,90.0,5.2,982.8,11,174.788,21.914,0.288,0.2554,1.072,163.373,27.023,0.0387,0.1236,4.001,153.161,0.00042,70.0,1.1411,88.424,0.305,0.066,0.55,35.3,,1,Copernicus CAMS via Open-Meteo,Faisalabad_Autumn_Harvest_2023-09-25
Faisalabad,Monsoon,8,34.5,58.0,5.8,981.8,1,95.294,10.716,1.047,0.2755,0.872,39.552,17.561,0.0053,0.196,1.972,95.294,0.00015,26.0,0.83,23.515,0.069,-0.093,0.79,43.7,,1,Copernicus CAMS via Open-Meteo,Faisalabad_Monsoon_2023-08-05
Faisalabad,Autumn_Harvest,9,24.9,70.0,18.0,986.8,9,146.986,18.369,0.269,0.2409,1.037,149.512,23.876,0.0382,0.0864,4.346,134.537,0.00048,61.0,1.0231,67.551,0.215,0.011,0.67,43.5,,1,Copernicus CAMS via Open-Meteo,Faisalabad_Autumn_Harvest_2023-09-25
Faisalabad,Autumn_Harvest,9,35.7,51.0,1.1,980.1,6,112.589,5.839,0.903,0.2737,0.982,34.182,9.527,0.0,0.0516,4.797,111.845,0.00012,19.0,0.9572,5.502,0.131,-0.022,0.75,43.2,,1,Copernicus CAMS via Open-Meteo,Faisalabad_Autumn_Harvest_2023-09-15
Faisalabad,Monsoon,7,32.5,70.0,13.7,980.0,1,192.161,11.716,0.653,0.2664,1.029,79.3,14.871,0.0,0.0511,7.695,182.328,0.00013,29.0,1.0366,26.471,0.31,0.018,1.05,65.4,,1,Copernicus CAMS via Open-Meteo,Faisalabad_Monsoon_2023-07-15
Faisalabad,Winter_Peak,11,22.0,60.0,3.5,991.7,8,52.104,2.79,-0.003,0.3067,1.021,71.596,8.216,0.0,0.1038,1.534,48.153,0.00114,6.0,1.0008,3.536,0.022,0.0,2.1,269.2,,3,Copernicus CAMS via Open-Meteo,Faisalabad_Winter_Peak_2024-11-15
Faisalabad,Winter_Peak,11,28.2,45.0,6.5,994.2,7,202.108,4.097,0.425,0.2773,1.031,33.415,6.054,0.0,0.0812,6.107,186.064,4e-05,12.0,1.0102,2.024,0.32,0.005,0.76,70.8,,1,Copernicus CAMS via Open-Meteo,Faisalabad_Winter_Peak_2023-11-05
Faisalabad,Monsoon,7,33.5,66.0,11.5,980.1,0,183.153,11.099,0.661,0.2647,1.01,68.25,14.226,0.0,0.0323,9.138,178.223,0.00012,31.0,1.0266,24.869,0.288,0.013,1.13,60.8,,1,Copernicus CAMS via Open-Meteo,Faisalabad_Monsoon_2023-07-15
Faisalabad,Autumn_Harvest,10,17.0,74.0,8.7,992.4,10,86.339,12.737,0.672,0.2767,0.803,33.666,16.905,0.0002,0.2924,1.448,86.339,0.00013,29.0,0.7123,16.937,0.021,-0.168,0.21,69.2,,1,Copernicus CAMS via Open-Meteo,Faisalabad_Autumn_Harvest_2023-10-25
Faisalabad,Summer,6,31.2,62.0,18.2,979.6,1,153.231,8.099,1.108,0.1068,0.937,107.461,14.833,0.0017,0.1118,4.291,153.208,0.00018,16.0,0.9295,22.848,0.198,-0.037,0.57,25.6,,0,Copernicus CAMS via Open-Meteo,Faisalabad_Summer_2023-06-15
Faisalabad,Winter_Peak,11,18.9,74.0,5.8,991.3,9,184.605,4.008,0.308,0.3045,0.952,56.672,7.668,0.0,0.0784,6.217,184.605,6e-05,13.0,0.9341,3.187,0.256,-0.034,0.5,111.3,,2,Copernicus CAMS via Open-Meteo,Faisalabad_Winter_Peak_2023-11-05
Faisalabad,Monsoon,7,36.6,54.0,4.6,972.2,0,113.722,13.018,2.69,0.1363,0.939,148.386,22.47,0.0222,0.1219,3.117,113.308,0.00052,30.0,0.9413,50.308,0.129,-0.03,0.97,57.2,,1,Copernicus CAMS via Open-Meteo,Faisalabad_Monsoon_2024-07-25
Faisalabad,Summer,6,32.7,43.0,7.7,983.9,0,127.35,18.645,0.749,0.2053,0.955,84.328,13.763,0.0,0.1135,3.744,125.917,0.00021,50.0,0.8992,12.908,0.142,-0.053,0.42,32.0,,0,Copernicus CAMS via Open-Meteo,Faisalabad_Summer_2023-06-05
Faisalabad,Monsoon,8,33.9,63.0,2.6,977.4,1,133.842,18.914,0.915,0.2737,0.963,63.477,16.023,0.0016,0.1391,3.26,130.797,0.00022,55.0,1.0179,23.763,0.187,0.009,0.65,33.4,,0,Copernicus CAMS via Open-Meteo,Faisalabad_Monsoon_2024-08-05
Faisalabad,Winter_Peak,11,33.2,25.0,11.2,990.0,8,136.395,5.189,0.334,0.3298,0.989,44.213,7.925,0.0,0.0371,6.606,135.353,0.0001,16.0,0.9895,3.639,0.185,-0.005,0.16,21.8,,0,Copernicus CAMS via Open-Meteo,Faisalabad_Winter_Peak_2024-11-01
Faisalabad,Autumn_Harvest,10,29.9,39.0,5.6,987.1,6,111.375,5.142,0.096,0.3553,0.895,50.766,8.088,0.0,0.1746,2.383,111.375,0.00013,17.0,0.8762,3.726,0.108,-0.066,0.55,39.6,,1,Copernicus CAMS via Open-Meteo,Faisalabad_Autumn_Harvest_2023-10-15
Faisalabad,Summer,6,29.0,76.0,3.6,976.5,0,151.756,20.698,0.438,0.3122,0.905,59.191,13.483,0.011,0.1485,3.674,151.756,0.00014,58.0,0.8548,27.028,0.167,-0.078,0.65,87.1,,2,Copernicus CAMS via Open-Meteo,Faisalabad_Summer_2024-06-20
Faisalabad,Monsoon,8,33.5,61.0,3.1,978.1,0,173.577,3.804,0.779,0.2486,0.978,79.158,9.826,0.0,0.0528,7.22,172.96,0.0001,10.0,0.9844,6.167,0.255,-0.008,0.81,43.2,,1,Copernicus CAMS via Open-Meteo,Faisalabad_Monsoon_2024-08-12
Faisalabad,Autumn_Harvest,10,29.1,42.0,8.2,989.5,9,131.851,5.735,0.119,0.3485,0.964,23.097,6.562,0.0,0.0937,4.023,131.459,5e-05,17.0,0.9084,2.583,0.152,-0.048,0.54,41.7,,1,Copernicus CAMS via Open-Meteo,Faisalabad_Autumn_Harvest_2023-10-15
Faisalabad,Autumn_Harvest,9,25.8,89.0,6.8,979.3,9,93.55,11.417,0.926,0.2791,0.899,57.849,14.85,0.0047,0.1688,2.132,93.544,0.00024,29.0,0.8717,18.41,0.076,-0.069,0.65,85.2,,2,Copernicus CAMS via Open-Meteo,Faisalabad_Autumn_Harvest_2024-09-10
Faisalabad,Autumn_Harvest,10,21.4,69.0,4.7,994.6,9,89.015,13.439,0.517,0.2996,0.84,35.523,16.357,0.0002,0.2518,1.63,89.012,0.00014,28.0,0.7525,16.226,0.037,-0.141,0.28,82.9,,2,Copernicus CAMS via Open-Meteo,Faisalabad_Autumn_Harvest_2023-10-25
Faisalabad,Winter_Peak,11,26.0,40.0,4.8,990.7,5,48.932,2.763,-0.013,0.2834,1.027,69.544,8.042,0.0,0.099,1.478,45.154,0.00125,6.0,1.0341,3.416,0.019,0.017,1.81,236.1,,3,Copernicus CAMS via Open-Meteo,Faisalabad_Winter_Peak_2024-11-15
Faisalabad,Monsoon,7,29.8,78.0,9.3,972.1,2,116.994,13.793,2.83,0.131,0.92,135.973,23.646,0.0246,0.1653,2.613,116.848,0.00046,34.0,0.9381,61.985,0.134,-0.032,1.21,35.7,,1,Copernicus CAMS via Open-Meteo,Faisalabad_Monsoon_2024-07-25
Faisalabad,Winter_Peak,11,15.6,82.0,3.7,997.6,8,163.537,2.948,0.066,0.2569,1.007,31.007,5.702,0.0,0.0312,8.175,159.711,5e-05,9.0,1.023,1.763,0.248,0.011,1.19,129.9,,2,Copernicus CAMS via Open-Meteo,Faisalabad_Winter_Peak_2023-11-20
Faisalabad,Autumn_Harvest,10,24.0,51.0,8.0,992.7,10,91.279,13.972,0.326,0.3113,0.852,85.631,17.349,0.0003,0.2286,1.854,91.277,0.00029,29.0,0.806,18.043,0.056,-0.107,0.16,50.5,,1,Copernicus CAMS via Open-Meteo,Faisalabad_Autumn_Harvest_2023-10-25
Faisalabad,Winter_Peak,1,15.7,61.0,4.5,996.0,4,202.712,1.405,0.032,0.2825,1.043,19.135,4.286,0.0,0.1347,4.341,176.609,2e-05,3.0,1.1478,1.024,0.369,0.069,1.16,145.8,,2,Copernicus CAMS via Open-Meteo,Faisalabad_Winter_Peak_2024-01-05
Faisalabad,Summer,6,33.5,42.0,12.0,972.1,0,130.081,17.907,0.427,0.3089,0.919,84.952,13.565,0.0125,0.1351,3.393,130.079,0.00022,48.0,0.8685,21.094,0.136,-0.07,0.57,47.0,,1,Copernicus CAMS via Open-Meteo,Faisalabad_Summer_2024-06-20
Faisalabad,Winter_Peak,12,9.4,94.0,7.6,996.8,11,70.353,14.174,0.641,0.2974,0.813,83.024,33.131,0.0638,0.2789,1.203,70.353,0.00053,44.0,0.7473,65.029,0.011,-0.145,0.08,40.2,,1,Copernicus CAMS via Open-Meteo,Faisalabad_Winter_Peak_2023-12-20
Faisalabad,Summer,6,31.7,54.0,11.5,979.1,2,150.239,7.529,1.276,0.0851,0.972,83.953,12.796,0.0014,0.0717,5.345,149.513,0.00017,12.0,0.9328,18.669,0.193,-0.035,0.52,26.4,,0,Copernicus CAMS via Open-Meteo,Faisalabad_Summer_2023-06-15
Faisalabad,Summer,4,26.3,45.0,6.7,984.3,2,44.421,11.167,0.557,0.2975,0.629,42.631,12.738,0.0007,0.4898,0.646,44.421,0.00038,34.0,0.5193,10.107,-0.074,-0.316,0.12,23.3,,0,Copernicus CAMS via Open-Meteo,Faisalabad_Summer_2024-04-20
Faisalabad,Winter_Peak,1,4.7,97.0,0.8,995.4,11,49.861,1.751,0.012,0.3552,1.03,28.964,5.213,0.0,0.0723,1.763,46.595,0.00051,4.0,1.0418,1.428,0.022,0.02,0.95,169.5,,3,Copernicus CAMS via Open-Meteo,Faisalabad_Winter_Peak_2024-01-15
Faisalabad,Autumn_Harvest,10,22.8,54.0,10.1,983.9,13,112.777,8.749,0.147,0.3685,0.991,23.457,6.878,0.0,0.0495,4.848,110.852,8e-05,17.0,0.9848,2.778,0.138,-0.008,0.3,81.3,,2,Copernicus CAMS via Open-Meteo,Faisalabad_Autumn_Harvest_2023-10-05
Faisalabad,Autumn_Harvest,10,22.2,76.0,8.5,992.7,8,163.134,3.799,0.032,0.2672,0.986,57.612,8.219,0.0,0.0647,6.04,160.553,8e-05,12.0,1.011,3.677,0.243,0.005,0.74,83.8,,2,Copernicus CAMS via Open-Meteo,Faisalabad_Autumn_Harvest_2024-10-22
Faisalabad,Winter_Peak,11,15.2,82.0,2.1,993.7,3,145.631,14.365,-0.662,0.3469,0.96,80.308,18.036,0.0,0.1023,4.242,144.967,0.00018,53.0,0.9002,22.708,0.174,-0.053,1.19,82.4,,2,Copernicus CAMS via Open-Meteo,Faisalabad_Winter_Peak_2023-11-30
Faisalabad,Winter_Peak,11,27.8,44.0,8.2,989.2,10,109.417,4.283,0.346,0.3042,0.927,36.997,7.056,0.0,0.1239,2.868,109.417,0.00011,14.0,0.8766,2.818,0.104,-0.066,0.21,47.4,,1,Copernicus CAMS via Open-Meteo,Faisalabad_Winter_Peak_2024-11-01
Faisalabad,Monsoon,8,37.3,45.0,8.7,980.3,1,113.764,12.013,1.975,0.168,0.96,58.504,11.096,0.0021,0.0728,4.112,113.675,0.00024,39.0,0.945,14.404,0.13,-0.028,0.69,47.1,,1,Copernicus CAMS via Open-Meteo,Faisalabad_Monsoon_2023-08-20
Faisalabad,Winter_Peak,11,17.5,81.0,1.3,991.5,13,152.178,3.696,0.229,0.2586,0.982,59.849,7.672,0.0,0.0819,4.95,149.371,0.0001,11.0,0.9351,3.186,0.198,-0.034,0.56,91.5,,2,Copernicus CAMS via Open-Meteo,Faisalabad_Winter_Peak_2023-11-05
Faisalabad,Autumn_Harvest,9,25.1,93.0,4.6,983.7,8,148.964,19.125,0.221,0.246,0.989,153.569,25.497,0.0372,0.0616,5.694,146.411,0.00042,69.0,1.0138,81.006,0.216,0.007,0.45,34.0,,0,Copernicus CAMS via Open-Meteo,Faisalabad_Autumn_Harvest_2023-09-25
Faisalabad,Monsoon,8,31.9,54.0,10.8,982.7,1,137.633,5.961,-0.005,0.3329,0.951,43.065,7.989,0.0,0.0974,4.144,137.046,9e-05,24.0,0.9513,3.921,0.176,-0.025,0.42,66.4,,1,Copernicus CAMS via Open-Meteo,Faisalabad_Monsoon_2023-08-30
Faisalabad,Winter_Peak,11,19.3,53.0,9.3,995.5,10,175.33,2.9,0.156,0.3389,1.006,13.512,4.142,0.0,0.0554,6.695,168.8,2e-05,10.0,1.0387,0.959,0.277,0.019,0.99,127.6,,2,Copernicus CAMS via Open-Meteo,Faisalabad_Winter_Peak_2023-11-20
Faisalabad,Winter_Peak,11,18.7,67.0,7.8,989.0,4,124.712,4.76,0.344,0.2892,0.982,27.589,6.796,0.0,0.0414,5.78,124.298,8e-05,15.0,0.9801,2.75,0.16,-0.01,0.11,41.6,,1,Copernicus CAMS via Open-Meteo,Faisalabad_Winter_Peak_2024-11-01
Faisalabad,Winter_Peak,11,15.7,80.0,7.4,993.2,6,106.035,7.178,0.598,0.2971,0.988,14.221,7.232,0.0,0.04,5.052,105.154,8e-05,21.0,0.9926,3.322,0.126,-0.004,0.33,115.0,,2,Copernicus CAMS via Open-Meteo,Faisalabad_Winter_Peak_2024-11-25
Faisalabad,Autumn_Harvest,9,28.8,73.0,6.0,984.3,9,148.189,10.971,-1.28,0.1489,0.956,71.25,13.707,0.0,0.0961,4.467,148.07,0.00015,47.0,0.9042,21.024,0.18,-0.05,0.41,40.2,,1,Copernicus CAMS via Open-Meteo,Faisalabad_Autumn_Harvest_2024-09-28
Faisalabad,Winter_Peak,12,16.5,70.0,9.9,995.5,5,107.31,8.021,-0.092,0.2996,1.015,31.019,12.572,0.0,0.0717,3.702,101.455,0.00014,21.0,0.9913,9.276,0.129,-0.004,0.27,75.2,,2,Copernicus CAMS via Open-Meteo,Faisalabad_Winter_Peak_2023-12-01
Faisalabad,Winter_Peak,12,22.7,35.0,10.0,996.8,9,57.96,11.381,0.793,0.2823,0.828,50.218,27.213,0.0704,0.2639,1.009,57.96,0.00054,35.0,0.7452,40.49,-0.005,-0.146,0.15,42.0,,1,Copernicus CAMS via Open-Meteo,Faisalabad_Winter_Peak_2023-12-20
Faisalabad,Monsoon,8,31.4,73.0,3.2,979.1,2,97.62,10.922,1.008,0.261,0.886,30.581,18.446,0.0047,0.1877,2.087,97.62,0.00013,26.0,0.8644,23.708,0.081,-0.073,0.82,67.1,,1,Copernicus CAMS via Open-Meteo,Faisalabad_Monsoon_2023-08-05
Faisalabad,Summer,6,29.0,33.0,8.2,979.1,0,87.823,8.826,0.12,0.312,0.78,83.447,11.633,0.0,0.3135,1.407,87.823,0.00024,20.0,0.6898,7.637,0.015,-0.184,0.3,30.5,,0,Copernicus CAMS via Open-Meteo,Faisalabad_Summer_2024-06-10
Faisalabad,Autumn_Harvest,10,29.9,35.0,5.4,992.8,9,92.023,13.711,0.543,0.3002,0.833,26.498,17.96,0.0003,0.2542,1.718,92.023,0.0001,30.0,0.7898,19.541,0.052,-0.117,0.31,26.5,,0,Copernicus CAMS via Open-Meteo,Faisalabad_Autumn_Harvest_2023-10-25
Faisalabad,Autumn_Harvest,10,25.3,76.0,5.2,986.4,4,145.383,12.813,1.221,0.2552,0.937,87.517,14.68,0.0025,0.1106,4.094,145.376,0.00018,42.0,0.9257,20.138,0.182,-0.039,0.77,60.1,,1,Copernicus CAMS via Open-Meteo,Faisalabad_Autumn_Harvest_2024-10-05
Faisalabad,Winter_Peak,11,13.3,90.0,8.7,995.8,7,179.595,3.307,0.136,0.2797,1.014,35.808,6.234,0.0,0.049,7.315,171.984,5e-05,10.0,0.9989,2.073,0.272,-0.001,1.29,102.4,,2,Copernicus CAMS via Open-Meteo,Faisalabad_Winter_Peak_2023-11-20
Faisalabad,Autumn_Harvest,10,29.9,39.0,5.6,987.1,6,106.43,4.926,0.187,0.3436,0.921,45.03,7.638,0.0,0.1553,2.441,106.412,0.00013,16.0,0.9323,3.307,0.114,-0.035,0.55,39.6,,1,Copernicus CAMS via Open-Meteo,Faisalabad_Autumn_Harvest_2023-10-15
Faisalabad,Summer,5,21.7,32.0,8.1,984.4,1,74.253,13.534,-0.028,0.2876,0.767,68.43,27.867,0.0228,0.3286,1.193,74.253,0.00034,38.0,0.6805,45.027,-0.003,-0.19,0.15,46.1,,1,Copernicus CAMS via Open-Meteo,Faisalabad_Summer_2024-05-01
Faisalabad,Autumn_Harvest,10,23.0,59.0,9.4,985.2,6,93.922,7.378,0.262,0.3563,0.937,29.989,6.864,0.0,0.1444,2.327,93.606,0.00012,15.0,0.9639,2.659,0.097,-0.018,0.32,99.0,,2,Copernicus CAMS via Open-Meteo,Faisalabad_Autumn_Harvest_2023-10-05
Faisalabad,Monsoon,7,32.9,64.0,9.8,971.6,0,112.694,12.888,2.873,0.1193,0.982,94.255,20.387,0.0231,0.105,3.172,108.971,0.00043,28.0,1.0267,45.223,0.147,0.013,0.73,45.8,,1,Copernicus CAMS via Open-Meteo,Faisalabad_Monsoon_2024-07-25
Faisalabad,Autumn_Harvest,10,22.9,56.0,5.2,988.7,11,110.504,5.39,0.228,0.2838,0.84,35.82,7.825,0.0,0.2328,2.008,110.504,8e-05,19.0,0.7704,3.851,0.072,-0.13,0.32,40.4,,1,Copernicus CAMS via Open-Meteo,Faisalabad_Autumn_Harvest_2024-10-15
Faisalabad,Winter_Peak,11,18.2,75.0,13.6,994.9,6,165.204,15.845,-0.72,0.3149,0.958,43.924,18.358,0.0,0.0726,5.765,165.198,0.0001,60.0,0.9274,26.102,0.219,-0.038,1.18,70.5,,1,Copernicus CAMS via Open-Meteo,Faisalabad_Winter_Peak_2023-11-30
Faisalabad,Winter_Peak,1,8.2,95.0,3.6,998.4,15,187.162,2.335,-0.008,0.2825,1.03,50.527,6.961,0.0,0.062,6.709,175.631,6e-05,5.0,1.0655,2.57,0.31,0.032,1.47,191.9,,3,Copernicus CAMS via Open-Meteo,Faisalabad_Winter_Peak_2024-01-05
Faisalabad,Summer,5,32.0,49.0,13.5,984.4,3,164.24,26.684,0.163,0.3521,1.012,436.25,57.459,0.0823,0.0452,7.045,158.535,0.00105,75.0,1.004,240.148,0.243,0.002,0.7,40.0,,1,Copernicus CAMS via Open-Meteo,Faisalabad_Summer_2023-05-25
Faisalabad,Winter_Peak,12,13.9,61.0,6.9,992.5,11,84.626,10.761,0.557,0.2844,0.97,78.641,14.264,0.0001,0.0949,2.822,83.004,0.00045,27.0,0.974,12.409,0.082,-0.013,0.07,52.6,,1,Copernicus CAMS via Open-Meteo,Faisalabad_Winter_Peak_2024-12-05
Faisalabad,Summer,4,29.2,40.0,12.1,985.6,2,44.646,11.206,0.545,0.3052,0.656,44.804,11.578,0.0002,0.4678,0.653,44.646,0.00039,32.0,0.5396,8.881,-0.067,-0.299,0.25,31.0,,0,Copernicus CAMS via Open-Meteo,Faisalabad_Summer_2024-04-20
Faisalabad,Monsoon,8,29.5,83.0,6.1,983.2,2,129.508,14.371,1.886,0.1669,1.031,90.969,13.214,0.0022,0.1042,3.502,117.746,0.00028,45.0,1.0997,16.737,0.197,0.047,0.74,65.7,,1,Copernicus CAMS via Open-Meteo,Faisalabad_Monsoon_2023-08-20
Faisalabad,Summer,6,32.9,17.0,8.8,979.3,0,81.612,8.323,0.171,0.3262,0.738,62.14,11.117,0.0,0.3634,1.231,81.612,0.00019,21.0,0.6388,6.833,-0.01,-0.22,0.17,62.9,,1,Copernicus CAMS via Open-Meteo,Faisalabad_Summer_2024-06-10
Faisalabad,Monsoon,8,28.3,82.0,5.4,981.3,1,124.873,6.726,1.267,0.253,0.927,54.671,10.144,0.0,0.1179,3.382,124.872,0.00013,21.0,0.9001,7.573,0.138,-0.053,0.66,66.1,,1,Copernicus CAMS via Open-Meteo,Faisalabad_Monsoon_2024-08-25
Faisalabad,Monsoon,8,32.5,61.0,6.8,979.1,3,161.857,3.384,0.963,0.2404,0.954,59.767,8.662,0.0,0.097,4.852,161.808,8e-05,9.0,0.9629,5.063,0.225,-0.019,0.77,44.5,,1,Copernicus CAMS via Open-Meteo,Faisalabad_Monsoon_2024-08-12
Faisalabad,Winter_Peak,11,29.9,35.0,5.2,991.5,4,188.679,4.263,0.404,0.3175,1.015,57.703,7.747,0.0,0.0401,8.536,181.78,7e-05,13.0,1.0369,3.231,0.303,0.018,0.9,78.2,,2,Copernicus CAMS via Open-Meteo,Faisalabad_Winter_Peak_2023-11-05
Faisalabad,Summer,5,29.9,29.0,10.2,972.5,1,67.522,11.699,0.073,0.3186,0.747,61.8,26.158,0.0291,0.3908,1.005,67.522,0.00039,34.0,0.6126,44.796,-0.031,-0.24,0.14,72.4,,1,Copernicus CAMS via Open-Meteo,Faisalabad_Summer_2024-05-28
Faisalabad,Winter_Peak,12,21.4,39.0,6.4,995.5,6,66.539,13.254,0.702,0.2829,0.811,89.774,33.797,0.0788,0.2813,1.126,66.539,0.00063,41.0,0.7369,60.614,0.004,-0.151,0.17,43.7,,1,Copernicus CAMS via Open-Meteo,Faisalabad_Winter_Peak_2023-12-20
Faisalabad,Autumn_Harvest,10,25.9,44.0,8.7,984.3,11,109.486,8.816,0.126,0.3785,0.969,70.086,9.348,0.0,0.0716,4.222,108.676,0.00022,18.0,0.9594,4.929,0.126,-0.021,0.33,89.9,,2,Copernicus CAMS via Open-Meteo,Faisalabad_Autumn_Harvest_2023-10-05
Faisalabad,Winter_Peak,11,27.6,35.0,5.6,990.8,8,45.517,2.878,0.005,0.3652,0.958,75.804,8.392,0.0,0.1169,1.337,44.541,0.00133,6.0,0.9181,3.711,0.001,-0.043,1.56,150.9,,3,Copernicus CAMS via Open-Meteo,Faisalabad_Winter_Peak_2024-11-15
Faisalabad,Autumn_Harvest,9,29.6,71.0,5.5,983.9,8,171.663,12.021,-1.247,0.1527,0.944,100.183,15.986,0.0,0.0899,5.4,171.659,0.00015,50.0,0.9216,28.058,0.228,-0.041,0.44,28.8,,0,Copernicus CAMS via Open-Meteo,Faisalabad_Autumn_Harvest_2024-09-28
Faisalabad,Monsoon,8,27.8,93.0,5.9,980.2,0,121.129,16.168,1.007,0.2643,0.989,77.718,14.114,0.0012,0.0834,4.088,117.624,0.00029,46.0,1.023,16.577,0.163,0.011,0.39,10.6,,0,Copernicus CAMS via Open-Meteo,Faisalabad_Monsoon_2024-08-05
Faisalabad,Monsoon,8,34.2,60.0,11.4,984.4,0,137.191,13.146,2.005,0.1799,0.978,53.672,11.53,0.001,0.1383,3.236,131.324,0.00015,37.0,1.0436,13.88,0.2,0.021,0.75,56.1,,1,Copernicus CAMS via Open-Meteo,Faisalabad_Monsoon_2023-08-20
Faisalabad,Autumn_Harvest,9,28.0,67.0,5.5,984.4,4,136.315,12.234,2.354,0.1794,0.973,67.712,10.047,0.0,0.0577,5.566,135.929,0.00018,37.0,0.968,6.869,0.178,-0.016,0.49,85.0,,2,Copernicus CAMS via Open-Meteo,Faisalabad_Autumn_Harvest_2024-09-18
Faisalabad,Winter_Peak,12,12.9,62.0,6.5,991.9,6,85.084,10.443,0.645,0.2827,0.918,19.84,12.445,0.0,0.1755,1.904,84.868,0.00013,28.0,0.941,10.603,0.076,-0.03,0.06,38.5,,1,Copernicus CAMS via Open-Meteo,Faisalabad_Winter_Peak_2024-12-05
Faisalabad,Monsoon,8,29.1,81.0,10.9,982.3,1,125.435,6.475,1.318,0.2725,0.99,35.46,8.964,0.0,0.0884,3.937,121.39,0.0001,18.0,1.0303,6.103,0.173,0.015,0.7,56.1,,1,Copernicus CAMS via Open-Meteo,Faisalabad_Monsoon_2024-08-25
Faisalabad,Monsoon,8,35.4,47.0,4.8,984.7,3,128.983,5.936,0.031,0.3501,0.929,69.037,9.376,0.0,0.1178,3.609,128.95,0.00015,25.0,0.8843,5.018,0.14,-0.061,0.45,48.7,,1,Copernicus CAMS via Open-Meteo,Faisalabad_Monsoon_2023-08-30
Faisalabad,Monsoon,7,35.3,58.0,2.5,972.5,0,105.136,11.539,2.682,0.1661,0.931,113.157,19.758,0.0197,0.1264,2.891,105.047,0.00045,25.0,0.876,39.695,0.097,-0.066,0.97,51.2,,1,Copernicus CAMS via Open-Meteo,Faisalabad_Monsoon_2024-07-25
Faisalabad,Summer,5,30.7,19.0,6.8,971.6,0,74.119,13.239,0.086,0.3216,0.766,125.529,30.423,0.0351,0.3528,1.15,74.119,0.0006,38.0,0.6508,60.317,-0.013,-0.212,0.19,61.0,,1,Copernicus CAMS via Open-Meteo,Faisalabad_Summer_2024-05-28
Faisalabad,Monsoon,7,28.4,90.0,8.0,980.6,0,167.416,5.901,-1.073,0.2943,0.943,50.51,8.376,0.0,0.0923,5.15,167.416,7e-05,22.0,0.9265,4.364,0.222,-0.038,0.99,64.5,,1,Copernicus CAMS via Open-Meteo,Faisalabad_Monsoon_2023-07-25
Faisalabad,Winter_Peak,12,21.5,40.0,10.5,994.4,9,83.572,10.569,0.348,0.3173,0.855,94.217,23.153,0.0016,0.2224,1.601,83.572,0.00041,29.0,0.7921,28.073,0.041,-0.116,0.25,68.2,,1,Copernicus CAMS via Open-Meteo,Faisalabad_Winter_Peak_2023-12-10
Faisalabad,Winter_Peak,11,22.9,54.0,5.8,994.9,8,111.963,8.032,0.651,0.2967,0.983,19.184,8.377,0.0,0.0418,5.245,111.383,9e-05,23.0,0.973,4.219,0.133,-0.014,0.23,35.7,,1,Copernicus CAMS via Open-Meteo,Faisalabad_Winter_Peak_2024-11-25
Faisalabad,Autumn_Harvest,10,17.0,74.0,8.7,992.4,9,78.703,11.805,0.484,0.3048,0.838,19.208,14.651,0.0002,0.2421,1.516,78.703,0.0001,25.0,0.7872,13.276,0.033,-0.119,0.21,69.2,,1,Copernicus CAMS via Open-Meteo,Faisalabad_Autumn_Harvest_2023-10-25
Faisalabad,Winter_Peak,11,21.6,60.0,4.8,996.0,14,122.32,8.754,0.572,0.2751,1.05,73.094,11.087,0.0,0.0894,3.669,111.448,0.00024,24.0,1.0864,6.988,0.179,0.041,0.23,54.2,,1,Copernicus CAMS via Open-Meteo,Faisalabad_Winter_Peak_2024-11-25
Faisalabad,Winter_Peak,1,13.0,76.0,2.4,994.8,5,44.872,2.385,-0.007,0.2468,0.976,53.021,7.028,0.0,0.119,1.263,43.193,0.00096,6.0,1.013,2.602,0.009,0.006,0.91,119.7,,2,Copernicus CAMS via Open-Meteo,Faisalabad_Winter_Peak_2024-01-15
Faisalabad,Autumn_Harvest,10,29.2,42.0,4.0,995.7,8,81.268,12.319,0.484,0.2993,0.785,44.246,16.759,0.0003,0.3071,1.345,81.268,0.00017,28.0,0.715,17.214,0.016,-0.166,0.31,50.1,,1,Copernicus CAMS via Open-Meteo,Faisalabad_Autumn_Harvest_2023-10-25
Faisalabad,Winter_Peak,11,20.7,55.0,9.0,989.1,10,108.742,4.266,0.334,0.3365,0.951,24.343,6.277,0.0,0.0879,3.47,108.737,8e-05,14.0,0.9128,2.262,0.113,-0.046,0.12,46.8,,1,Copernicus CAMS via Open-Meteo,Faisalabad_Winter_Peak_2024-11-01
Faisalabad,Winter_Peak,11,18.9,75.0,7.8,992.9,9,182.935,3.15,0.526,0.2991,1.039,12.043,3.966,0.0,0.0643,6.314,171.154,2e-05,9.0,1.0507,0.903,0.296,0.025,1.21,163.4,,3,Copernicus CAMS via Open-Meteo,Faisalabad_Winter_Peak_2023-11-05
Faisalabad,Autumn_Harvest,10,19.1,85.0,10.7,988.7,4,131.282,5.726,0.203,0.3047,0.949,34.553,7.509,0.0,0.0981,3.94,131.266,8e-05,18.0,0.9015,3.342,0.149,-0.052,0.65,26.7,,0,Copernicus CAMS via Open-Meteo,Faisalabad_Autumn_Harvest_2023-10-15
Faisalabad,Autumn_Harvest,10,22.5,66.0,6.6,988.1,8,107.418,4.839,0.235,0.338,0.936,40.72,7.243,0.0,0.1155,2.948,107.413,0.00013,16.0,0.8844,2.992,0.103,-0.061,0.44,46.1,,1,Copernicus CAMS via Open-Meteo,Faisalabad_Autumn_Harvest_2023-10-15
Faisalabad,Winter_Peak,11,17.6,88.0,6.0,992.6,7,186.053,3.658,0.628,0.3306,1.047,17.109,4.628,0.0,0.0795,5.673,171.264,2e-05,11.0,1.0574,1.204,0.305,0.028,0.63,104.8,,2,Copernicus CAMS via Open-Meteo,Faisalabad_Winter_Peak_2023-11-05
Faisalabad,Monsoon,7,32.5,67.0,8.5,979.4,2,201.051,7.296,-1.333,0.2992,1.006,35.812,7.858,0.0,0.0242,10.934,197.294,4e-05,27.0,1.001,4.339,0.315,0.0,0.53,43.7,,1,Copernicus CAMS via Open-Meteo,Faisalabad_Monsoon_2023-07-25
Faisalabad,Autumn_Harvest,9,35.4,36.0,6.9,982.6,5,126.466,12.489,2.171,0.1768,0.942,44.906,9.356,0.0003,0.1145,3.499,126.436,0.00013,43.0,0.9465,7.088,0.154,-0.028,0.56,44.1,,1,Copernicus CAMS via Open-Meteo,Faisalabad_Autumn_Harvest_2024-09-18
Faisalabad,Summer,5,27.8,33.0,9.0,981.5,1,74.228,10.648,-0.475,0.3067,0.778,44.844,19.68,0.0105,0.321,1.183,74.228,0.00023,29.0,0.682,25.101,-0.002,-0.189,0.41,23.5,,0,Copernicus CAMS via Open-Meteo,Faisalabad_Summer_2024-05-18
Faisalabad,Winter_Peak,11,27.4,45.0,7.0,993.4,5,49.731,1.68,-0.005,0.3213,0.991,26.657,5.006,0.0,0.0605,1.989,48.631,0.00042,3.0,1.0012,1.321,0.018,0.001,1.67,187.7,,3,Copernicus CAMS via Open-Meteo,Faisalabad_Winter_Peak_2024-11-15
Faisalabad,Winter_Peak,12,9.4,94.0,7.6,996.8,7,58.861,11.682,0.713,0.2914,0.812,62.366,29.903,0.078,0.2836,0.999,58.861,0.00057,37.0,0.7569,47.853,-0.002,-0.138,0.08,40.2,,1,Copernicus CAMS via Open-Meteo,Faisalabad_Winter_Peak_2023-12-20
Faisalabad,Monsoon,7,29.1,80.0,3.8,971.5,3,113.68,12.266,2.68,0.1668,0.891,152.814,23.159,0.0189,0.1696,2.538,113.68,0.00045,28.0,0.8489,54.473,0.103,-0.082,1.16,37.1,,1,Copernicus CAMS via Open-Meteo,Faisalabad_Monsoon_2024-07-25
Faisalabad,Summer,6,30.3,59.0,7.6,976.8,0,155.486,7.337,1.361,0.0676,0.948,69.093,11.243,0.0023,0.0899,4.898,155.479,0.00013,10.0,0.9106,19.368,0.195,-0.047,0.54,32.9,,0,Copernicus CAMS via Open-Meteo,Faisalabad_Summer_2023-06-15
Faisalabad,Winter_Peak,11,28.9,41.0,5.9,991.2,17,153.971,3.742,0.276,0.3271,0.962,60.095,7.802,0.0,0.0673,5.693,153.94,9e-05,11.0,0.9527,3.255,0.207,-0.024,0.89,83.4,,2,Copernicus CAMS via Open-Meteo,Faisalabad_Winter_Peak_2023-11-05
Faisalabad,Winter_Peak,11,15.7,80.0,7.4,993.2,4,103.731,7.635,0.587,0.2753,0.988,48.148,9.726,0.0,0.0911,3.259,100.395,0.00019,22.0,1.0265,5.338,0.129,0.013,0.33,115.0,,2,Copernicus CAMS via Open-Meteo,Faisalabad_Winter_Peak_2024-11-25
Faisalabad,Autumn_Harvest,9,26.3,85.0,5.8,979.1,9,94.158,11.539,0.987,0.292,0.908,77.813,15.34,0.0043,0.1929,1.988,93.909,0.0003,29.0,0.9344,19.034,0.092,-0.034,0.6,85.2,,2,Copernicus CAMS via Open-Meteo,Faisalabad_Autumn_Harvest_2024-09-10
Faisalabad,Winter_Peak,11,14.9,88.0,11.5,993.8,10,172.044,16.938,-0.676,0.3373,0.967,105.721,21.561,0.0,0.1006,5.033,170.309,0.00017,64.0,0.997,32.455,0.256,-0.002,0.99,52.7,,1,Copernicus CAMS via Open-Meteo,Faisalabad_Winter_Peak_2023-11-30
Faisalabad,Autumn_Harvest,10,24.1,70.0,6.6,990.8,15,109.586,4.922,0.152,0.2981,0.964,32.03,6.755,0.0,0.064,4.199,109.543,0.0001,15.0,0.9417,2.597,0.122,-0.03,0.55,43.3,,1,Copernicus CAMS via Open-Meteo,Faisalabad_Autumn_Harvest_2023-10-15
Faisalabad,Monsoon,8,33.9,60.0,7.6,980.9,1,171.43,3.392,1.088,0.1774,1.002,49.607,8.164,0.0,0.1114,4.44,160.714,7e-05,9.0,1.0667,4.908,0.277,0.032,0.46,16.5,,0,Copernicus CAMS via Open-Meteo,Faisalabad_Monsoon_2024-08-12
Faisalabad,Autumn_Harvest,10,25.3,76.0,5.2,986.4,8,131.708,11.472,1.216,0.2569,0.997,40.645,10.922,0.0021,0.0365,6.388,129.697,0.00014,34.0,1.0096,11.493,0.181,0.005,0.77,60.1,,1,Copernicus CAMS via Open-Meteo,Faisalabad_Autumn_Harvest_2024-10-05
Faisalabad,Winter_Peak,12,18.9,60.0,7.8,995.1,10,94.115,7.103,-0.113,0.3237,0.966,20.505,11.624,0.0,0.0924,2.984,93.335,0.0001,21.0,0.9852,8.039,0.102,-0.007,0.35,59.4,,1,Copernicus CAMS via Open-Meteo,Faisalabad_Winter_Peak_2023-12-01
Faisalabad,Winter_Peak,1,4.7,97.0,0.8,995.4,6,46.432,3.001,-0.013,0.3608,0.995,81.575,8.729,0.0,0.1053,1.402,44.053,0.00151,7.0,0.9753,4.016,0.009,-0.012,0.95,169.5,,3,Copernicus CAMS via Open-Meteo,Faisalabad_Winter_Peak_2024-01-15
Faisalabad,Monsoon,7,35.4,58.0,2.9,976.1,0,163.486,10.284,0.552,0.2624,1.035,91.611,14.924,0.0,0.0604,6.077,153.635,0.00019,29.0,1.0522,21.04,0.256,0.025,1.11,55.3,,1,Copernicus CAMS via Open-Meteo,Faisalabad_Monsoon_2023-07-15
Faisalabad,Monsoon,8,27.7,76.0,7.6,982.4,0,114.956,5.323,0.074,0.3274,0.891,54.615,8.337,0.0,0.1664,2.552,114.956,0.00014,23.0,0.8483,4.106,0.105,-0.082,0.56,61.2,,1,Copernicus CAMS via Open-Meteo,Faisalabad_Monsoon_2023-08-30
Faisalabad,Summer,5,14.6,67.0,7.0,982.3,2,78.648,14.39,-0.016,0.3066,0.781,88.312,29.615,0.0273,0.3141,1.297,78.648,0.00041,40.0,0.6936,50.833,0.006,-0.181,0.3,25.0,,0,Copernicus CAMS via Open-Meteo,Faisalabad_Summer_2024-05-01
Faisalabad,Winter_Peak,1,4.6,97.0,0.7,995.2,10,43.704,1.561,-0.004,0.2999,0.991,23.225,4.685,0.0,0.0643,1.704,42.641,0.00048,4.0,0.9705,1.15,0.003,-0.015,1.0,160.7,,3,Copernicus CAMS via Open-Meteo,Faisalabad_Winter_Peak_2024-01-15
Faisalabad,Winter_Peak,11,32.5,29.0,11.9,990.8,6,132.035,4.978,0.397,0.3148,1.001,16.241,6.068,0.0,0.0269,7.08,130.067,5e-05,16.0,1.0095,2.226,0.181,0.005,0.15,27.6,,0,Copernicus CAMS via Open-Meteo,Faisalabad_Winter_Peak_2024-11-01
Faisalabad,Autumn_Harvest,10,21.0,62.0,5.1,993.6,11,92.28,13.92,0.553,0.2866,0.848,44.437,17.162,0.0003,0.2354,1.776,92.274,0.00016,29.0,0.7708,18.117,0.047,-0.129,0.13,82.9,,2,Copernicus CAMS via Open-Meteo,Faisalabad_Autumn_Harvest_2023-10-25
Faisalabad,Autumn_Harvest,10,27.3,42.0,5.9,988.1,9,101.186,4.873,0.261,0.3004,0.868,30.117,7.285,0.0,0.2054,1.97,101.186,9e-05,17.0,0.8333,3.345,0.079,-0.091,0.24,99.2,,2,Copernicus CAMS via Open-Meteo,Faisalabad_Autumn_Harvest_2024-10-15
Faisalabad,Monsoon,7,28.1,90.0,10.5,981.9,3,180.059,5.969,-1.053,0.2661,1.012,39.524,7.682,0.0,0.0308,9.048,175.005,6e-05,20.0,1.0273,3.719,0.282,0.013,1.28,48.8,,1,Copernicus CAMS via Open-Meteo,Faisalabad_Monsoon_2023-07-25
Faisalabad,Summer,6,37.7,38.0,8.2,976.0,3,147.031,18.731,0.201,0.3228,0.899,88.22,15.155,0.013,0.1565,3.445,147.031,0.00018,55.0,0.8631,27.056,0.163,-0.074,0.63,59.6,,1,Copernicus CAMS via Open-Meteo,Faisalabad_Summer_2024-06-20
Faisalabad,Winter_Peak,12,12.0,99.0,6.2,997.0,8,95.669,7.385,-0.109,0.3076,0.951,52.521,13.107,0.0,0.0921,3.093,95.511,0.00023,22.0,0.9184,9.954,0.091,-0.043,0.99,58.3,,1,Copernicus CAMS via Open-Meteo,Faisalabad_Winter_Peak_2023-12-01
Faisalabad,Summer,6,37.2,27.0,6.5,981.6,0,71.9,7.43,0.158,0.3217,0.772,58.436,9.909,0.0,0.3392,1.114,71.9,0.00025,18.0,0.6617,5.404,-0.011,-0.204,0.25,31.1,,0,Copernicus CAMS via Open-Meteo,Faisalabad_Summer_2024-06-10
Faisalabad,Monsoon,8,37.6,46.0,8.8,981.1,5,111.297,11.081,1.872,0.1906,0.949,55.143,10.592,0.0011,0.1234,2.94,110.819,0.0002,33.0,0.9739,10.503,0.132,-0.013,0.71,47.1,,1,Copernicus CAMS via Open-Meteo,Faisalabad_Monsoon_2023-08-20
Rawalpindi,Autumn_Harvest,9,22.8,68.0,4.3,948.9,3,105.381,11.096,-1.325,0.3902,1.004,15.46,6.936,0.0,0.0645,4.343,101.566,0.00011,34.0,1.0303,3.535,0.133,0.015,0.32,17.1,65.0,0,Copernicus CAMS via Open-Meteo,Rawalpindi_Autumn_Harvest_2024-09-18
Rawalpindi,Summer,5,27.4,20.0,15.0,938.3,2,62.892,19.51,-0.485,0.3501,0.763,62.014,30.388,0.047,0.3616,0.992,62.891,0.00066,68.0,0.6496,66.723,-0.023,-0.212,0.09,10.2,65.0,0,Copernicus CAMS via Open-Meteo,Rawalpindi_Summer_2024-05-28
Rawalpindi,Winter_Peak,1,7.6,70.0,4.3,956.2,0,127.583,12.298,-1.573,0.3503,0.947,23.784,14.246,0.0003,0.108,3.624,127.332,0.00012,42.0,0.9528,17.561,0.158,-0.024,0.31,53.3,65.0,1,Copernicus CAMS via Open-Meteo,Rawalpindi_Winter_Peak_2024-01-15
Rawalpindi,Summer,5,25.0,58.0,15.0,948.4,0,68.0,15.631,-0.477,0.3593,0.752,45.065,23.707,0.0128,0.3596,1.04,68.0,0.00036,59.0,0.6443,40.252,-0.02,-0.216,1.05,37.5,65.0,1,Copernicus CAMS via Open-Meteo,Rawalpindi_Summer_2023-05-25
Rawalpindi,Summer,5,22.1,56.0,6.0,947.3,0,62.061,17.983,-0.186,0.3327,0.752,82.003,30.2,0.037,0.3664,0.963,62.061,0.00067,61.0,0.6485,58.739,-0.024,-0.213,0.21,22.3,65.0,0,Copernicus CAMS via Open-Meteo,Rawalpindi_Summer_2024-05-01
Rawalpindi,Autumn_Harvest,10,20.2,64.0,7.4,952.1,1,111.106,12.122,-1.462,0.3409,0.991,64.902,9.868,0.0,0.0798,3.941,107.735,0.00027,48.0,0.9752,6.098,0.132,-0.013,0.19,36.0,65.0,1,Copernicus CAMS via Open-Meteo,Rawalpindi_Autumn_Harvest_2024-10-15
Rawalpindi,Winter_Peak,11,14.0,92.0,1.0,956.9,3,160.119,9.52,0.135,0.3542,0.996,122.079,19.708,0.0,0.0321,8.118,158.109,0.00023,28.0,0.9925,29.794,0.232,-0.004,0.91,72.4,65.0,1,Copernicus CAMS via Open-Meteo,Rawalpindi_Winter_Peak_2024-11-15
Rawalpindi,Summer,5,30.0,43.0,9.9,949.4,3,96.182,22.878,-0.29,0.3236,0.823,108.364,28.897,0.0083,0.2686,1.789,96.18,0.00043,70.0,0.757,59.978,0.048,-0.138,0.44,19.0,65.0,0,Copernicus CAMS via Open-Meteo,Rawalpindi_Summer_2024-05-18
Rawalpindi,Winter_Peak,11,19.1,60.0,1.5,957.9,2,107.213,21.708,-1.184,0.3825,0.963,35.668,15.661,0.0,0.0931,3.608,105.901,0.00027,78.0,0.9395,21.475,0.117,-0.031,0.15,21.7,65.0,0,Copernicus CAMS via Open-Meteo,Rawalpindi_Winter_Peak_2023-11-05
Rawalpindi,Winter_Peak,11,14.6,83.0,9.4,959.2,7,161.215,25.55,-1.378,0.2803,0.953,109.621,29.074,0.0005,0.0884,5.168,161.172,0.00026,90.0,0.9477,85.367,0.219,-0.027,0.47,24.2,65.0,0,Copernicus CAMS via Open-Meteo,Rawalpindi_Winter_Peak_2023-11-30
Rawalpindi,Autumn_Harvest,9,32.1,60.0,8.7,947.0,2,85.765,15.814,-0.181,0.3242,0.93,78.323,20.605,0.006,0.1679,2.132,84.322,0.00047,51.0,0.9483,35.999,0.079,-0.027,0.56,37.0,65.0,1,Copernicus CAMS via Open-Meteo,Rawalpindi_Autumn_Harvest_2024-09-10
Rawalpindi,Winter_Peak,12,4.9,81.0,10.3,954.4,5,77.916,21.563,-0.798,0.3427,0.816,85.371,31.476,0.0288,0.2842,1.362,77.907,0.00052,74.0,0.7333,73.526,0.017,-0.154,0.1,14.3,65.0,0,Copernicus CAMS via Open-Meteo,Rawalpindi_Winter_Peak_2023-12-10
Rawalpindi,Summer,6,32.8,27.0,5.5,948.8,3,79.822,16.175,-0.698,0.3682,0.762,46.583,14.852,0.0,0.3441,1.248,79.822,0.00023,54.0,0.6696,18.928,-0.001,-0.198,0.44,24.3,65.0,0,Copernicus CAMS via Open-Meteo,Rawalpindi_Summer_2023-06-05
Rawalpindi,Monsoon,8,31.2,67.0,5.9,948.5,0,133.143,16.938,1.167,0.2478,0.957,92.495,23.403,0.0179,0.0874,4.352,132.943,0.00031,54.0,0.9142,61.228,0.157,-0.045,0.7,43.1,65.0,1,Copernicus CAMS via Open-Meteo,Rawalpindi_Monsoon_2024-08-25
Rawalpindi,Summer,6,29.9,32.0,8.9,939.5,1,122.782,9.438,-1.364,0.3602,0.919,52.987,9.193,0.0,0.1479,2.936,122.779,0.00015,30.0,0.8512,5.502,0.119,-0.08,0.45,30.6,65.0,0,Copernicus CAMS via Open-Meteo,Rawalpindi_Summer_2024-06-20
Rawalpindi,Winter_Peak,11,26.4,34.0,10.9,956.8,2,89.481,19.551,-1.063,0.3918,0.971,56.78,15.469,0.001,0.0939,3.062,87.874,0.00046,68.0,0.9486,20.502,0.086,-0.026,0.22,21.5,65.0,0,Copernicus CAMS via Open-Meteo,Rawalpindi_Winter_Peak_2023-11-05
Rawalpindi,Summer,6,32.0,31.0,10.2,942.5,2,106.916,7.983,-1.366,0.407,0.933,25.728,6.776,0.0,0.1239,2.844,106.912,0.0001,25.0,0.8755,2.976,0.1,-0.066,0.37,25.6,65.0,0,Copernicus CAMS via Open-Meteo,Rawalpindi_Summer_2024-06-20
Rawalpindi,Autumn_Harvest,10,18.7,50.0,3.1,956.7,2,67.861,21.274,-0.576,0.3544,0.788,66.209,22.754,0.0118,0.326,1.139,67.852,0.00054,68.0,0.7087,41.727,-0.002,-0.17,0.18,16.5,65.0,0,Copernicus CAMS via Open-Meteo,Rawalpindi_Autumn_Harvest_2023-10-25
Rawalpindi,Monsoon,7,24.3,92.0,12.6,945.4,0,130.948,21.281,0.523,0.3326,0.991,61.141,16.753,0.0059,0.0892,4.187,126.617,0.00026,64.0,1.0311,27.827,0.185,0.015,1.84,35.4,65.0,1,Copernicus CAMS via Open-Meteo,Rawalpindi_Monsoon_2023-07-15
Rawalpindi,Autumn_Harvest,10,19.9,46.0,5.4,950.1,2,90.901,21.168,-0.692,0.3335,0.952,78.863,14.573,0.0004,0.1275,2.642,89.107,0.00047,69.0,0.9123,15.692,0.081,-0.046,0.13,9.3,65.0,0,Copernicus CAMS via Open-Meteo,Rawalpindi_Autumn_Harvest_2023-10-05
Rawalpindi,Winter_Peak,1,10.7,68.0,0.5,958.5,7,115.459,11.504,-1.59,0.3201,0.965,23.194,13.941,0.0005,0.0764,4.041,114.971,0.00011,39.0,0.9673,17.707,0.139,-0.017,0.37,58.8,65.0,1,Copernicus CAMS via Open-Meteo,Rawalpindi_Winter_Peak_2024-01-15
Rawalpindi,Summer,6,29.0,39.0,8.7,941.3,1,111.619,8.135,-1.055,0.3737,0.899,61.738,9.085,0.0,0.158,2.557,111.619,0.00017,28.0,0.8504,5.104,0.1,-0.081,0.37,26.0,65.0,0,Copernicus CAMS via Open-Meteo,Rawalpindi_Summer_2024-06-20
Rawalpindi,Monsoon,7,27.6,87.0,5.8,947.0,1,54.098,2.202,-0.014,0.2601,1.063,45.224,6.507,0.0,0.1134,1.419,48.031,0.00073,4.0,1.1047,2.226,0.036,0.05,0.69,61.0,65.0,1,Copernicus CAMS via Open-Meteo,Rawalpindi_Monsoon_2024-07-10
Rawalpindi,Autumn_Harvest,10,22.2,74.0,7.7,949.8,3,133.667,5.929,0.463,0.3133,1.017,65.182,9.546,0.0003,0.047,5.821,128.349,0.00016,19.0,1.0286,6.295,0.189,0.014,0.4,25.9,65.0,0,Copernicus CAMS via Open-Meteo,Rawalpindi_Autumn_Harvest_2024-10-05
Rawalpindi,Autumn_Harvest,10,17.6,84.0,8.4,954.6,3,154.06,6.482,-0.633,0.3403,1.057,68.006,8.848,0.0,0.0983,4.31,138.973,0.00014,23.0,1.106,4.374,0.251,0.05,0.59,24.3,65.0,0,Copernicus CAMS via Open-Meteo,Rawalpindi_Autumn_Harvest_2024-10-22
Rawalpindi,Autumn_Harvest,9,30.2,55.0,6.7,950.0,2,138.089,14.89,0.349,0.2823,0.945,91.786,16.548,0.0141,0.0968,4.206,138.035,0.00024,54.0,0.9341,29.236,0.172,-0.034,0.44,25.2,65.0,0,Copernicus CAMS via Open-Meteo,Rawalpindi_Autumn_Harvest_2024-09-28
Rawalpindi,Summer,5,25.9,31.0,9.5,947.9,0,69.917,20.217,-0.253,0.3369,0.796,57.273,29.859,0.0311,0.3084,1.196,69.917,0.00047,66.0,0.7369,59.77,0.008,-0.151,0.18,15.5,65.0,0,Copernicus CAMS via Open-Meteo,Rawalpindi_Summer_2024-05-01
Rawalpindi,Winter_Peak,11,14.5,78.0,12.1,951.7,0,71.812,19.601,-0.455,0.321,0.907,69.719,15.205,0.0007,0.1725,1.787,71.331,0.00073,68.0,0.8493,18.392,0.036,-0.081,0.1,13.0,65.0,0,Copernicus CAMS via Open-Meteo,Rawalpindi_Winter_Peak_2024-11-01
Rawalpindi,Autumn_Harvest,10,21.1,42.0,6.8,950.1,4,86.462,19.443,-0.671,0.3212,0.915,67.815,14.519,0.0006,0.1612,2.174,85.954,0.00047,68.0,0.8573,16.778,0.061,-0.077,0.14,9.2,65.0,0,Copernicus CAMS via Open-Meteo,Rawalpindi_Autumn_Harvest_2023-10-05
Rawalpindi,Monsoon,8,27.9,78.0,6.0,944.7,4,164.281,18.178,-0.43,0.3,0.963,127.096,29.64,0.0,0.0648,6.19,164.189,0.00027,66.0,0.9537,68.382,0.226,-0.024,0.78,34.7,65.0,0,Copernicus CAMS via Open-Meteo,Rawalpindi_Monsoon_2024-08-12
Rawalpindi,Winter_Peak,11,11.1,88.0,4.7,957.0,1,149.039,23.503,-1.367,0.2784,0.964,86.476,25.701,0.0006,0.0736,5.316,148.999,0.00025,80.0,0.9288,63.845,0.19,-0.037,0.6,14.8,65.0,0,Copernicus CAMS via Open-Meteo,Rawalpindi_Winter_Peak_2023-11-30
Rawalpindi,Monsoon,8,28.6,74.0,6.4,949.0,1,141.242,18.127,1.129,0.2464,0.998,100.813,23.88,0.0195,0.0427,6.552,138.481,0.00034,56.0,1.0103,62.854,0.2,0.005,0.83,34.6,65.0,0,Copernicus CAMS via Open-Meteo,Rawalpindi_Monsoon_2024-08-25
Rawalpindi,Winter_Peak,1,13.7,61.0,2.0,958.4,4,118.559,11.38,-1.544,0.3158,0.942,31.542,13.885,0.0006,0.1074,3.413,118.502,0.00011,40.0,0.8943,16.33,0.125,-0.056,0.37,66.4,65.0,1,Copernicus CAMS via Open-Meteo,Rawalpindi_Winter_Peak_2024-01-15
Rawalpindi,Summer,5,28.6,17.0,17.9,938.4,0,60.747,18.814,-0.503,0.3379,0.719,107.838,32.663,0.0464,0.396,0.921,60.747,0.00082,71.0,0.6301,75.61,-0.031,-0.227,0.09,11.8,65.0,0,Copernicus CAMS via Open-Meteo,Rawalpindi_Summer_2024-05-28
Rawalpindi,Winter_Peak,11,19.8,67.0,3.0,959.4,3,181.62,10.937,0.194,0.3315,0.973,142.098,21.912,0.0,0.0526,7.633,181.384,0.00021,33.0,0.9509,39.73,0.258,-0.025,0.94,71.2,65.0,1,Copernicus CAMS via Open-Meteo,Rawalpindi_Winter_Peak_2024-11-15
Rawalpindi,Autumn_Harvest,9,28.7,46.0,1.1,952.0,4,91.503,17.899,0.577,0.29,0.904,61.892,14.532,0.0007,0.1677,2.146,91.414,0.00029,55.0,0.8441,17.848,0.066,-0.085,0.54,27.6,65.0,0,Copernicus CAMS via Open-Meteo,Rawalpindi_Autumn_Harvest_2023-09-25
Rawalpindi,Autumn_Harvest,9,27.7,65.0,2.6,952.0,4,134.621,14.737,0.366,0.2822,0.968,91.104,15.803,0.0138,0.0685,4.973,134.255,0.00027,51.0,0.9365,25.207,0.166,-0.033,0.45,26.0,65.0,0,Copernicus CAMS via Open-Meteo,Rawalpindi_Autumn_Harvest_2024-09-28
Rawalpindi,Autumn_Harvest,10,27.0,47.0,8.2,951.8,1,98.056,10.569,-1.463,0.3378,0.967,80.281,10.414,0.0,0.1429,2.459,94.459,0.00036,43.0,1.0147,6.796,0.115,0.007,0.19,24.2,65.0,0,Copernicus CAMS via Open-Meteo,Rawalpindi_Autumn_Harvest_2024-10-15
Rawalpindi,Autumn_Harvest,10,21.1,75.0,6.7,948.9,5,162.365,6.639,-0.112,0.3287,1.02,75.27,10.212,0.0,0.1064,4.314,149.085,0.00013,23.0,1.089,6.95,0.264,0.043,0.37,33.6,65.0,0,Copernicus CAMS via Open-Meteo,Rawalpindi_Autumn_Harvest_2024-10-05
Rawalpindi,Winter_Peak,11,16.7,84.0,8.4,953.7,2,74.962,20.249,-0.428,0.3067,0.897,57.73,15.621,0.0004,0.1848,1.739,74.664,0.00059,72.0,0.8268,18.392,0.036,-0.095,0.11,45.6,65.0,1,Copernicus CAMS via Open-Meteo,Rawalpindi_Winter_Peak_2024-11-01
Rawalpindi,Autumn_Harvest,10,19.9,46.0,5.4,950.1,2,84.682,19.198,-0.657,0.3248,0.893,74.086,15.309,0.0005,0.1847,1.928,84.428,0.00049,69.0,0.8357,18.554,0.053,-0.09,0.13,9.3,65.0,0,Copernicus CAMS via Open-Meteo,Rawalpindi_Autumn_Harvest_2023-10-05
Rawalpindi,Summer,5,15.1,65.0,13.6,946.0,1,68.978,19.062,-0.179,0.3333,0.775,63.915,29.672,0.0273,0.3313,1.127,68.978,0.00049,64.0,0.7074,60.707,-0.001,-0.171,0.22,15.5,65.0,0,Copernicus CAMS via Open-Meteo,Rawalpindi_Summer_2024-05-01
Rawalpindi,Autumn_Harvest,10,23.4,70.0,10.6,956.1,3,148.297,6.12,-0.705,0.3337,1.019,67.301,8.995,0.0,0.0468,6.459,142.202,0.00014,23.0,1.0308,4.873,0.219,0.015,0.82,67.5,65.0,1,Copernicus CAMS via Open-Meteo,Rawalpindi_Autumn_Harvest_2024-10-22
Rawalpindi,Monsoon,7,26.9,86.0,4.3,945.6,0,144.887,22.938,0.529,0.3285,1.003,37.065,16.484,0.0051,0.0612,5.386,139.691,0.00018,67.0,0.9747,29.38,0.197,-0.013,0.58,52.6,65.0,1,Copernicus CAMS via Open-Meteo,Rawalpindi_Monsoon_2023-07-15
Rawalpindi,Monsoon,8,25.2,93.0,3.9,945.5,3,130.538,21.488,0.806,0.2765,0.911,40.364,12.928,0.002,0.1466,3.175,130.534,0.00015,62.0,0.8891,23.058,0.144,-0.059,0.62,32.0,65.0,0,Copernicus CAMS via Open-Meteo,Rawalpindi_Monsoon_2024-08-05
Rawalpindi,Monsoon,8,34.0,41.0,3.7,948.4,0,80.147,11.048,-0.748,0.3721,0.868,24.573,8.095,0.0,0.2082,1.605,80.147,0.00016,35.0,0.8326,4.409,0.046,-0.091,0.33,30.2,65.0,0,Copernicus CAMS via Open-Meteo,Rawalpindi_Monsoon_2023-08-30
Rawalpindi,Summer,5,32.4,33.0,8.1,949.6,3,85.285,19.111,-0.502,0.3503,0.821,74.945,25.391,0.0102,0.2989,1.422,85.28,0.00038,66.0,0.7009,45.739,0.016,-0.176,0.73,41.8,65.0,1,Copernicus CAMS via Open-Meteo,Rawalpindi_Summer_2023-05-25
Rawalpindi,Winter_Peak,12,12.6,53.0,9.3,957.5,4,82.576,37.019,0.232,0.2972,0.885,200.269,44.072,0.094,0.2204,2.12,82.059,0.00125,118.0,0.8409,137.036,0.051,-0.086,0.1,66.6,65.0,1,Copernicus CAMS via Open-Meteo,Rawalpindi_Winter_Peak_2023-12-20
Rawalpindi,Winter_Peak,11,11.4,81.0,2.8,955.8,2,76.283,18.095,-0.395,0.3241,0.935,70.451,23.234,0.0104,0.1387,2.2,75.157,0.00061,63.0,0.9022,38.615,0.053,-0.051,0.21,29.8,65.0,0,Copernicus CAMS via Open-Meteo,Rawalpindi_Winter_Peak_2024-11-25
Rawalpindi,Monsoon,8,28.5,84.0,3.7,944.9,0,154.113,20.919,-1.538,0.2177,1.053,137.973,33.465,0.0217,0.0852,4.588,141.221,0.00047,67.0,1.0892,100.114,0.247,0.043,0.56,47.0,65.0,1,Copernicus CAMS via Open-Meteo,Rawalpindi_Monsoon_2023-08-05
Rawalpindi,Winter_Peak,11,16.5,63.0,1.8,957.1,2,103.58,21.043,-1.185,0.3872,0.986,22.436,14.309,0.0,0.0715,4.344,101.413,0.00026,74.0,0.9839,19.273,0.12,-0.008,0.15,22.5,65.0,0,Copernicus CAMS via Open-Meteo,Rawalpindi_Winter_Peak_2023-11-05
Rawalpindi,Autumn_Harvest,9,20.7,80.0,4.7,950.9,3,96.788,19.256,0.481,0.2971,0.86,59.997,15.208,0.0003,0.2199,1.913,96.782,0.00022,64.0,0.8202,19.792,0.068,-0.099,0.54,25.5,65.0,0,Copernicus CAMS via Open-Meteo,Rawalpindi_Autumn_Harvest_2023-09-25
Rawalpindi,Autumn_Harvest,9,30.0,58.0,8.7,949.3,5,152.268,15.913,0.389,0.2681,0.968,100.043,17.608,0.0156,0.0686,5.642,151.809,0.00024,57.0,0.9702,33.005,0.209,-0.015,0.43,25.9,65.0,0,Copernicus CAMS via Open-Meteo,Rawalpindi_Autumn_Harvest_2024-09-28
Rawalpindi,Monsoon,7,28.5,83.0,3.4,946.1,0,51.998,1.356,-0.013,0.3537,1.05,18.595,4.138,0.0,0.1023,1.41,46.746,0.00031,3.0,1.1112,0.91,0.032,0.053,0.62,62.6,65.0,1,Copernicus CAMS via Open-Meteo,Rawalpindi_Monsoon_2024-07-10
Rawalpindi,Summer,4,24.7,53.0,11.9,950.9,1,129.874,28.028,-0.118,0.3618,0.971,106.13,16.633,0.0072,0.0714,5.344,128.973,0.00039,77.0,0.9455,38.008,0.16,-0.028,0.37,31.1,65.0,0,Copernicus CAMS via Open-Meteo,Rawalpindi_Summer_2024-04-20
Rawalpindi,Monsoon,8,24.1,97.0,4.0,946.2,2,155.864,17.331,-0.417,0.3053,1.057,68.691,24.081,0.0,0.093,4.357,141.443,0.00023,55.0,1.101,46.281,0.254,0.048,0.47,22.4,65.0,0,Copernicus CAMS via Open-Meteo,Rawalpindi_Monsoon_2024-08-12
Rawalpindi,Winter_Peak,11,15.9,76.0,9.2,959.3,1,181.862,27.228,-1.409,0.2679,1.047,106.657,26.686,0.0005,0.0792,5.627,167.409,0.00027,85.0,1.0618,67.443,0.297,0.03,0.54,34.3,65.0,0,Copernicus CAMS via Open-Meteo,Rawalpindi_Winter_Peak_2023-11-30
Rawalpindi,Summer,6,22.0,45.0,6.5,944.4,0,64.077,13.882,-0.374,0.3328,0.761,47.27,14.553,0.0009,0.3576,1.011,64.076,0.00036,52.0,0.6398,16.19,-0.025,-0.22,0.12,14.8,65.0,0,Copernicus CAMS via Open-Meteo,Rawalpindi_Summer_2024-06-10
Rawalpindi,Winter_Peak,1,13.3,65.0,4.0,958.4,1,154.34,19.852,0.671,0.2784,1.015,55.422,12.176,0.0005,0.0589,6.005,147.053,0.0002,64.0,1.0477,12.533,0.236,0.023,0.4,93.1,65.0,2,Copernicus CAMS via Open-Meteo,Rawalpindi_Winter_Peak_2024-01-05
Rawalpindi,Summer,6,24.1,74.0,11.5,945.4,0,135.454,33.761,0.125,0.2963,0.909,300.926,45.909,0.0583,0.1584,3.78,135.399,0.00074,94.0,0.8789,158.41,0.149,-0.064,0.62,26.6,65.0,0,Copernicus CAMS via Open-Meteo,Rawalpindi_Summer_2023-06-15
Rawalpindi,Autumn_Harvest,10,17.8,79.0,6.0,954.9,5,143.473,5.572,-0.856,0.3382,1.012,12.419,5.344,0.0,0.0476,5.936,138.24,4e-05,22.0,1.0,2.132,0.201,0.0,0.62,21.7,65.0,0,Copernicus CAMS via Open-Meteo,Rawalpindi_Autumn_Harvest_2024-10-22
Rawalpindi,Monsoon,8,32.2,62.0,5.0,946.4,0,138.996,17.357,1.194,0.2491,0.926,79.153,23.239,0.0123,0.1247,3.659,138.993,0.00023,58.0,0.9087,61.463,0.165,-0.048,0.81,44.2,65.0,1,Copernicus CAMS via Open-Meteo,Rawalpindi_Monsoon_2024-08-25
Rawalpindi,Monsoon,8,34.7,53.0,3.3,947.1,1,109.166,14.395,1.62,0.1886,0.947,54.722,13.461,0.008,0.1125,3.227,108.71,0.00021,35.0,0.9529,24.717,0.123,-0.024,0.71,54.2,65.0,1,Copernicus CAMS via Open-Meteo,Rawalpindi_Monsoon_2023-08-20
Rawalpindi,Winter_Peak,12,13.8,50.0,4.3,954.8,1,99.178,21.418,-0.494,0.3625,0.963,49.153,20.562,0.0022,0.109,3.308,97.134,0.00038,72.0,0.9292,33.411,0.1,-0.037,0.13,73.6,65.0,1,Copernicus CAMS via Open-Meteo,Rawalpindi_Winter_Peak_2024-12-05
Rawalpindi,Summer,5,26.9,50.0,19.8,947.7,0,83.897,18.961,-0.495,0.3452,0.789,42.668,26.424,0.0103,0.314,1.358,83.897,0.00027,69.0,0.6905,53.376,0.011,-0.183,0.47,27.6,65.0,0,Copernicus CAMS via Open-Meteo,Rawalpindi_Summer_2023-05-25
Rawalpindi,Monsoon,7,24.4,94.0,10.3,948.5,1,46.727,2.21,-0.003,0.3627,0.991,46.067,6.508,0.0,0.0765,1.676,45.247,0.00082,5.0,0.9859,2.25,0.01,-0.007,0.97,44.0,65.0,1,Copernicus CAMS via Open-Meteo,Rawalpindi_Monsoon_2024-07-10
Rawalpindi,Summer,6,31.6,36.0,5.2,947.5,0,77.536,16.531,-0.631,0.3655,0.798,35.727,14.715,0.0003,0.299,1.313,77.536,0.00023,52.0,0.7293,17.791,0.016,-0.157,0.33,20.2,65.0,0,Copernicus CAMS via Open-Meteo,Rawalpindi_Summer_2023-06-05
Rawalpindi,Autumn_Harvest,9,28.9,61.0,0.5,951.7,2,144.278,16.435,0.265,0.2817,0.993,102.98,17.554,0.0168,0.0424,6.602,142.263,0.00028,56.0,0.9804,31.643,0.197,-0.01,0.44,24.6,65.0,0,Copernicus CAMS via Open-Meteo,Rawalpindi_Autumn_Harvest_2024-09-28
Rawalpindi,Monsoon,8,26.4,74.0,7.6,947.9,2,96.55,13.448,-0.738,0.3546,0.868,28.602,9.934,0.0,0.2416,1.77,96.544,0.00014,43.0,0.8768,6.74,0.083,-0.066,0.24,45.1,65.0,1,Copernicus CAMS via Open-Meteo,Rawalpindi_Monsoon_2023-08-30
Rawalpindi,Autumn_Harvest,10,30.2,54.0,6.5,952.7,3,145.391,6.179,0.744,0.3002,1.008,17.858,7.06,0.0005,0.0506,5.977,140.195,5e-05,21.0,1.0361,5.684,0.215,0.018,0.48,41.7,65.0,1,Copernicus CAMS via Open-Meteo,Rawalpindi_Autumn_Harvest_2024-10-05
Rawalpindi,Monsoon,7,27.9,77.0,6.2,944.8,0,46.186,2.207,-0.0,0.2742,1.016,44.758,6.465,0.0,0.0849,1.531,43.425,0.00087,5.0,1.0413,2.198,0.014,0.02,0.48,47.0,65.0,1,Copernicus CAMS via Open-Meteo,Rawalpindi_Monsoon_2024-07-10
Rawalpindi,Monsoon,8,25.0,93.0,4.3,946.6,2,167.661,18.163,-0.451,0.3064,1.013,107.078,27.854,0.0003,0.0423,7.36,161.683,0.00026,61.0,1.0029,61.069,0.25,0.001,0.5,22.4,65.0,0,Copernicus CAMS via Open-Meteo,Rawalpindi_Monsoon_2024-08-12
Rawalpindi,Autumn_Harvest,9,20.8,93.0,10.5,950.0,2,151.601,16.567,0.281,0.2861,1.003,53.694,15.736,0.0165,0.0468,6.429,147.39,0.0002,56.0,0.9818,30.146,0.212,-0.009,0.81,34.5,65.0,0,Copernicus CAMS via Open-Meteo,Rawalpindi_Autumn_Harvest_2024-09-28
Rawalpindi,Summer,5,26.8,51.0,15.5,948.7,0,72.495,16.921,-0.541,0.3671,0.787,84.641,24.384,0.0117,0.3125,1.185,72.493,0.00051,62.0,0.7243,40.938,0.008,-0.16,1.02,34.8,65.0,0,Copernicus CAMS via Open-Meteo,Rawalpindi_Summer_2023-05-25
Rawalpindi,Autumn_Harvest,9,27.2,81.0,5.4,947.6,1,81.874,11.762,-0.207,0.3208,0.874,40.888,16.671,0.0035,0.2023,1.664,81.706,0.00024,45.0,0.8243,21.408,0.046,-0.096,0.96,74.3,65.0,1,Copernicus CAMS via Open-Meteo,Rawalpindi_Autumn_Harvest_2023-09-15
Rawalpindi,Monsoon,7,30.1,70.0,4.5,949.0,2,131.349,19.37,0.267,0.276,0.993,40.079,13.683,0.0008,0.0436,6.316,129.346,0.00015,70.0,0.9949,16.704,0.176,-0.003,0.98,45.5,65.0,1,Copernicus CAMS via Open-Meteo,Rawalpindi_Monsoon_2023-07-25
Rawalpindi,Winter_Peak,12,5.5,86.0,9.7,954.8,1,70.693,19.836,-0.797,0.3455,0.808,56.816,28.732,0.0313,0.3096,1.168,70.687,0.00046,68.0,0.7012,60.356,-0.0,-0.176,0.13,25.2,65.0,0,Copernicus CAMS via Open-Meteo,Rawalpindi_Winter_Peak_2023-12-10
Rawalpindi,Summer,6,28.4,34.0,9.0,945.4,0,70.317,15.128,-0.49,0.3625,0.772,48.424,14.228,0.0007,0.3255,1.14,70.309,0.0003,58.0,0.69,15.254,-0.004,-0.183,0.34,21.0,65.0,0,Copernicus CAMS via Open-Meteo,Rawalpindi_Summer_2024-06-10
Rawalpindi,Summer,5,29.4,44.0,6.9,946.6,0,85.492,20.722,-0.256,0.3217,0.812,94.233,26.826,0.0095,0.2836,1.527,85.492,0.00044,65.0,0.7483,50.906,0.031,-0.144,0.45,28.1,65.0,0,Copernicus CAMS via Open-Meteo,Rawalpindi_Summer_2024-05-18
Rawalpindi,Winter_Peak,12,6.4,68.0,9.1,959.0,2,70.974,32.195,0.176,0.3087,0.842,85.388,37.275,0.0746,0.2772,1.4,70.913,0.00071,109.0,0.8058,100.841,0.026,-0.108,0.06,22.0,65.0,0,Copernicus CAMS via Open-Meteo,Rawalpindi_Winter_Peak_2023-12-20
Rawalpindi,Autumn_Harvest,10,19.4,71.0,6.1,957.0,4,151.061,6.274,-0.648,0.3276,0.998,68.855,9.106,0.0,0.0664,5.551,146.042,0.00013,25.0,1.0296,4.934,0.225,0.015,0.65,35.3,65.0,1,Copernicus CAMS via Open-Meteo,Rawalpindi_Autumn_Harvest_2024-10-22
Rawalpindi,Monsoon,7,27.0,82.0,6.5,945.9,0,138.442,20.833,0.537,0.3279,1.054,32.896,14.525,0.0042,0.0943,3.845,125.259,0.00015,56.0,1.0636,21.384,0.208,0.031,1.83,44.8,65.0,1,Copernicus CAMS via Open-Meteo,Rawalpindi_Monsoon_2023-07-15
Rawalpindi,Autumn_Harvest,10,26.7,44.0,8.0,959.7,2,70.376,19.162,-0.7,0.3353,0.768,65.763,22.434,0.0089,0.3462,1.13,70.376,0.00048,66.0,0.6758,42.076,-0.008,-0.193,0.2,19.8,65.0,0,Copernicus CAMS via Open-Meteo,Rawalpindi_Autumn_Harvest_2023-10-25
Rawalpindi,Monsoon,7,28.2,83.0,3.0,946.1,1,147.832,21.607,0.269,0.2905,1.047,67.308,15.444,0.0007,0.0981,4.292,133.988,0.00018,70.0,1.1025,20.889,0.237,0.049,1.0,51.8,65.0,1,Copernicus CAMS via Open-Meteo,Rawalpindi_Monsoon_2023-07-25
Rawalpindi,Winter_Peak,1,13.7,61.0,2.0,958.4,4,122.242,11.98,-1.598,0.3212,0.978,22.461,13.958,0.0006,0.0489,5.429,121.76,0.00011,40.0,0.966,18.428,0.151,-0.017,0.37,66.4,65.0,1,Copernicus CAMS via Open-Meteo,Rawalpindi_Winter_Peak_2024-01-15
Rawalpindi,Monsoon,8,25.7,86.0,5.4,947.2,1,149.145,16.711,-0.416,0.3057,1.002,81.124,25.009,0.0,0.0512,6.228,144.916,0.00024,57.0,1.028,48.517,0.22,0.014,0.96,37.6,65.0,1,Copernicus CAMS via Open-Meteo,Rawalpindi_Monsoon_2024-08-12
Rawalpindi,Summer,4,22.2,65.0,12.1,952.0,2,144.694,33.464,-0.104,0.3579,0.979,101.742,18.708,0.0103,0.1075,4.18,140.397,0.00031,97.0,1.0166,54.475,0.208,0.008,0.38,16.8,65.0,0,Copernicus CAMS via Open-Meteo,Rawalpindi_Summer_2024-04-20
Rawalpindi,Monsoon,7,28.3,79.0,7.4,937.9,0,100.665,15.97,0.358,0.2788,0.895,148.378,29.387,0.0319,0.1734,2.281,100.624,0.00064,49.0,0.8527,80.346,0.083,-0.08,1.0,68.2,65.0,1,Copernicus CAMS via Open-Meteo,Rawalpindi_Monsoon_2024-07-25
Rawalpindi,Monsoon,7,23.9,92.0,15.1,938.9,0,104.426,17.32,0.296,0.2776,0.924,116.744,29.497,0.0319,0.1494,2.597,104.29,0.00055,51.0,0.8583,82.322,0.091,-0.076,1.2,53.1,65.0,1,Copernicus CAMS via Open-Meteo,Rawalpindi_Monsoon_2024-07-25
Rawalpindi,Autumn_Harvest,10,21.8,69.0,3.2,952.7,1,98.851,13.384,-1.283,0.3684,0.868,20.642,10.066,0.0,0.2063,1.973,98.851,0.00013,46.0,0.8185,8.503,0.071,-0.1,0.25,22.2,65.0,0,Copernicus CAMS via Open-Meteo,Rawalpindi_Autumn_Harvest_2023-10-15
Rawalpindi,Autumn_Harvest,9,24.7,77.0,6.7,949.6,3,153.241,16.789,0.309,0.2805,1.002,79.911,16.465,0.015,0.0339,7.597,150.317,0.00022,57.0,0.9983,30.464,0.22,-0.001,0.39,42.1,65.0,1,Copernicus CAMS via Open-Meteo,Rawalpindi_Autumn_Harvest_2024-09-28
Rawalpindi,Summer,5,14.3,67.0,6.5,945.8,0,68.245,19.662,-0.182,0.3334,0.792,62.584,30.456,0.0353,0.3106,1.161,68.245,0.00052,63.0,0.7164,60.217,0.001,-0.165,0.35,21.2,65.0,0,Copernicus CAMS via Open-Meteo,Rawalpindi_Summer_2024-05-01
Rawalpindi,Summer,6,32.8,38.0,6.8,945.0,2,128.658,32.098,0.099,0.3097,0.916,272.912,45.958,0.0685,0.1636,3.305,128.423,0.00083,87.0,0.8495,150.013,0.128,-0.081,0.65,30.6,65.0,0,Copernicus CAMS via Open-Meteo,Rawalpindi_Summer_2023-06-15
Rawalpindi,Winter_Peak,12,6.6,83.0,9.1,955.5,1,77.046,19.939,-0.843,0.3264,0.748,110.817,32.111,0.0246,0.3699,1.176,77.045,0.0006,75.0,0.6408,79.841,-0.014,-0.219,0.16,39.8,65.0,1,Copernicus CAMS via Open-Meteo,Rawalpindi_Winter_Peak_2023-12-10
Rawalpindi,Autumn_Harvest,10,29.6,54.0,2.0,950.9,8,148.39,6.495,0.499,0.3128,1.029,30.061,7.785,0.0002,0.0526,5.984,140.773,7e-05,21.0,1.0401,5.286,0.222,0.02,0.68,37.5,65.0,1,Copernicus CAMS via Open-Meteo,Rawalpindi_Autumn_Harvest_2024-10-05
Rawalpindi,Winter_Peak,1,5.2,94.0,11.2,956.3,3,122.518,12.172,-1.557,0.3355,0.943,43.34,15.509,0.0006,0.106,3.574,122.45,0.00015,41.0,0.8959,18.921,0.132,-0.055,0.59,133.6,65.0,2,Copernicus CAMS via Open-Meteo,Rawalpindi_Winter_Peak_2024-01-15
Rawalpindi,Winter_Peak,12,18.0,47.0,17.6,953.7,2,72.807,20.551,-0.789,0.336,0.768,60.842,32.829,0.0336,0.3481,1.138,72.806,0.00045,76.0,0.6647,78.375,-0.009,-0.201,0.11,20.4,65.0,0,Copernicus CAMS via Open-Meteo,Rawalpindi_Winter_Peak_2023-12-10
Rawalpindi,Winter_Peak,11,19.8,59.0,9.4,959.1,2,124.885,14.501,-1.618,0.3053,0.959,41.052,11.678,0.0,0.1083,3.741,123.459,0.00014,47.0,0.9785,11.168,0.159,-0.011,0.36,48.8,65.0,1,Copernicus CAMS via Open-Meteo,Rawalpindi_Winter_Peak_2023-11-20
Rawalpindi,Summer,6,34.0,35.0,10.2,945.6,1,137.506,34.457,-0.063,0.3259,0.898,319.391,47.877,0.0628,0.1851,3.219,137.486,0.00078,95.0,0.8278,165.673,0.134,-0.094,0.75,33.8,65.0,0,Copernicus CAMS via Open-Meteo,Rawalpindi_Summer_2023-06-15
Rawalpindi,Autumn_Harvest,9,25.1,69.0,7.0,950.7,2,82.648,15.987,0.658,0.2914,0.857,18.909,12.927,0.0007,0.2243,1.612,82.647,0.00014,53.0,0.8176,16.625,0.046,-0.1,0.33,30.7,65.0,0,Copernicus CAMS via Open-Meteo,Rawalpindi_Autumn_Harvest_2023-09-25
Rawalpindi,Winter_Peak,11,17.2,79.0,11.2,956.0,1,157.48,8.677,0.068,0.3696,0.956,61.594,17.905,0.0,0.0805,5.2,157.48,0.00013,25.0,0.9195,28.663,0.202,-0.042,0.83,74.0,65.0,1,Copernicus CAMS via Open-Meteo,Rawalpindi_Winter_Peak_2024-11-15
Rawalpindi,Autumn_Harvest,10,14.5,73.0,7.4,956.5,3,67.734,19.991,-0.557,0.3369,0.788,53.442,24.471,0.0148,0.3216,1.148,67.726,0.00046,66.0,0.722,47.588,0.002,-0.161,0.14,31.9,65.0,0,Copernicus CAMS via Open-Meteo,Rawalpindi_Autumn_Harvest_2023-10-25
Rawalpindi,Autumn_Harvest,10,22.8,63.0,6.4,951.8,3,120.568,11.254,-1.724,0.3274,0.999,15.052,6.878,0.0,0.0662,4.613,116.946,0.00011,46.0,0.9845,3.755,0.153,-0.008,0.18,33.8,65.0,0,Copernicus CAMS via Open-Meteo,Rawalpindi_Autumn_Harvest_2024-10-15
Rawalpindi,Monsoon,8,26.3,90.0,4.7,945.9,0,136.055,17.738,1.149,0.2526,0.974,105.225,23.728,0.0191,0.076,4.854,134.781,0.00034,55.0,0.989,63.727,0.184,-0.006,0.83,78.0,65.0,2,Copernicus CAMS via Open-Meteo,Rawalpindi_Monsoon_2024-08-25
Rawalpindi,Monsoon,8,26.0,90.0,1.1,946.5,1,131.618,21.753,0.777,0.2825,1.035,91.156,13.621,0.0015,0.089,3.976,121.048,0.00029,54.0,1.0847,18.239,0.198,0.041,0.62,33.9,65.0,0,Copernicus CAMS via Open-Meteo,Rawalpindi_Monsoon_2024-08-05
Rawalpindi,Autumn_Harvest,9,32.4,55.0,10.1,945.8,4,94.069,16.976,-0.242,0.324,0.922,52.631,21.455,0.0058,0.1964,2.022,92.38,0.00033,57.0,0.9601,39.035,0.097,-0.02,0.55,34.0,65.0,0,Copernicus CAMS via Open-Meteo,Rawalpindi_Autumn_Harvest_2024-09-10
Rawalpindi,Winter_Peak,1,7.1,88.0,3.3,958.4,3,123.946,14.977,0.588,0.2788,0.95,49.006,10.906,0.0004,0.1198,3.31,123.326,0.0002,51.0,0.9735,9.471,0.156,-0.013,0.38,93.8,65.0,2,Copernicus CAMS via Open-Meteo,Rawalpindi_Winter_Peak_2024-01-05
Rawalpindi,Autumn_Harvest,10,21.1,42.0,6.8,950.1,0,79.492,17.976,-0.657,0.3289,0.872,75.204,14.963,0.0005,0.2179,1.589,79.187,0.00051,67.0,0.8458,17.545,0.047,-0.084,0.14,9.2,65.0,0,Copernicus CAMS via Open-Meteo,Rawalpindi_Autumn_Harvest_2023-10-05
Rawalpindi,Autumn_Harvest,10,24.0,77.0,7.6,952.5,4,134.566,5.542,-0.045,0.3073,0.993,58.45,9.057,0.0,0.0481,5.854,132.135,0.00013,20.0,1.0053,5.494,0.185,0.003,0.5,57.5,65.0,1,Copernicus CAMS via Open-Meteo,Rawalpindi_Autumn_Harvest_2024-10-05
Rawalpindi,Winter_Peak,11,13.0,64.0,5.7,954.7,6,90.261,18.981,-1.108,0.4091,0.962,86.163,15.374,0.0,0.1084,2.878,88.525,0.00057,67.0,0.9619,18.306,0.09,-0.019,0.13,14.6,65.0,0,Copernicus CAMS via Open-Meteo,Rawalpindi_Winter_Peak_2023-11-05
Rawalpindi,Winter_Peak,11,14.1,68.0,5.2,956.1,3,85.197,20.072,-0.378,0.3201,0.98,94.223,24.945,0.0161,0.1194,2.54,81.69,0.00074,66.0,0.9506,42.354,0.078,-0.025,0.2,57.9,65.0,1,Copernicus CAMS via Open-Meteo,Rawalpindi_Winter_Peak_2024-11-25
Rawalpindi,Monsoon,8,24.4,93.0,2.9,946.5,2,173.108,22.476,-1.491,0.2229,1.021,281.137,43.063,0.0306,0.0482,7.433,165.465,0.0006,78.0,1.0436,148.158,0.274,0.021,0.68,43.4,65.0,1,Copernicus CAMS via Open-Meteo,Rawalpindi_Monsoon_2023-08-05
Rawalpindi,Winter_Peak,12,5.1,83.0,10.7,953.6,3,71.804,19.666,-0.79,0.3419,0.832,54.78,28.667,0.0327,0.2868,1.239,71.801,0.0005,65.0,0.7226,58.725,0.007,-0.161,0.12,18.2,65.0,0,Copernicus CAMS via Open-Meteo,Rawalpindi_Winter_Peak_2023-12-10
Rawalpindi,Summer,5,24.7,39.0,8.9,947.6,1,71.77,20.014,-0.172,0.3392,0.749,115.999,32.512,0.0298,0.3662,1.115,71.77,0.00065,69.0,0.6486,70.336,-0.016,-0.213,0.22,19.3,65.0,0,Copernicus CAMS via Open-Meteo,Rawalpindi_Summer_2024-05-01
Rawalpindi,Winter_Peak,12,11.7,55.0,3.4,955.0,2,80.081,17.493,-0.469,0.3603,0.919,40.729,18.353,0.0027,0.1505,2.111,79.485,0.00039,63.0,0.8644,26.092,0.052,-0.073,0.14,82.4,65.0,2,Copernicus CAMS via Open-Meteo,Rawalpindi_Winter_Peak_2024-12-05
Rawalpindi,Winter_Peak,12,12.4,54.0,4.0,954.9,5,87.553,19.025,-0.445,0.3465,0.946,62.136,20.503,0.0047,0.124,2.658,86.069,0.00048,66.0,0.9238,31.867,0.078,-0.04,0.13,79.6,65.0,2,Copernicus CAMS via Open-Meteo,Rawalpindi_Winter_Peak_2024-12-05
Rawalpindi,Winter_Peak,12,18.9,42.0,11.7,958.6,4,77.023,34.523,0.2,0.3014,0.822,163.013,43.128,0.0856,0.3099,1.428,77.008,0.00111,118.0,0.7163,133.578,0.011,-0.165,0.09,32.6,65.0,0,Copernicus CAMS via Open-Meteo,Rawalpindi_Winter_Peak_2023-12-20
Rawalpindi,Autumn_Harvest,10,18.0,86.0,4.3,953.6,3,108.08,16.043,-1.256,0.3764,0.896,30.567,10.999,0.0,0.1733,2.428,108.07,0.00014,50.0,0.8519,9.123,0.095,-0.08,0.4,30.4,65.0,0,Copernicus CAMS via Open-Meteo,Rawalpindi_Autumn_Harvest_2023-10-15
Rawalpindi,Winter_Peak,11,14.5,78.0,12.1,951.7,3,76.661,19.188,-0.574,0.311,0.908,19.887,12.713,0.0007,0.176,1.807,76.341,0.0004,67.0,0.8279,14.233,0.039,-0.094,0.1,13.0,65.0,0,Copernicus CAMS via Open-Meteo,Rawalpindi_Winter_Peak_2024-11-01
Rawalpindi,Monsoon,7,28.3,78.0,1.1,944.8,0,132.154,20.5,0.545,0.3199,0.988,93.892,17.556,0.0045,0.0609,5.167,129.724,0.0003,61.0,0.9611,27.229,0.169,-0.02,0.55,43.0,65.0,1,Copernicus CAMS via Open-Meteo,Rawalpindi_Monsoon_2023-07-15
Rawalpindi,Autumn_Harvest,9,20.8,93.0,10.5,950.0,3,133.888,14.884,0.275,0.2782,0.934,98.562,17.303,0.0158,0.1238,3.512,133.88,0.00029,55.0,0.8751,30.277,0.145,-0.067,0.81,34.5,65.0,0,Copernicus CAMS via Open-Meteo,Rawalpindi_Autumn_Harvest_2024-09-28
Rawalpindi,Autumn_Harvest,9,21.6,90.0,5.5,948.9,1,135.832,15.127,0.331,0.2835,0.96,98.614,16.167,0.0117,0.0837,4.515,135.551,0.00028,52.0,0.9187,26.074,0.163,-0.042,0.84,35.0,65.0,0,Copernicus CAMS via Open-Meteo,Rawalpindi_Autumn_Harvest_2024-09-28
Rawalpindi,Summer,5,28.9,15.0,14.9,938.7,1,64.492,20.097,-0.558,0.3548,0.752,94.103,29.333,0.035,0.3723,1.003,64.491,0.00068,71.0,0.6399,63.592,-0.025,-0.22,0.11,12.2,65.0,0,Copernicus CAMS via Open-Meteo,Rawalpindi_Summer_2024-05-28
Rawalpindi,Autumn_Harvest,10,29.1,43.0,5.3,957.0,2,158.324,6.255,-0.837,0.3517,0.974,30.808,7.203,0.0,0.1006,4.563,155.433,6e-05,25.0,1.0103,3.782,0.234,0.005,0.77,55.8,65.0,1,Copernicus CAMS via Open-Meteo,Rawalpindi_Autumn_Harvest_2024-10-22
Rawalpindi,Autumn_Harvest,9,32.1,48.0,1.5,949.1,3,99.627,11.538,-1.282,0.3673,0.969,35.26,8.411,0.0,0.1575,2.297,95.429,0.00017,37.0,1.0377,4.545,0.122,0.019,0.33,32.9,65.0,0,Copernicus CAMS via Open-Meteo,Rawalpindi_Autumn_Harvest_2024-09-18
Rawalpindi,Monsoon,8,26.4,74.0,7.6,947.9,1,84.665,10.788,-0.731,0.3295,0.882,51.059,9.274,0.0,0.1894,1.811,84.658,0.00025,35.0,0.8492,5.218,0.057,-0.082,0.24,45.1,65.0,1,Copernicus CAMS via Open-Meteo,Rawalpindi_Monsoon_2023-08-30
Rawalpindi,Autumn_Harvest,10,25.8,51.0,3.6,953.6,4,102.031,14.852,-1.174,0.3592,0.937,81.345,12.736,0.0,0.1218,3.014,101.791,0.00035,44.0,0.9173,11.063,0.102,-0.043,0.37,26.4,65.0,0,Copernicus CAMS via Open-Meteo,Rawalpindi_Autumn_Harvest_2023-10-15
Rawalpindi,Summer,4,24.7,53.0,11.9,950.9,0,142.189,30.808,-0.125,0.3753,1.001,94.467,16.96,0.009,0.0701,5.195,136.766,0.00032,83.0,1.0297,45.843,0.207,0.015,0.37,31.1,65.0,0,Copernicus CAMS via Open-Meteo,Rawalpindi_Summer_2024-04-20
Rawalpindi,Monsoon,8,22.3,87.0,6.9,948.6,1,90.75,12.651,-0.731,0.3454,0.822,30.096,10.037,0.0,0.268,1.569,90.75,0.00015,44.0,0.7737,6.833,0.046,-0.128,0.25,17.6,65.0,0,Copernicus CAMS via Open-Meteo,Rawalpindi_Monsoon_2023-08-30
Rawalpindi,Summer,6,35.3,27.0,5.8,941.7,1,118.755,8.531,-1.187,0.3428,0.833,42.217,8.505,0.0,0.2525,2.073,118.755,0.0001,32.0,0.747,4.883,0.074,-0.145,0.64,27.6,65.0,0,Copernicus CAMS via Open-Meteo,Rawalpindi_Summer_2024-06-20
Rawalpindi,Autumn_Harvest,9,35.3,50.0,6.8,949.4,2,85.589,12.891,0.04,0.2879,0.92,31.575,18.161,0.0059,0.1485,2.178,84.876,0.00026,45.0,0.8947,26.789,0.068,-0.056,0.74,36.8,65.0,1,Copernicus CAMS via Open-Meteo,Rawalpindi_Autumn_Harvest_2023-09-15
Rawalpindi,Winter_Peak,12,20.1,26.0,4.9,956.2,3,98.829,21.59,-0.446,0.3554,1.005,55.793,21.317,0.0039,0.1019,3.213,93.219,0.00046,69.0,1.0197,36.856,0.118,0.01,0.13,18.7,65.0,0,Copernicus CAMS via Open-Meteo,Rawalpindi_Winter_Peak_2024-12-05
Rawalpindi,Summer,6,28.0,47.0,9.5,947.1,0,83.499,17.917,-0.652,0.3617,0.785,64.724,16.242,0.0,0.3182,1.363,83.499,0.0003,56.0,0.7005,22.113,0.014,-0.176,0.34,28.2,65.0,0,Copernicus CAMS via Open-Meteo,Rawalpindi_Summer_2023-06-05
Rawalpindi,Autumn_Harvest,10,17.6,84.0,8.4,954.6,6,159.801,6.12,-0.825,0.3711,1.065,54.154,8.076,0.0,0.1051,4.147,143.013,0.00011,22.0,1.0904,3.732,0.259,0.043,0.59,24.3,65.0,0,Copernicus CAMS via Open-Meteo,Rawalpindi_Autumn_Harvest_2024-10-22
Rawalpindi,Monsoon,7,27.2,84.0,3.8,938.5,1,97.897,16.153,0.283,0.3077,0.918,93.074,27.107,0.0313,0.1675,2.231,97.732,0.00052,48.0,0.836,73.819,0.074,-0.089,1.21,65.2,65.0,1,Copernicus CAMS via Open-Meteo,Rawalpindi_Monsoon_2024-07-25
Rawalpindi,Monsoon,8,26.7,89.0,6.8,946.9,1,122.771,19.892,0.744,0.3011,0.99,24.458,9.853,0.0011,0.1151,3.235,116.939,0.00014,51.0,1.0468,12.322,0.171,0.023,0.63,27.2,65.0,0,Copernicus CAMS via Open-Meteo,Rawalpindi_Monsoon_2024-08-05
Rawalpindi,Monsoon,8,27.4,88.0,2.6,949.9,1,97.839,12.754,1.667,0.1814,0.946,44.175,12.32,0.009,0.1137,2.761,97.54,0.00022,30.0,0.894,21.203,0.089,-0.056,0.6,44.9,65.0,1,Copernicus CAMS via Open-Meteo,Rawalpindi_Monsoon_2023-08-20
Rawalpindi,Summer,5,27.2,38.0,12.8,948.2,0,77.825,19.89,-0.15,0.3295,0.78,54.331,25.125,0.0076,0.3287,1.267,77.825,0.00033,63.0,0.6847,44.368,0.002,-0.187,0.34,14.6,65.0,0,Copernicus CAMS via Open-Meteo,Rawalpindi_Summer_2024-05-18
Rawalpindi,Winter_Peak,1,7.0,88.0,5.4,956.7,0,135.262,16.63,0.646,0.2819,0.966,22.216,9.902,0.0003,0.061,5.325,135.209,0.00015,55.0,0.9418,9.256,0.169,-0.03,0.36,61.7,65.0,1,Copernicus CAMS via Open-Meteo,Rawalpindi_Winter_Peak_2024-01-05
Rawalpindi,Autumn_Harvest,9,23.1,68.0,1.8,948.7,6,113.903,11.891,-1.341,0.3822,0.964,15.805,7.833,0.0,0.1141,3.315,112.157,9e-05,38.0,0.9951,4.5,0.142,-0.002,0.32,20.3,65.0,0,Copernicus CAMS via Open-Meteo,Rawalpindi_Autumn_Harvest_2024-09-18
Rawalpindi,Autumn_Harvest,9,28.9,44.0,3.3,951.2,1,84.421,16.487,0.629,0.2903,0.89,61.335,14.534,0.0006,0.1814,1.903,84.395,0.00032,52.0,0.8378,18.595,0.053,-0.088,0.55,28.5,65.0,0,Copernicus CAMS via Open-Meteo,Rawalpindi_Autumn_Harvest_2023-09-25
Rawalpindi,Winter_Peak,12,13.9,55.0,13.7,954.1,1,77.485,20.225,-0.775,0.3325,0.801,64.497,31.235,0.0276,0.2976,1.314,77.482,0.00048,72.0,0.7197,70.879,0.013,-0.163,0.15,39.2,65.0,1,Copernicus CAMS via Open-Meteo,Rawalpindi_Winter_Peak_2023-12-10
Rawalpindi,Summer,6,29.4,55.0,3.5,945.7,2,123.534,30.78,0.054,0.3153,0.927,285.87,43.592,0.0646,0.1408,3.719,123.128,0.0009,83.0,0.8776,130.321,0.128,-0.065,0.75,31.9,65.0,0,Copernicus CAMS via Open-Meteo,Rawalpindi_Summer_2023-06-15
Rawalpindi,Autumn_Harvest,9,32.0,58.0,9.8,945.1,2,93.282,16.406,-0.329,0.3229,0.935,50.612,18.859,0.0031,0.1382,2.591,92.267,0.00027,54.0,0.9262,27.768,0.088,-0.038,0.53,33.9,65.0,0,Copernicus CAMS via Open-Meteo,Rawalpindi_Autumn_Harvest_2024-09-10
Rawalpindi,Monsoon,7,30.5,84.0,1.5,944.7,0,54.194,1.643,-0.002,0.2106,1.02,25.724,4.867,0.0,0.0578,2.145,51.544,0.00037,4.0,1.0342,1.261,0.03,0.017,0.48,40.4,65.0,1,Copernicus CAMS via Open-Meteo,Rawalpindi_Monsoon_2024-07-10
Rawalpindi,Autumn_Harvest,9,22.3,88.0,23.5,949.0,3,143.536,15.586,0.361,0.2774,0.91,67.838,15.98,0.0117,0.1443,3.419,143.536,0.00018,59.0,0.8851,30.76,0.165,-0.061,0.6,38.5,65.0,1,Copernicus CAMS via Open-Meteo,Rawalpindi_Autumn_Harvest_2024-09-28
Rawalpindi,Summer,5,38.3,15.0,18.9,940.6,1,66.136,20.46,-0.499,0.3425,0.702,111.313,35.441,0.0471,0.4339,0.975,66.136,0.00075,78.0,0.5752,89.105,-0.046,-0.27,0.18,12.9,65.0,0,Copernicus CAMS via Open-Meteo,Rawalpindi_Summer_2024-05-28
Rawalpindi,Summer,6,37.8,18.0,6.5,947.5,2,65.566,14.342,-0.354,0.3503,0.717,75.53,16.696,0.0014,0.4117,0.98,65.565,0.00045,57.0,0.5848,20.283,-0.043,-0.262,0.32,15.9,65.0,0,Copernicus CAMS via Open-Meteo,Rawalpindi_Summer_2024-06-10
Rawalpindi,Winter_Peak,1,5.3,98.0,1.8,958.0,3,126.214,15.03,0.553,0.2822,0.961,70.827,11.631,0.0,0.0727,4.612,125.956,0.00025,51.0,0.9478,9.818,0.154,-0.027,0.33,46.6,65.0,1,Copernicus CAMS via Open-Meteo,Rawalpindi_Winter_Peak_2024-01-05
Rawalpindi,Autumn_Harvest,10,20.0,69.0,7.4,948.6,5,84.655,18.21,-0.726,0.3326,0.92,35.144,11.898,0.0006,0.1566,2.16,83.825,0.00033,64.0,0.9061,11.794,0.069,-0.049,0.13,33.9,65.0,0,Copernicus CAMS via Open-Meteo,Rawalpindi_Autumn_Harvest_2023-10-05
Rawalpindi,Summer,5,24.7,39.0,8.9,947.6,1,68.128,18.967,-0.197,0.3377,0.768,73.167,29.177,0.0287,0.3667,1.051,68.128,0.00057,63.0,0.6409,57.369,-0.021,-0.219,0.22,19.3,65.0,0,Copernicus CAMS via Open-Meteo,Rawalpindi_Summer_2024-05-01
Rawalpindi,Autumn_Harvest,10,25.3,49.0,1.1,952.4,2,79.751,17.692,-0.727,0.3314,0.895,26.004,11.492,0.0006,0.1994,1.666,79.172,0.00024,64.0,0.8917,11.24,0.057,-0.057,0.12,18.8,65.0,0,Copernicus CAMS via Open-Meteo,Rawalpindi_Autumn_Harvest_2023-10-05
Rawalpindi,Winter_Peak,11,15.5,74.0,11.3,952.2,7,73.439,19.618,-0.53,0.3123,0.913,71.35,14.517,0.0,0.1646,1.903,72.809,0.00057,70.0,0.8725,15.606,0.043,-0.068,0.11,17.2,65.0,0,Copernicus CAMS via Open-Meteo,Rawalpindi_Winter_Peak_2024-11-01
Rawalpindi,Summer,6,34.2,27.0,9.6,942.5,2,115.106,7.192,-0.928,0.3761,0.899,45.716,8.144,0.0,0.1589,2.607,115.106,0.00012,27.0,0.8698,4.254,0.112,-0.07,0.38,27.1,65.0,0,Copernicus CAMS via Open-Meteo,Rawalpindi_Summer_2024-06-20
Rawalpindi,Autumn_Harvest,9,31.8,62.0,6.0,947.4,2,89.287,16.598,-0.163,0.3221,0.908,101.326,22.77,0.0067,0.1843,2.05,88.482,0.00051,55.0,0.9081,40.517,0.077,-0.048,0.55,40.0,65.0,1,Copernicus CAMS via Open-Meteo,Rawalpindi_Autumn_Harvest_2024-09-10
Rawalpindi,Summer,5,29.4,44.0,6.9,946.6,2,98.492,23.683,-0.15,0.3143,0.854,58.909,31.197,0.0164,0.2372,2.034,98.448,0.0003,69.0,0.7769,66.383,0.058,-0.126,0.45,28.1,65.0,0,Copernicus CAMS via Open-Meteo,Rawalpindi_Summer_2024-05-18
Rawalpindi,Winter_Peak,11,21.5,55.0,3.6,958.5,3,93.009,20.702,-1.056,0.4198,0.965,25.422,13.334,0.0,0.1021,2.833,91.752,0.00025,70.0,0.9212,16.413,0.087,-0.041,0.16,19.0,65.0,0,Copernicus CAMS via Open-Meteo,Rawalpindi_Winter_Peak_2023-11-05
Rawalpindi,Summer,5,36.5,27.0,16.6,948.5,2,84.544,20.265,-0.241,0.3263,0.846,96.014,25.818,0.0108,0.2501,1.661,84.497,0.00046,60.0,0.7633,44.688,0.034,-0.134,0.54,27.9,65.0,0,Copernicus CAMS via Open-Meteo,Rawalpindi_Summer_2024-05-18
Rawalpindi,Winter_Peak,12,11.7,81.0,6.5,960.3,2,77.843,23.941,0.591,0.2496,0.875,83.242,32.457,0.0414,0.2039,1.714,77.543,0.00075,84.0,0.829,79.017,0.041,-0.093,0.88,14.8,65.0,0,Copernicus CAMS via Open-Meteo,Rawalpindi_Winter_Peak_2023-12-01
Rawalpindi,Summer,5,14.3,67.0,6.5,945.8,1,59.189,17.02,-0.164,0.3402,0.734,94.263,27.767,0.0289,0.4007,0.886,59.189,0.00066,60.0,0.6075,50.327,-0.039,-0.244,0.35,21.2,65.0,0,Copernicus CAMS via Open-Meteo,Rawalpindi_Summer_2024-05-01
Rawalpindi,Autumn_Harvest,10,19.9,58.0,7.3,948.9,2,90.594,18.472,-0.651,0.33,0.9,79.679,15.093,0.0005,0.1769,2.138,90.24,0.00047,68.0,0.8376,17.224,0.063,-0.088,0.13,36.2,65.0,1,Copernicus CAMS via Open-Meteo,Rawalpindi_Autumn_Harvest_2023-10-05
Rawalpindi,Monsoon,8,26.4,91.0,7.7,948.9,1,113.27,15.076,1.619,0.204,0.922,76.723,15.748,0.0101,0.15,2.757,113.012,0.00026,38.0,0.9228,37.709,0.124,-0.04,0.62,43.4,65.0,1,Copernicus CAMS via Open-Meteo,Rawalpindi_Monsoon_2023-08-20
Rawalpindi,Monsoon,8,31.0,73.0,7.7,944.3,2,172.465,22.164,-1.455,0.2182,1.03,248.599,40.586,0.0234,0.0624,6.44,162.225,0.00055,76.0,1.0605,134.707,0.277,0.029,0.72,34.6,65.0,0,Copernicus CAMS via Open-Meteo,Rawalpindi_Monsoon_2023-08-05
Rawalpindi,Monsoon,8,25.2,95.0,3.9,945.6,3,135.232,21.998,0.767,0.29,0.97,37.052,11.839,0.0022,0.1329,3.334,131.255,0.00016,59.0,1.0236,18.661,0.191,0.012,0.63,32.2,65.0,0,Copernicus CAMS via Open-Meteo,Rawalpindi_Monsoon_2024-08-05
Rawalpindi,Summer,6,36.6,16.0,8.7,945.8,1,61.425,13.225,-0.427,0.3345,0.751,23.25,12.391,0.0011,0.3549,0.958,61.425,0.00023,52.0,0.6475,11.975,-0.025,-0.214,0.41,16.1,65.0,0,Copernicus CAMS via Open-Meteo,Rawalpindi_Summer_2024-06-10
Rawalpindi,Summer,5,26.9,27.0,7.2,937.4,1,73.534,22.158,-0.647,0.3552,0.738,101.964,34.143,0.0347,0.3796,1.132,73.534,0.00063,81.0,0.634,88.413,-0.019,-0.224,0.11,12.7,65.0,0,Copernicus CAMS via Open-Meteo,Rawalpindi_Summer_2024-05-28
Rawalpindi,Monsoon,8,24.4,93.0,2.9,946.5,0,169.438,22.405,-1.518,0.2262,0.996,269.297,43.375,0.0323,0.0315,8.763,167.537,0.00057,78.25,0.9852,152.626,0.247,-0.007,0.68,43.4,65.0,1,Copernicus CAMS via Open-Meteo,Rawalpindi_Monsoon_2023-08-05
Rawalpindi,Autumn_Harvest,10,25.5,63.0,6.7,951.5,1,140.23,6.492,0.49,0.2942,1.007,65.355,9.872,0.0,0.0439,6.272,136.257,0.00015,22.0,0.9992,6.896,0.195,-0.0,0.45,38.8,65.0,1,Copernicus CAMS via Open-Meteo,Rawalpindi_Autumn_Harvest_2024-10-05
Rawalpindi,Autumn_Harvest,9,21.3,84.0,6.5,948.7,0,107.297,11.971,-1.335,0.3596,0.954,16.011,7.77,0.0,0.1414,2.706,105.608,0.0001,38.0,0.9955,4.39,0.129,-0.002,0.3,35.9,65.0,1,Copernicus CAMS via Open-Meteo,Rawalpindi_Autumn_Harvest_2024-09-18
Rawalpindi,Summer,5,24.0,58.0,13.4,947.6,1,76.752,17.415,-0.466,0.3432,0.827,88.359,24.211,0.0118,0.269,1.367,76.748,0.00049,60.0,0.7371,42.123,0.017,-0.151,0.48,28.9,65.0,0,Copernicus CAMS via Open-Meteo,Rawalpindi_Summer_2023-05-25
Rawalpindi,Winter_Peak,12,12.4,51.0,2.0,956.6,2,99.466,21.479,-0.445,0.3502,0.973,50.63,21.685,0.0036,0.1053,3.32,96.864,0.00041,71.0,0.9424,36.002,0.103,-0.03,0.12,44.1,65.0,1,Copernicus CAMS via Open-Meteo,Rawalpindi_Winter_Peak_2024-12-05
Rawalpindi,Summer,5,28.1,30.0,11.7,939.9,0,68.059,20.288,-0.608,0.3409,0.724,58.952,30.876,0.0311,0.4157,1.01,68.059,0.00044,75.0,0.592,70.348,-0.039,-0.256,0.11,16.4,65.0,0,Copernicus CAMS via Open-Meteo,Rawalpindi_Summer_2024-05-28
Rawalpindi,Autumn_Harvest,9,33.2,58.0,6.0,950.8,2,89.845,13.616,0.066,0.3048,0.891,35.514,19.945,0.0062,0.1827,1.966,89.646,0.00023,48.0,0.8358,32.449,0.062,-0.089,0.8,38.6,65.0,1,Copernicus CAMS via Open-Meteo,Rawalpindi_Autumn_Harvest_2023-09-15
Rawalpindi,Autumn_Harvest,9,28.7,46.0,1.1,952.0,2,96.003,18.799,0.582,0.2898,0.924,56.272,14.767,0.0006,0.136,2.7,95.819,0.00026,57.0,0.8904,19.165,0.085,-0.058,0.54,27.6,65.0,0,Copernicus CAMS via Open-Meteo,Rawalpindi_Autumn_Harvest_2023-09-25
Rawalpindi,Winter_Peak,1,16.0,57.0,2.5,958.0,3,129.2,14.773,0.535,0.2864,0.984,34.945,9.793,0.0002,0.0503,5.544,128.122,0.00015,48.0,0.9595,8.056,0.163,-0.021,0.29,49.2,65.0,1,Copernicus CAMS via Open-Meteo,Rawalpindi_Winter_Peak_2024-01-05
Rawalpindi,Summer,6,32.1,45.0,10.2,946.5,1,140.355,33.869,-0.107,0.3203,0.928,243.12,44.58,0.0569,0.1275,4.702,140.307,0.00068,92.0,0.8974,143.766,0.164,-0.054,0.64,30.6,65.0,0,Copernicus CAMS via Open-Meteo,Rawalpindi_Summer_2023-06-15
Rawalpindi,Winter_Peak,12,15.7,68.0,14.3,958.6,1,83.222,25.412,0.6,0.2514,0.897,62.662,32.855,0.0404,0.1972,1.878,82.733,0.00065,85.0,0.8078,82.101,0.044,-0.106,0.12,30.0,65.0,0,Copernicus CAMS via Open-Meteo,Rawalpindi_Winter_Peak_2023-12-01
Rawalpindi,Monsoon,8,29.1,64.0,5.1,948.3,0,82.199,11.747,-0.719,0.3469,0.841,46.842,10.034,0.0,0.2441,1.501,82.199,0.00024,39.0,0.7943,6.565,0.039,-0.115,0.25,37.1,65.0,1,Copernicus CAMS via Open-Meteo,Rawalpindi_Monsoon_2023-08-30
Rawalpindi,Monsoon,7,31.5,61.0,0.5,943.8,1,142.579,23.306,0.529,0.3287,0.98,53.6,18.615,0.0063,0.1171,3.816,137.878,0.00021,72.0,1.0319,37.282,0.208,0.016,0.61,35.6,65.0,1,Copernicus CAMS via Open-Meteo,Rawalpindi_Monsoon_2023-07-15
Rawalpindi,Monsoon,8,27.9,78.0,6.0,944.7,0,162.106,17.625,-0.448,0.3132,1.032,92.7,25.354,0.0,0.0925,4.554,147.934,0.00025,56.0,1.0069,50.129,0.24,0.003,0.78,34.7,65.0,0,Copernicus CAMS via Open-Meteo,Rawalpindi_Monsoon_2024-08-12
Rawalpindi,Winter_Peak,11,14.7,78.0,11.7,952.0,3,71.733,19.513,-0.395,0.3138,0.87,25.704,14.628,0.0005,0.213,1.463,71.634,0.00046,71.0,0.7943,18.15,0.024,-0.115,0.1,14.8,65.0,0,Copernicus CAMS via Open-Meteo,Rawalpindi_Winter_Peak_2024-11-01
Rawalpindi,Autumn_Harvest,10,24.0,77.0,7.6,952.5,1,154.387,7.102,1.009,0.3137,1.01,49.917,9.369,0.0012,0.0351,7.548,150.188,0.00012,23.0,1.0136,8.257,0.227,0.007,0.5,57.5,65.0,1,Copernicus CAMS via Open-Meteo,Rawalpindi_Autumn_Harvest_2024-10-05
Rawalpindi,Autumn_Harvest,9,32.4,58.0,9.4,946.6,6,90.389,16.693,-0.244,0.3287,0.932,84.387,20.704,0.0051,0.1434,2.454,89.398,0.00047,54.0,0.9184,32.094,0.081,-0.043,0.56,35.0,65.0,0,Copernicus CAMS via Open-Meteo,Rawalpindi_Autumn_Harvest_2024-09-10
Rawalpindi,Autumn_Harvest,10,18.8,78.0,8.1,952.7,3,105.845,10.768,-1.41,0.3427,0.991,58.44,9.203,0.0,0.0924,3.63,101.703,0.00025,43.0,1.0239,5.264,0.132,0.012,0.25,22.1,65.0,0,Copernicus CAMS via Open-Meteo,Rawalpindi_Autumn_Harvest_2024-10-15
Rawalpindi,Monsoon,7,29.6,75.0,4.3,938.1,1,98.733,16.483,0.378,0.2944,0.928,147.388,29.534,0.0346,0.1348,2.694,98.518,0.00071,49.0,0.8837,79.168,0.088,-0.062,1.07,85.0,65.0,2,Copernicus CAMS via Open-Meteo,Rawalpindi_Monsoon_2024-07-25
Rawalpindi,Autumn_Harvest,9,21.1,76.0,10.1,949.4,3,104.704,20.641,0.492,0.2924,0.922,30.819,14.032,0.0007,0.1432,2.68,104.566,0.00014,62.0,0.8704,18.42,0.095,-0.069,0.46,50.1,65.0,1,Copernicus CAMS via Open-Meteo,Rawalpindi_Autumn_Harvest_2023-09-25
Rawalpindi,Autumn_Harvest,10,20.2,85.0,5.2,956.0,3,140.785,6.034,-0.631,0.3674,0.985,77.829,9.531,0.0,0.0603,5.542,138.627,0.00016,23.0,0.9986,5.475,0.196,-0.001,0.6,62.4,65.0,1,Copernicus CAMS via Open-Meteo,Rawalpindi_Autumn_Harvest_2024-10-22
Rawalpindi,Autumn_Harvest,10,20.2,85.0,5.2,956.0,4,139.862,5.813,-0.726,0.3781,1.022,44.85,7.53,0.0,0.0958,3.981,128.844,0.0001,22.0,1.0854,3.676,0.216,0.041,0.6,62.4,65.0,1,Copernicus CAMS via Open-Meteo,Rawalpindi_Autumn_Harvest_2024-10-22
Rawalpindi,Summer,5,34.7,31.0,20.9,949.6,2,92.485,21.574,-0.302,0.3186,0.84,50.178,26.209,0.0094,0.2613,1.738,92.474,0.00031,64.0,0.7487,50.34,0.04,-0.144,0.5,23.4,65.0,0,Copernicus CAMS via Open-Meteo,Rawalpindi_Summer_2024-05-18
Rawalpindi,Winter_Peak,12,8.9,64.0,9.0,957.6,5,81.969,36.729,0.226,0.3011,0.833,145.063,46.221,0.0884,0.2806,1.67,81.956,0.00096,126.0,0.7509,152.531,0.027,-0.142,0.09,58.3,65.0,1,Copernicus CAMS via Open-Meteo,Rawalpindi_Winter_Peak_2023-12-20
Rawalpindi,Winter_Peak,12,10.6,50.0,2.7,954.5,6,91.209,19.796,-0.433,0.3459,0.933,53.527,21.37,0.0033,0.1336,2.608,90.098,0.00045,70.0,0.9034,37.885,0.08,-0.051,0.13,45.6,65.0,1,Copernicus CAMS via Open-Meteo,Rawalpindi_Winter_Peak_2024-12-05
Rawalpindi,Winter_Peak,12,7.6,71.0,10.5,957.5,1,77.092,34.275,0.179,0.3012,0.872,121.152,39.196,0.0784,0.2413,1.889,76.952,0.00092,111.0,0.7912,108.265,0.031,-0.117,0.09,52.2,65.0,1,Copernicus CAMS via Open-Meteo,Rawalpindi_Winter_Peak_2023-12-20
Rawalpindi,Monsoon,8,26.7,82.0,6.4,948.3,0,113.94,14.868,1.156,0.2445,0.901,104.433,22.675,0.0184,0.157,2.619,113.939,0.00038,51.0,0.8714,55.999,0.11,-0.069,0.81,39.2,65.0,1,Copernicus CAMS via Open-Meteo,Rawalpindi_Monsoon_2024-08-25
Rawalpindi,Monsoon,8,30.3,80.0,6.1,947.0,5,99.457,13.519,1.577,0.1861,0.923,96.98,15.582,0.0114,0.1446,2.466,99.32,0.00039,33.0,0.8622,31.142,0.084,-0.074,0.7,59.5,65.0,1,Copernicus CAMS via Open-Meteo,Rawalpindi_Monsoon_2023-08-20
Rawalpindi,Winter_Peak,11,16.2,70.0,6.2,960.5,2,147.436,23.415,-1.382,0.2648,0.97,111.309,25.106,0.0002,0.0596,6.059,147.22,0.00032,80.0,0.9627,55.707,0.198,-0.019,1.13,19.3,65.0,0,Copernicus CAMS via Open-Meteo,Rawalpindi_Winter_Peak_2023-11-30
Rawalpindi,Monsoon,8,23.4,99.0,1.9,946.5,1,158.122,14.871,-0.37,0.3058,1.001,94.021,25.052,0.0,0.0763,5.25,151.605,0.00024,53.0,1.0428,51.487,0.243,0.021,0.44,23.3,65.0,0,Copernicus CAMS via Open-Meteo,Rawalpindi_Monsoon_2024-08-12
Rawalpindi,Monsoon,7,35.8,49.0,4.6,936.3,0,110.53,18.272,0.435,0.2793,0.888,165.153,33.97,0.0363,0.1812,2.416,110.514,0.00064,57.0,0.8457,110.059,0.097,-0.084,1.23,69.6,65.0,1,Copernicus CAMS via Open-Meteo,Rawalpindi_Monsoon_2024-07-25
Rawalpindi,Monsoon,7,26.4,91.0,4.5,947.1,0,150.364,21.608,0.297,0.2798,1.037,86.722,17.211,0.0012,0.1283,3.593,133.523,0.0002,71.0,1.1261,25.333,0.248,0.059,1.23,52.6,65.0,1,Copernicus CAMS via Open-Meteo,Rawalpindi_Monsoon_2023-07-25
Rawalpindi,Monsoon,8,27.7,90.0,7.8,945.0,2,122.618,19.758,0.751,0.2928,0.991,32.575,10.289,0.0022,0.0428,5.789,120.942,0.00017,51.0,0.9929,14.964,0.159,-0.004,0.34,31.2,65.0,0,Copernicus CAMS via Open-Meteo,Rawalpindi_Monsoon_2024-08-05
Rawalpindi,Winter_Peak,11,17.5,78.0,7.8,955.5,4,176.21,9.708,0.066,0.3444,1.013,71.041,18.898,0.0,0.0359,8.248,170.437,0.00013,27.0,1.0338,31.551,0.277,0.017,0.86,75.9,65.0,2,Copernicus CAMS via Open-Meteo,Rawalpindi_Winter_Peak_2024-11-15
Rawalpindi,Summer,6,23.3,56.0,8.5,947.6,0,99.317,20.447,-0.658,0.3545,0.806,41.375,17.528,0.0,0.2928,1.685,99.317,0.0002,63.0,0.7223,26.486,0.04,-0.161,0.39,46.8,65.0,1,Copernicus CAMS via Open-Meteo,Rawalpindi_Summer_2023-06-05
Rawalpindi,Summer,6,25.6,45.0,5.9,946.8,0,69.657,15.012,-0.37,0.3389,0.749,29.006,15.344,0.0018,0.3667,1.082,69.657,0.00025,58.0,0.6316,18.907,-0.023,-0.226,0.18,15.7,65.0,0,Copernicus CAMS via Open-Meteo,Rawalpindi_Summer_2024-06-10
Rawalpindi,Autumn_Harvest,9,25.1,89.0,5.2,947.2,4,77.318,14.215,-0.161,0.3175,0.877,58.789,19.927,0.0063,0.2163,1.55,77.072,0.0004,49.0,0.8638,32.992,0.048,-0.073,0.58,60.5,65.0,1,Copernicus CAMS via Open-Meteo,Rawalpindi_Autumn_Harvest_2024-09-10
Rawalpindi,Summer,6,21.5,66.0,7.1,946.7,0,99.307,18.77,-0.753,0.3565,0.824,31.582,15.085,0.0,0.2676,1.773,99.307,0.00016,58.0,0.7723,19.767,0.057,-0.128,0.28,27.1,65.0,0,Copernicus CAMS via Open-Meteo,Rawalpindi_Summer_2023-06-05
Rawalpindi,Monsoon,8,25.0,96.0,5.4,946.2,1,130.722,21.366,0.778,0.2887,0.939,40.664,11.943,0.0014,0.1114,3.803,130.663,0.00016,59.0,0.9314,16.911,0.157,-0.036,0.65,32.5,65.0,0,Copernicus CAMS via Open-Meteo,Rawalpindi_Monsoon_2024-08-05
Rawalpindi,Summer,5,27.8,30.0,12.9,948.8,0,90.097,21.873,-0.235,0.3124,0.814,40.951,27.062,0.0087,0.29,1.578,90.097,0.00029,67.0,0.7215,53.4,0.028,-0.162,0.27,16.4,65.0,0,Copernicus CAMS via Open-Meteo,Rawalpindi_Summer_2024-05-18
Rawalpindi,Winter_Peak,12,18.0,47.0,17.6,953.7,0,65.258,17.192,-0.871,0.3562,0.773,38.798,25.531,0.0246,0.3412,1.029,65.258,0.00044,62.0,0.6709,50.937,-0.015,-0.197,0.11,20.4,65.0,0,Copernicus CAMS via Open-Meteo,Rawalpindi_Winter_Peak_2023-12-10
Rawalpindi,Summer,5,28.9,15.0,14.9,938.7,2,64.35,19.382,-0.632,0.3395,0.711,90.513,30.429,0.0323,0.408,0.964,64.35,0.00061,74.0,0.6058,67.683,-0.036,-0.246,0.11,12.2,65.0,0,Copernicus CAMS via Open-Meteo,Rawalpindi_Summer_2024-05-28
Rawalpindi,Winter_Peak,1,11.6,76.0,3.7,960.1,3,143.347,18.109,0.602,0.2834,1.031,73.272,12.435,0.0006,0.0626,5.33,134.815,0.00025,56.0,1.0418,11.917,0.212,0.02,0.3,53.4,65.0,1,Copernicus CAMS via Open-Meteo,Rawalpindi_Winter_Peak_2024-01-05
Rawalpindi,Summer,6,31.6,36.0,5.2,947.5,0,86.079,17.832,-0.707,0.3732,0.786,29.869,14.891,0.0,0.3244,1.377,86.079,0.00018,56.0,0.6852,20.307,0.011,-0.187,0.33,20.2,65.0,0,Copernicus CAMS via Open-Meteo,Rawalpindi_Summer_2023-06-05
Rawalpindi,Summer,5,39.4,13.0,15.0,939.1,2,63.338,19.557,-0.405,0.3293,0.751,73.465,29.803,0.0415,0.3644,0.997,63.336,0.00058,68.0,0.6502,65.248,-0.023,-0.212,0.14,7.9,65.0,0,Copernicus CAMS via Open-Meteo,Rawalpindi_Summer_2024-05-28
Rawalpindi,Monsoon,8,27.4,75.0,14.4,949.6,0,145.925,18.99,1.157,0.2462,0.946,124.698,26.271,0.0192,0.1033,4.343,145.786,0.00033,62.0,0.9437,80.233,0.189,-0.029,1.09,33.4,65.0,0,Copernicus CAMS via Open-Meteo,Rawalpindi_Monsoon_2024-08-25
Rawalpindi,Autumn_Harvest,10,25.5,67.0,8.6,950.7,2,163.142,6.877,0.704,0.3141,1.018,21.682,7.8,0.0006,0.0735,5.404,153.145,5e-05,24.0,1.0653,6.596,0.259,0.032,0.55,53.6,65.0,1,Copernicus CAMS via Open-Meteo,Rawalpindi_Autumn_Harvest_2024-10-05
Rawalpindi,Monsoon,7,25.7,87.0,2.9,947.8,0,50.746,2.323,-0.005,0.3726,0.997,49.837,6.846,0.0,0.0741,1.835,48.921,0.00077,5.0,0.9885,2.457,0.018,-0.006,1.07,42.8,65.0,1,Copernicus CAMS via Open-Meteo,Rawalpindi_Monsoon_2024-07-10
Rawalpindi,Autumn_Harvest,9,29.0,44.0,2.5,950.9,1,97.371,19.037,0.653,0.2896,0.936,55.472,14.776,0.0007,0.1222,2.927,96.926,0.00026,56.0,0.9034,19.465,0.091,-0.051,0.55,29.1,65.0,0,Copernicus CAMS via Open-Meteo,Rawalpindi_Autumn_Harvest_2023-09-25
Rawalpindi,Winter_Peak,11,10.3,84.0,7.4,958.4,2,125.147,14.294,-1.668,0.3091,0.96,35.712,11.594,0.0,0.116,3.56,123.461,0.00013,47.0,0.9862,11.134,0.162,-0.007,0.28,47.1,65.0,1,Copernicus CAMS via Open-Meteo,Rawalpindi_Winter_Peak_2023-11-20
Rawalpindi,Summer,6,27.3,49.0,2.8,949.0,1,91.454,19.329,-0.638,0.3489,0.8,83.237,17.719,0.0,0.2978,1.551,91.454,0.00031,60.0,0.7269,26.039,0.032,-0.158,0.35,18.1,65.0,0,Copernicus CAMS via Open-Meteo,Rawalpindi_Summer_2023-06-05
Rawalpindi,Winter_Peak,11,14.7,81.0,6.2,960.2,6,156.617,24.987,-1.373,0.2633,0.953,124.789,26.883,0.0005,0.0898,5.07,156.572,0.00033,87.0,0.913,65.223,0.198,-0.045,0.46,25.2,65.0,0,Copernicus CAMS via Open-Meteo,Rawalpindi_Winter_Peak_2023-11-30
Rawalpindi,Autumn_Harvest,10,28.4,54.0,4.9,952.6,2,156.875,7.749,0.976,0.2956,1.02,86.223,11.359,0.0011,0.0502,6.635,149.865,0.00018,23.0,1.0396,10.188,0.239,0.019,0.47,43.0,65.0,1,Copernicus CAMS via Open-Meteo,Rawalpindi_Autumn_Harvest_2024-10-05
Rawalpindi,Winter_Peak,12,19.9,49.0,14.1,959.1,2,88.615,26.925,0.56,0.2401,0.88,113.017,36.293,0.0396,0.2005,1.956,88.14,0.00077,93.0,0.842,99.313,0.061,-0.086,0.2,17.8,65.0,0,Copernicus CAMS via Open-Meteo,Rawalpindi_Winter_Peak_2023-12-01
Rawalpindi,Autumn_Harvest,9,25.1,64.0,10.5,953.0,5,104.063,20.298,0.637,0.2813,0.915,71.567,16.036,0.0007,0.1497,2.822,103.897,0.00027,62.0,0.8961,22.834,0.1,-0.055,0.51,26.4,65.0,0,Copernicus CAMS via Open-Meteo,Rawalpindi_Autumn_Harvest_2023-09-25
Rawalpindi,Monsoon,8,30.0,70.0,3.3,948.9,2,126.798,16.715,1.136,0.2463,0.914,91.91,23.222,0.0191,0.1385,3.142,126.797,0.0003,55.0,0.8879,64.373,0.137,-0.059,0.77,37.7,65.0,1,Copernicus CAMS via Open-Meteo,Rawalpindi_Monsoon_2024-08-25
Rawalpindi,Autumn_Harvest,9,28.7,46.0,1.1,952.0,1,88.968,17.31,0.66,0.2867,0.857,48.154,14.851,0.0007,0.2221,1.748,88.965,0.00023,58.0,0.8091,20.011,0.053,-0.106,0.54,27.6,65.0,0,Copernicus CAMS via Open-Meteo,Rawalpindi_Autumn_Harvest_2023-09-25
Rawalpindi,Winter_Peak,11,15.0,70.0,3.1,958.5,3,81.16,19.075,-0.409,0.33,0.935,66.024,23.979,0.0106,0.1368,2.379,80.102,0.00054,67.0,0.8963,40.723,0.061,-0.055,0.2,38.2,65.0,1,Copernicus CAMS via Open-Meteo,Rawalpindi_Winter_Peak_2024-11-25
Rawalpindi,Summer,6,26.5,53.0,4.9,943.2,1,126.501,31.445,0.063,0.3065,0.884,229.794,43.735,0.0594,0.2187,2.584,126.493,0.00069,89.0,0.7912,141.378,0.103,-0.117,0.56,36.3,65.0,1,Copernicus CAMS via Open-Meteo,Rawalpindi_Summer_2023-06-15
Rawalpindi,Summer,5,26.4,30.0,8.7,948.1,0,70.144,19.972,-0.226,0.3347,0.73,102.261,33.471,0.0318,0.387,1.064,70.144,0.00063,70.0,0.6284,75.531,-0.024,-0.228,0.19,16.5,65.0,0,Copernicus CAMS via Open-Meteo,Rawalpindi_Summer_2024-05-01
Rawalpindi,Winter_Peak,12,6.6,76.0,7.2,958.0,4,75.349,34.088,0.196,0.3055,0.852,135.463,39.853,0.0796,0.2595,1.707,75.314,0.00103,113.0,0.777,116.136,0.025,-0.125,0.1,18.5,65.0,0,Copernicus CAMS via Open-Meteo,Rawalpindi_Winter_Peak_2023-12-20
Rawalpindi,Monsoon,8,25.9,90.0,4.6,948.1,1,107.437,14.539,1.59,0.1979,0.935,75.556,14.987,0.0101,0.1426,2.709,106.916,0.00027,35.0,0.9509,29.868,0.12,-0.025,0.64,57.5,65.0,1,Copernicus CAMS via Open-Meteo,Rawalpindi_Monsoon_2023-08-20
Rawalpindi,Autumn_Harvest,10,17.6,62.0,8.2,950.0,1,80.301,16.268,-0.684,0.3186,0.9,70.174,13.309,0.0005,0.1921,1.734,79.447,0.00045,60.0,0.8933,13.02,0.059,-0.056,0.13,25.7,65.0,0,Copernicus CAMS via Open-Meteo,Rawalpindi_Autumn_Harvest_2023-10-05
Rawalpindi,Winter_Peak,12,18.7,59.0,6.9,962.4,2,77.157,23.172,0.482,0.2465,0.931,65.302,27.383,0.0331,0.1445,2.189,76.15,0.00073,75.0,0.8858,58.29,0.052,-0.061,0.31,24.3,65.0,0,Copernicus CAMS via Open-Meteo,Rawalpindi_Winter_Peak_2023-12-01
Rawalpindi,Autumn_Harvest,9,33.0,43.0,6.0,949.8,4,101.695,12.513,-1.182,0.3973,0.923,78.103,10.861,0.0,0.1395,2.612,101.43,0.00028,42.0,0.9068,7.011,0.099,-0.049,0.45,40.2,65.0,1,Copernicus CAMS via Open-Meteo,Rawalpindi_Autumn_Harvest_2024-09-18
Rawalpindi,Monsoon,7,33.4,60.0,7.6,945.3,3,54.247,2.405,0.016,0.2996,1.029,53.075,7.023,0.0,0.0917,1.692,50.105,0.00079,5.0,1.0209,2.601,0.029,0.01,0.49,38.6,65.0,1,Copernicus CAMS via Open-Meteo,Rawalpindi_Monsoon_2024-07-10
Rawalpindi,Summer,4,19.6,67.0,20.1,949.2,1,131.456,29.153,-0.179,0.3781,0.983,67.255,14.972,0.0092,0.0469,6.661,130.631,0.00028,85.0,0.9739,41.832,0.171,-0.013,0.13,42.6,65.0,1,Copernicus CAMS via Open-Meteo,Rawalpindi_Summer_2024-04-20
Rawalpindi,Monsoon,8,31.7,61.0,5.7,944.4,1,146.674,16.74,-0.44,0.2968,0.959,116.645,27.429,0.0,0.0746,5.137,146.64,0.00031,60.0,0.9272,58.427,0.185,-0.038,0.75,30.9,65.0,0,Copernicus CAMS via Open-Meteo,Rawalpindi_Monsoon_2024-08-12
Rawalpindi,Winter_Peak,12,10.6,50.0,2.7,954.5,5,82.99,17.485,-0.474,0.3533,0.982,72.211,17.361,0.0024,0.1065,2.68,79.961,0.00055,58.0,0.962,22.905,0.076,-0.019,0.13,45.6,65.0,1,Copernicus CAMS via Open-Meteo,Rawalpindi_Winter_Peak_2024-12-05
Rawalpindi,Autumn_Harvest,10,17.6,84.0,8.4,954.6,0,163.865,6.317,-0.762,0.3147,1.01,49.721,8.093,0.0,0.0356,7.968,159.353,9e-05,24.0,1.0175,3.871,0.247,0.009,0.59,24.3,65.0,0,Copernicus CAMS via Open-Meteo,Rawalpindi_Autumn_Harvest_2024-10-22
Rawalpindi,Monsoon,8,32.8,72.0,2.2,947.3,0,127.083,16.255,1.699,0.1803,0.99,62.845,15.364,0.0109,0.0543,5.422,124.806,0.00023,38.0,0.9818,36.637,0.165,-0.009,0.7,57.0,65.0,1,Copernicus CAMS via Open-Meteo,Rawalpindi_Monsoon_2023-08-20
Rawalpindi,Monsoon,8,22.9,82.0,8.5,947.0,2,97.765,13.169,-0.752,0.3551,0.908,23.179,9.031,0.0,0.1911,2.067,97.601,0.00013,41.0,0.931,5.736,0.097,-0.036,0.24,36.4,65.0,1,Copernicus CAMS via Open-Meteo,Rawalpindi_Monsoon_2023-08-30
Rawalpindi,Winter_Peak,11,16.0,71.0,11.7,953.0,4,82.554,22.575,-0.554,0.3336,0.89,71.378,15.807,0.0,0.1945,1.832,82.264,0.00049,80.0,0.8136,19.047,0.045,-0.103,0.11,24.2,65.0,0,Copernicus CAMS via Open-Meteo,Rawalpindi_Winter_Peak_2024-11-01
Rawalpindi,Summer,4,23.8,59.0,16.4,951.6,1,148.919,31.578,-0.139,0.3828,0.969,89.511,17.24,0.0098,0.0655,6.228,148.65,0.00028,88.0,0.9651,53.959,0.201,-0.018,0.38,30.2,65.0,0,Copernicus CAMS via Open-Meteo,Rawalpindi_Summer_2024-04-20
Rawalpindi,Autumn_Harvest,10,29.1,58.0,1.2,950.8,1,142.198,6.179,0.297,0.2934,0.982,45.963,8.844,0.0,0.0434,6.508,141.385,0.0001,22.0,0.9764,5.982,0.192,-0.012,0.59,39.7,65.0,1,Copernicus CAMS via Open-Meteo,Rawalpindi_Autumn_Harvest_2024-10-05
Rawalpindi,Summer,5,22.6,59.0,6.1,948.1,0,71.633,16.271,-0.469,0.3531,0.729,55.51,26.46,0.0137,0.3781,1.078,71.633,0.00037,65.0,0.63,52.477,-0.022,-0.227,0.6,37.0,65.0,1,Copernicus CAMS via Open-Meteo,Rawalpindi_Summer_2023-05-25
Rawalpindi,Winter_Peak,11,17.5,78.0,7.8,955.5,2,163.951,9.812,0.156,0.3537,0.987,98.434,19.537,0.0,0.0359,8.004,163.197,0.00019,29.0,0.9698,29.607,0.231,-0.015,0.86,75.9,65.0,2,Copernicus CAMS via Open-Meteo,Rawalpindi_Winter_Peak_2024-11-15
Rawalpindi,Monsoon,8,32.3,60.0,5.5,945.0,2,167.36,17.094,-0.394,0.3117,1.047,96.06,25.589,0.0,0.0781,5.261,154.347,0.00026,56.0,1.0817,52.192,0.273,0.039,0.38,20.0,65.0,0,Copernicus CAMS via Open-Meteo,Rawalpindi_Monsoon_2024-08-12
Rawalpindi,Winter_Peak,11,10.3,86.0,6.3,957.8,2,118.058,13.195,-1.433,0.3375,0.992,72.612,11.912,0.0,0.065,4.849,115.171,0.00024,41.0,1.0002,9.918,0.152,0.0,0.32,33.4,65.0,0,Copernicus CAMS via Open-Meteo,Rawalpindi_Winter_Peak_2023-11-20
Rawalpindi,Autumn_Harvest,9,35.3,50.0,6.8,949.4,4,101.782,15.137,0.08,0.3013,0.928,74.772,20.598,0.0049,0.1824,2.205,99.479,0.00032,51.0,0.958,37.523,0.111,-0.021,0.74,36.8,65.0,1,Copernicus CAMS via Open-Meteo,Rawalpindi_Autumn_Harvest_2023-09-15
Rawalpindi,Summer,5,22.1,69.0,6.4,948.4,0,72.475,16.771,-0.471,0.359,0.78,40.9,24.98,0.0159,0.3287,1.152,72.475,0.00035,62.0,0.6753,45.171,-0.006,-0.194,0.47,36.6,65.0,1,Copernicus CAMS via Open-Meteo,Rawalpindi_Summer_2023-05-25
Rawalpindi,Autumn_Harvest,9,26.7,86.0,9.4,947.9,4,91.651,13.669,0.083,0.3028,0.924,86.654,19.749,0.0055,0.15,2.357,90.576,0.00042,46.0,0.9097,31.29,0.082,-0.047,1.69,58.7,65.0,1,Copernicus CAMS via Open-Meteo,Rawalpindi_Autumn_Harvest_2023-09-15
Rawalpindi,Summer,6,24.5,72.0,12.3,945.1,0,115.24,28.601,0.016,0.3042,0.906,199.007,37.325,0.053,0.1665,3.028,115.204,0.00072,79.0,0.8494,106.803,0.106,-0.081,0.63,26.1,65.0,0,Copernicus CAMS via Open-Meteo,Rawalpindi_Summer_2023-06-15
Rawalpindi,Winter_Peak,11,22.1,44.0,6.5,957.7,2,76.613,17.298,-0.444,0.3182,0.965,25.91,19.565,0.0077,0.1212,2.257,74.596,0.0004,58.0,0.9139,28.504,0.056,-0.045,0.21,20.8,65.0,0,Copernicus CAMS via Open-Meteo,Rawalpindi_Winter_Peak_2024-11-25
Rawalpindi,Summer,4,16.5,85.0,10.0,950.8,0,133.981,30.941,-0.128,0.3667,0.974,78.097,16.157,0.0094,0.0787,4.958,132.598,0.00029,89.0,0.9861,45.118,0.179,-0.007,0.33,8.6,65.0,0,Copernicus CAMS via Open-Meteo,Rawalpindi_Summer_2024-04-20
Rawalpindi,Winter_Peak,12,10.6,50.0,2.7,954.5,2,97.181,20.829,-0.61,0.3683,0.974,24.525,17.607,0.0012,0.1285,2.569,92.725,0.00026,69.0,1.0046,26.083,0.111,0.002,0.13,45.6,65.0,1,Copernicus CAMS via Open-Meteo,Rawalpindi_Winter_Peak_2024-12-05
Rawalpindi,Summer,5,17.0,65.0,12.0,947.1,2,59.535,17.013,-0.202,0.3303,0.761,65.073,27.939,0.0334,0.3545,0.938,59.535,0.00059,58.0,0.661,50.376,-0.023,-0.204,0.2,19.5,65.0,0,Copernicus CAMS via Open-Meteo,Rawalpindi_Summer_2024-05-01
Rawalpindi,Winter_Peak,12,16.2,62.0,14.8,958.5,3,80.984,25.066,0.61,0.239,0.925,110.384,31.396,0.0409,0.1627,2.015,79.383,0.00088,82.0,0.9146,74.591,0.064,-0.045,0.12,22.8,65.0,0,Copernicus CAMS via Open-Meteo,Rawalpindi_Winter_Peak_2023-12-01
Rawalpindi,Winter_Peak,11,15.6,74.0,10.9,958.3,5,133.216,14.227,-1.617,0.3069,0.982,47.462,11.752,0.0,0.0748,5.045,130.707,0.00014,46.0,0.9993,11.496,0.181,-0.0,0.29,56.9,65.0,1,Copernicus CAMS via Open-Meteo,Rawalpindi_Winter_Peak_2023-11-20
Rawalpindi,Autumn_Harvest,9,24.7,85.0,4.8,946.0,7,93.747,15.298,-0.267,0.3171,0.933,86.517,19.75,0.0035,0.1606,2.365,92.191,0.00042,51.0,0.949,28.862,0.094,-0.026,0.59,31.5,65.0,0,Copernicus CAMS via Open-Meteo,Rawalpindi_Autumn_Harvest_2024-09-10
Rawalpindi,Autumn_Harvest,9,31.7,64.0,6.6,951.0,6,99.541,14.61,-0.023,0.3172,0.936,58.891,20.057,0.0044,0.1353,2.716,98.109,0.0003,49.0,0.9279,35.58,0.1,-0.037,0.84,39.9,65.0,1,Copernicus CAMS via Open-Meteo,Rawalpindi_Autumn_Harvest_2023-09-15
Rawalpindi,Autumn_Harvest,9,35.3,50.0,6.8,949.4,1,103.803,15.762,0.104,0.303,0.907,53.435,22.926,0.0067,0.1636,2.452,103.143,0.00028,55.0,0.88,44.639,0.096,-0.064,0.74,36.8,65.0,1,Copernicus CAMS via Open-Meteo,Rawalpindi_Autumn_Harvest_2023-09-15
Rawalpindi,Summer,6,32.1,45.0,10.2,946.5,2,121.434,31.17,-0.014,0.3147,0.873,250.319,42.889,0.0577,0.204,2.692,121.434,0.00072,89.0,0.8196,136.455,0.106,-0.099,0.64,30.6,65.0,0,Copernicus CAMS via Open-Meteo,Rawalpindi_Summer_2023-06-15
Rawalpindi,Summer,5,22.6,59.0,6.1,948.1,1,74.923,17.314,-0.45,0.3516,0.771,65.761,26.316,0.0164,0.344,1.168,74.923,0.00043,65.0,0.6583,50.937,-0.009,-0.206,0.6,37.0,65.0,1,Copernicus CAMS via Open-Meteo,Rawalpindi_Summer_2023-05-25
Rawalpindi,Summer,5,25.1,29.0,4.7,937.4,0,67.923,19.851,-0.705,0.3594,0.755,54.173,28.563,0.0328,0.3748,1.045,67.923,0.00059,70.0,0.6343,63.479,-0.024,-0.224,0.11,13.1,65.0,0,Copernicus CAMS via Open-Meteo,Rawalpindi_Summer_2024-05-28
Rawalpindi,Monsoon,8,26.8,82.0,5.0,945.7,1,180.006,20.093,-0.439,0.2976,1.06,101.436,28.411,0.0,0.0954,4.941,162.922,0.00025,64.0,1.1032,64.824,0.306,0.049,0.82,36.1,65.0,1,Copernicus CAMS via Open-Meteo,Rawalpindi_Monsoon_2024-08-12
Rawalpindi,Summer,5,36.1,27.0,7.6,948.7,1,99.581,23.218,-0.294,0.3225,0.834,50.831,28.892,0.0096,0.2737,1.792,99.569,0.00026,70.0,0.7342,59.576,0.045,-0.153,0.56,28.6,65.0,0,Copernicus CAMS via Open-Meteo,Rawalpindi_Summer_2024-05-18
Rawalpindi,Autumn_Harvest,10,29.1,43.0,5.3,957.0,2,134.751,5.361,-0.764,0.35,1.0,33.039,6.639,0.0,0.0387,6.33,132.197,8e-05,21.0,0.9884,2.597,0.181,-0.006,0.77,55.8,65.0,1,Copernicus CAMS via Open-Meteo,Rawalpindi_Autumn_Harvest_2024-10-22
Rawalpindi,Autumn_Harvest,10,24.3,60.0,3.5,955.6,0,107.015,15.57,-1.224,0.3828,0.87,57.827,12.812,0.0,0.214,2.088,107.014,0.00023,51.0,0.7987,11.87,0.077,-0.112,0.38,31.5,65.0,0,Copernicus CAMS via Open-Meteo,Rawalpindi_Autumn_Harvest_2023-10-15
Rawalpindi,Monsoon,8,31.3,70.0,5.4,948.3,0,153.443,20.277,-1.498,0.2253,0.998,261.842,40.478,0.0331,0.0353,7.786,151.059,0.00064,71.0,1.0047,126.456,0.222,0.002,0.68,24.7,65.0,0,Copernicus CAMS via Open-Meteo,Rawalpindi_Monsoon_2023-08-05
Rawalpindi,Summer,5,36.5,27.0,16.6,948.5,1,92.166,22.945,-0.172,0.3242,0.851,68.405,27.953,0.01,0.2389,1.868,92.12,0.00033,68.0,0.8079,57.215,0.058,-0.106,0.54,27.9,65.0,0,Copernicus CAMS via Open-Meteo,Rawalpindi_Summer_2024-05-18
Rawalpindi,Winter_Peak,11,21.8,59.0,8.8,956.5,4,161.46,9.874,0.181,0.3395,1.009,110.033,18.929,0.0,0.0896,4.794,151.891,0.00023,29.0,0.9686,28.427,0.226,-0.016,0.78,48.2,65.0,1,Copernicus CAMS via Open-Meteo,Rawalpindi_Winter_Peak_2024-11-15
Rawalpindi,Autumn_Harvest,9,25.5,68.0,7.2,949.9,5,101.455,12.088,-1.215,0.3709,0.903,68.23,10.449,0.0,0.1745,2.242,101.279,0.00024,41.0,0.897,6.589,0.096,-0.054,0.33,50.4,65.0,1,Copernicus CAMS via Open-Meteo,Rawalpindi_Autumn_Harvest_2024-09-18
Rawalpindi,Monsoon,7,26.8,80.0,5.6,946.8,2,150.194,23.051,0.445,0.3436,0.977,49.851,17.472,0.0033,0.0733,5.39,148.67,0.00017,71.0,0.9968,31.677,0.214,-0.002,1.16,36.2,65.0,1,Copernicus CAMS via Open-Meteo,Rawalpindi_Monsoon_2023-07-15
Rawalpindi,Winter_Peak,12,9.7,61.0,1.7,955.8,5,94.02,19.556,-0.477,0.3541,0.925,50.202,19.42,0.0019,0.1555,2.403,93.347,0.00039,69.0,0.8513,31.063,0.072,-0.08,0.12,39.9,65.0,1,Copernicus CAMS via Open-Meteo,Rawalpindi_Winter_Peak_2024-12-05
Rawalpindi,Autumn_Harvest,10,23.8,76.0,10.0,952.5,8,155.943,6.632,0.676,0.2925,1.051,30.347,8.089,0.0005,0.0982,4.287,140.657,7e-05,21.0,1.1086,6.018,0.256,0.052,0.46,53.2,65.0,1,Copernicus CAMS via Open-Meteo,Rawalpindi_Autumn_Harvest_2024-10-05
Rawalpindi,Summer,5,27.7,45.0,15.1,949.2,0,91.177,22.535,-0.199,0.3205,0.819,106.317,29.319,0.0122,0.2791,1.655,91.166,0.00042,68.0,0.7377,58.381,0.035,-0.151,0.42,16.8,65.0,0,Copernicus CAMS via Open-Meteo,Rawalpindi_Summer_2024-05-18
Rawalpindi,Autumn_Harvest,9,33.8,50.0,8.8,947.8,2,86.024,13.196,0.032,0.3066,0.86,65.669,20.161,0.0052,0.2207,1.665,85.919,0.00035,49.0,0.8034,34.574,0.047,-0.109,0.71,34.9,65.0,0,Copernicus CAMS via Open-Meteo,Rawalpindi_Autumn_Harvest_2023-09-15
Rawalpindi,Winter_Peak,12,14.1,75.0,10.6,959.0,3,76.369,22.616,0.277,0.2648,0.899,103.063,28.883,0.0373,0.1936,1.77,75.737,0.00084,77.0,0.8181,63.945,0.036,-0.1,0.12,38.0,65.0,1,Copernicus CAMS via Open-Meteo,Rawalpindi_Winter_Peak_2023-12-01
Rawalpindi,Winter_Peak,1,5.2,94.0,11.2,956.3,0,135.38,13.857,-1.571,0.332,0.999,26.842,14.961,0.0006,0.0931,4.101,129.087,9e-05,45.0,1.0469,19.546,0.197,0.023,0.59,133.6,65.0,2,Copernicus CAMS via Open-Meteo,Rawalpindi_Winter_Peak_2024-01-15
Rawalpindi,Monsoon,8,30.2,74.0,4.9,948.5,2,169.426,20.562,-1.334,0.2214,0.984,252.247,40.985,0.0235,0.0405,8.034,168.617,0.00052,76.0,0.9714,138.733,0.242,-0.014,0.62,21.9,65.0,0,Copernicus CAMS via Open-Meteo,Rawalpindi_Monsoon_2023-08-05
Rawalpindi,Winter_Peak,11,11.8,88.0,6.7,958.5,5,115.32,13.158,-1.429,0.3551,0.962,40.02,10.392,0.0,0.0887,3.948,114.409,0.00014,42.0,0.9634,7.937,0.138,-0.019,0.31,58.2,65.0,1,Copernicus CAMS via Open-Meteo,Rawalpindi_Winter_Peak_2023-11-20
Rawalpindi,Summer,4,15.3,96.0,8.6,950.1,0,123.844,28.231,-0.103,0.3627,0.933,126.573,18.317,0.0105,0.1149,3.772,123.836,0.0004,86.0,0.9077,48.558,0.138,-0.048,0.53,16.6,65.0,0,Copernicus CAMS via Open-Meteo,Rawalpindi_Summer_2024-04-20
Rawalpindi,Winter_Peak,11,13.4,70.0,5.5,955.9,3,87.584,20.207,-0.397,0.3258,0.949,49.26,24.801,0.0115,0.1292,2.607,86.099,0.00048,69.0,0.8946,45.863,0.072,-0.056,0.2,56.2,65.0,1,Copernicus CAMS via Open-Meteo,Rawalpindi_Winter_Peak_2024-11-25
Rawalpindi,Monsoon,8,34.0,41.0,3.7,948.4,0,89.526,12.659,-0.745,0.3795,0.911,41.757,9.454,0.0,0.1556,2.136,89.48,0.00022,38.0,0.8589,5.781,0.067,-0.076,0.33,30.2,65.0,0,Copernicus CAMS via Open-Meteo,Rawalpindi_Monsoon_2023-08-30
Rawalpindi,Winter_Peak,11,16.2,70.0,6.2,960.5,3,155.774,26.246,-1.274,0.2808,0.937,105.863,28.38,0.0005,0.1086,4.463,155.768,0.00025,92.0,0.8942,74.939,0.189,-0.056,1.13,19.3,65.0,0,Copernicus CAMS via Open-Meteo,Rawalpindi_Winter_Peak_2023-11-30
Rawalpindi,Autumn_Harvest,10,18.4,54.0,4.3,957.1,6,73.307,21.915,-0.589,0.3337,0.759,58.096,26.502,0.0128,0.3585,1.159,73.303,0.0004,75.0,0.668,56.173,-0.008,-0.199,0.18,28.3,65.0,0,Copernicus CAMS via Open-Meteo,Rawalpindi_Autumn_Harvest_2023-10-25
Rawalpindi,Summer,6,31.7,39.0,2.2,949.6,0,85.97,18.537,-0.701,0.362,0.815,86.301,15.89,0.0,0.2807,1.518,85.97,0.00035,56.0,0.7513,19.905,0.033,-0.142,0.4,26.0,65.0,0,Copernicus CAMS via Open-Meteo,Rawalpindi_Summer_2023-06-05
Rawalpindi,Monsoon,7,32.2,65.0,6.4,936.5,2,105.857,17.895,0.507,0.2746,0.925,218.09,33.683,0.0385,0.137,2.852,105.517,0.00089,53.0,0.9019,99.477,0.105,-0.052,1.04,79.9,65.0,2,Copernicus CAMS via Open-Meteo,Rawalpindi_Monsoon_2024-07-25
Rawalpindi,Winter_Peak,12,19.2,42.0,18.5,954.5,3,71.247,19.895,-0.765,0.3335,0.78,73.66,32.387,0.0353,0.3224,1.163,71.244,0.00058,72.0,0.6998,73.549,-0.0,-0.177,0.11,19.8,65.0,0,Copernicus CAMS via Open-Meteo,Rawalpindi_Winter_Peak_2023-12-10
Rawalpindi,Monsoon,8,23.9,97.0,4.0,946.5,3,173.877,19.414,-0.444,0.3046,0.956,141.115,31.884,0.0,0.076,5.998,173.831,0.00028,70.0,0.9455,79.733,0.241,-0.028,0.44,22.9,65.0,0,Copernicus CAMS via Open-Meteo,Rawalpindi_Monsoon_2024-08-12
Rawalpindi,Autumn_Harvest,9,26.9,83.0,4.7,947.4,2,82.52,12.694,0.05,0.3138,0.923,73.674,19.064,0.0068,0.1488,2.131,81.634,0.00045,43.0,0.8993,26.948,0.064,-0.053,1.42,68.7,65.0,1,Copernicus CAMS via Open-Meteo,Rawalpindi_Autumn_Harvest_2023-09-15
Rawalpindi,Autumn_Harvest,9,27.1,68.0,8.3,949.6,5,101.789,10.953,-1.318,0.3517,0.94,23.617,8.009,0.0,0.1099,2.953,101.588,0.00012,37.0,0.912,4.247,0.1,-0.046,0.35,45.3,65.0,1,Copernicus CAMS via Open-Meteo,Rawalpindi_Autumn_Harvest_2024-09-18
Rawalpindi,Summer,5,26.4,30.0,8.7,948.1,1,78.427,22.729,-0.153,0.3473,0.808,78.848,34.385,0.0347,0.2932,1.384,78.41,0.00052,72.0,0.7312,75.352,0.017,-0.155,0.19,16.5,65.0,0,Copernicus CAMS via Open-Meteo,Rawalpindi_Summer_2024-05-01
Rawalpindi,Autumn_Harvest,9,29.6,57.0,1.5,951.4,7,97.439,11.557,-1.305,0.3578,0.972,15.019,7.51,0.0,0.1217,2.724,94.848,0.00011,37.0,1.0157,4.033,0.114,0.008,0.34,36.0,65.0,1,Copernicus CAMS via Open-Meteo,Rawalpindi_Autumn_Harvest_2024-09-18
Rawalpindi,Autumn_Harvest,9,23.6,91.0,4.7,945.1,5,84.811,14.971,-0.227,0.3119,0.941,58.127,18.504,0.0044,0.1467,2.303,83.269,0.00034,49.0,0.9534,26.033,0.078,-0.024,0.45,55.9,65.0,1,Copernicus CAMS via Open-Meteo,Rawalpindi_Autumn_Harvest_2024-09-10
Rawalpindi,Autumn_Harvest,9,21.8,93.0,6.2,948.4,3,148.527,16.519,0.299,0.287,1.03,87.098,16.407,0.0154,0.0766,4.926,137.91,0.00025,54.0,1.0766,28.35,0.232,0.037,0.74,36.7,65.0,1,Copernicus CAMS via Open-Meteo,Rawalpindi_Autumn_Harvest_2024-09-28
Rawalpindi,Winter_Peak,11,14.7,90.0,18.6,958.0,4,201.666,12.013,0.15,0.3483,1.033,153.844,23.16,0.0,0.0631,7.236,188.996,0.00021,34.0,1.0659,41.866,0.34,0.032,0.78,70.3,65.0,1,Copernicus CAMS via Open-Meteo,Rawalpindi_Winter_Peak_2024-11-15
Rawalpindi,Monsoon,8,30.0,75.0,5.1,947.7,0,119.963,15.438,1.772,0.1726,0.942,70.703,14.461,0.0084,0.1092,3.587,119.798,0.00023,35.0,0.9372,27.336,0.139,-0.032,0.72,55.4,65.0,1,Copernicus CAMS via Open-Meteo,Rawalpindi_Monsoon_2023-08-20
Rawalpindi,Summer,5,25.5,48.0,5.2,945.7,1,86.111,20.501,-0.194,0.317,0.837,46.036,26.72,0.0116,0.2525,1.685,86.104,0.00029,61.0,0.7654,49.854,0.037,-0.133,0.39,31.9,65.0,0,Copernicus CAMS via Open-Meteo,Rawalpindi_Summer_2024-05-18
Rawalpindi,Winter_Peak,11,17.7,79.0,2.2,959.0,5,193.827,11.707,0.236,0.3376,1.014,131.411,21.119,0.0,0.0378,9.06,187.386,0.00019,35.0,1.0314,37.354,0.312,0.015,0.93,69.6,65.0,1,Copernicus CAMS via Open-Meteo,Rawalpindi_Winter_Peak_2024-11-15
Rawalpindi,Monsoon,7,26.8,80.0,5.6,946.8,1,128.273,19.457,0.472,0.3272,1.017,94.884,16.935,0.0047,0.0626,5.008,122.049,0.00032,56.0,1.045,24.172,0.182,0.022,1.16,36.2,65.0,1,Copernicus CAMS via Open-Meteo,Rawalpindi_Monsoon_2023-07-15
Rawalpindi,Autumn_Harvest,9,26.8,86.0,6.8,948.9,2,99.5,15.09,0.087,0.289,0.926,48.821,21.334,0.0061,0.1439,2.572,98.811,0.00028,51.0,0.8766,37.172,0.088,-0.066,0.86,46.6,65.0,1,Copernicus CAMS via Open-Meteo,Rawalpindi_Autumn_Harvest_2023-09-15
Rawalpindi,Autumn_Harvest,9,29.6,57.0,1.5,951.4,2,112.846,11.673,-1.282,0.3808,0.92,28.927,8.461,0.0,0.1437,2.785,112.652,0.00012,40.0,0.9104,4.815,0.119,-0.047,0.34,36.0,65.0,1,Copernicus CAMS via Open-Meteo,Rawalpindi_Autumn_Harvest_2024-09-18
Rawalpindi,Winter_Peak,12,19.5,32.0,9.0,954.1,1,84.738,18.538,-0.435,0.3448,0.905,65.301,21.168,0.0037,0.1658,2.066,84.18,0.00051,67.0,0.8542,36.147,0.058,-0.079,0.13,23.0,65.0,0,Copernicus CAMS via Open-Meteo,Rawalpindi_Winter_Peak_2024-12-05
Rawalpindi,Winter_Peak,11,11.0,80.0,3.3,958.7,4,110.604,12.133,-1.65,0.3245,0.929,27.407,10.267,0.0,0.1224,3.019,110.478,0.00012,42.0,0.9069,8.662,0.115,-0.049,0.3,18.5,65.0,0,Copernicus CAMS via Open-Meteo,Rawalpindi_Winter_Peak_2023-11-20
Rawalpindi,Summer,5,22.6,59.0,6.1,948.1,0,68.71,15.921,-0.499,0.3542,0.796,97.08,22.494,0.013,0.3096,1.129,68.709,0.00059,57.0,0.6954,35.275,-0.004,-0.18,0.6,37.0,65.0,1,Copernicus CAMS via Open-Meteo,Rawalpindi_Summer_2023-05-25
Rawalpindi,Winter_Peak,12,11.5,58.0,8.2,956.8,5,68.047,18.399,-0.792,0.3297,0.821,80.302,26.7,0.0292,0.2874,1.183,68.041,0.00068,62.0,0.7249,54.005,0.003,-0.159,0.1,20.7,65.0,0,Copernicus CAMS via Open-Meteo,Rawalpindi_Winter_Peak_2023-12-10
Rawalpindi,Autumn_Harvest,10,16.6,93.0,6.2,953.5,3,113.837,15.017,-1.329,0.3654,0.924,36.233,10.84,0.0,0.1332,3.054,113.793,0.00013,46.0,0.8994,8.798,0.118,-0.053,0.42,28.9,65.0,0,Copernicus CAMS via Open-Meteo,Rawalpindi_Autumn_Harvest_2023-10-15
Rawalpindi,Summer,6,33.0,41.0,9.4,946.0,0,133.606,33.214,0.109,0.3043,0.903,322.363,49.056,0.0704,0.1893,3.038,133.396,0.00086,92.0,0.8221,167.852,0.125,-0.098,0.73,34.2,65.0,0,Copernicus CAMS via Open-Meteo,Rawalpindi_Summer_2023-06-15
Rawalpindi,Monsoon,7,25.3,98.0,3.1,947.6,2,152.117,21.412,0.123,0.2968,1.004,38.693,15.432,0.0008,0.0356,7.792,148.811,0.00012,74.0,1.0062,22.146,0.22,0.003,1.15,63.1,65.0,1,Copernicus CAMS via Open-Meteo,Rawalpindi_Monsoon_2023-07-25
Rawalpindi,Winter_Peak,12,5.3,85.0,10.2,954.2,4,68.685,19.794,-0.767,0.3479,0.766,125.068,32.474,0.0366,0.3461,1.088,68.681,0.00079,72.0,0.6719,77.427,-0.011,-0.196,0.12,21.1,65.0,0,Copernicus CAMS via Open-Meteo,Rawalpindi_Winter_Peak_2023-12-10
Rawalpindi,Autumn_Harvest,9,31.1,51.0,4.0,951.1,5,111.447,13.224,-1.255,0.351,0.984,37.841,9.405,0.0,0.1076,3.418,107.554,0.00017,41.0,1.0271,5.863,0.144,0.013,0.37,37.6,65.0,1,Copernicus CAMS via Open-Meteo,Rawalpindi_Autumn_Harvest_2024-09-18
Rawalpindi,Summer,6,23.2,41.0,6.4,945.3,2,62.376,13.103,-0.414,0.3538,0.691,21.285,13.783,0.0,0.4226,0.919,62.376,0.00022,56.0,0.5794,15.264,-0.046,-0.266,0.16,11.8,65.0,0,Copernicus CAMS via Open-Meteo,Rawalpindi_Summer_2024-06-10
Rawalpindi,Monsoon,8,31.0,73.0,7.7,944.3,1,145.448,19.168,-1.444,0.2139,0.991,149.009,34.876,0.0216,0.0925,4.399,140.503,0.00048,69.0,1.0351,106.431,0.215,0.017,0.72,34.6,65.0,0,Copernicus CAMS via Open-Meteo,Rawalpindi_Monsoon_2023-08-05
Rawalpindi,Monsoon,8,26.9,87.0,4.0,946.1,1,156.391,20.833,-1.514,0.2289,1.015,241.581,40.244,0.0311,0.0909,4.675,145.933,0.00059,72.0,1.0716,129.766,0.247,0.035,0.56,57.3,65.0,1,Copernicus CAMS via Open-Meteo,Rawalpindi_Monsoon_2023-08-05
Rawalpindi,Summer,6,28.5,58.0,10.1,946.4,1,131.066,32.871,0.118,0.3019,0.928,218.765,42.942,0.0581,0.1303,4.45,130.942,0.00068,89.0,0.8913,139.321,0.146,-0.057,0.72,31.3,65.0,0,Copernicus CAMS via Open-Meteo,Rawalpindi_Summer_2023-06-15
Rawalpindi,Monsoon,7,24.2,91.0,15.7,946.9,0,142.986,20.379,0.201,0.2844,1.002,44.746,15.455,0.0011,0.0692,5.425,137.757,0.00014,72.0,1.0364,22.18,0.21,0.018,0.56,27.8,65.0,0,Copernicus CAMS via Open-Meteo,Rawalpindi_Monsoon_2023-07-25
Rawalpindi,Winter_Peak,1,9.4,84.0,2.9,960.1,4,136.193,16.703,0.621,0.2784,1.015,61.217,11.383,0.0003,0.046,5.962,131.163,0.00023,52.0,1.0169,9.78,0.191,0.008,0.32,53.9,65.0,1,Copernicus CAMS via Open-Meteo,Rawalpindi_Winter_Peak_2024-01-05
Rawalpindi,Monsoon,8,25.6,91.0,4.9,947.1,0,115.207,14.919,1.138,0.2518,0.918,97.769,21.335,0.019,0.1548,2.675,115.2,0.00038,49.0,0.8449,50.233,0.104,-0.084,0.63,59.1,65.0,1,Copernicus CAMS via Open-Meteo,Rawalpindi_Monsoon_2024-08-25
Rawalpindi,Monsoon,8,23.3,78.0,2.9,947.4,2,81.729,11.565,-0.767,0.372,0.884,38.291,8.943,0.0,0.2049,1.666,81.713,0.00022,36.0,0.8779,5.3,0.058,-0.065,0.25,24.6,65.0,0,Copernicus CAMS via Open-Meteo,Rawalpindi_Monsoon_2023-08-30
Rawalpindi,Monsoon,8,24.1,95.0,3.7,946.1,3,167.973,22.434,-1.516,0.2214,1.001,313.407,44.828,0.032,0.0826,5.476,160.674,0.00064,79.0,1.045,155.044,0.264,0.022,0.76,41.7,65.0,1,Copernicus CAMS via Open-Meteo,Rawalpindi_Monsoon_2023-08-05
Rawalpindi,Autumn_Harvest,10,18.9,73.0,6.6,953.1,2,121.355,10.951,-1.683,0.3698,0.977,33.447,8.147,0.0,0.1119,3.503,117.617,0.00015,46.0,1.0173,4.647,0.162,0.009,0.27,11.6,65.0,0,Copernicus CAMS via Open-Meteo,Rawalpindi_Autumn_Harvest_2024-10-15
Rawalpindi,Monsoon,8,24.9,93.0,7.3,946.0,1,153.688,18.666,-1.309,0.2171,0.961,244.332,38.849,0.0237,0.077,5.327,153.503,0.00057,70.0,0.926,124.654,0.197,-0.038,1.0,39.6,65.0,1,Copernicus CAMS via Open-Meteo,Rawalpindi_Monsoon_2023-08-05
Rawalpindi,Winter_Peak,12,20.7,47.0,11.5,960.5,5,90.788,27.934,0.594,0.2485,0.899,124.236,36.507,0.0459,0.1928,2.116,90.133,0.00083,93.0,0.8178,97.566,0.058,-0.1,0.23,21.0,65.0,0,Copernicus CAMS via Open-Meteo,Rawalpindi_Winter_Peak_2023-12-01
Rawalpindi,Winter_Peak,1,8.6,82.0,11.2,954.5,0,116.522,11.676,-1.459,0.327,0.986,88.068,15.502,0.0003,0.0558,4.924,114.807,0.00029,37.0,0.9778,17.541,0.143,-0.011,0.56,114.6,65.0,2,Copernicus CAMS via Open-Meteo,Rawalpindi_Winter_Peak_2024-01-15
Rawalpindi,Winter_Peak,11,23.4,57.0,4.1,955.7,4,84.636,22.944,-0.444,0.3118,0.891,77.28,18.017,0.0006,0.1875,1.95,84.311,0.0006,82.0,0.8344,25.063,0.053,-0.09,0.09,17.1,65.0,0,Copernicus CAMS via Open-Meteo,Rawalpindi_Winter_Peak_2024-11-01
Rawalpindi,Monsoon,7,27.9,77.0,6.2,944.8,1,43.238,2.619,0.002,0.3126,0.956,62.346,7.603,0.0,0.1197,1.249,42.355,0.00117,6.0,0.9635,3.051,0.002,-0.019,0.48,47.0,65.0,1,Copernicus CAMS via Open-Meteo,Rawalpindi_Monsoon_2024-07-10
Rawalpindi,Autumn_Harvest,9,23.7,73.0,6.6,950.6,5,83.886,16.247,0.597,0.2835,0.885,33.952,13.096,0.0011,0.1914,1.785,83.882,0.00021,51.0,0.8195,15.705,0.048,-0.099,0.32,40.4,65.0,1,Copernicus CAMS via Open-Meteo,Rawalpindi_Autumn_Harvest_2023-09-25
Rawalpindi,Monsoon,8,29.8,80.0,5.5,947.3,3,111.975,15.214,1.583,0.1898,0.954,63.583,14.766,0.0091,0.116,3.233,110.982,0.00023,36.0,0.9742,30.585,0.134,-0.013,0.73,57.6,65.0,1,Copernicus CAMS via Open-Meteo,Rawalpindi_Monsoon_2023-08-20
Rawalpindi,Monsoon,8,26.9,87.0,4.0,945.6,1,142.605,18.745,1.142,0.2514,0.973,110.916,24.503,0.0187,0.0747,5.044,141.505,0.00036,58.0,0.9321,68.793,0.179,-0.035,0.78,79.2,65.0,2,Copernicus CAMS via Open-Meteo,Rawalpindi_Monsoon_2024-08-25
Rawalpindi,Winter_Peak,12,19.9,37.0,11.0,959.2,3,81.563,37.152,0.196,0.3031,0.916,94.713,38.073,0.0757,0.1926,2.3,80.551,0.00078,112.0,0.8534,104.128,0.052,-0.079,0.09,29.2,65.0,0,Copernicus CAMS via Open-Meteo,Rawalpindi_Winter_Peak_2023-12-20
Rawalpindi,Summer,6,27.0,35.0,7.2,945.0,1,54.624,11.456,-0.428,0.3326,0.688,54.081,13.087,0.0,0.4267,0.803,54.624,0.00036,50.0,0.5746,12.651,-0.052,-0.27,0.22,22.8,65.0,0,Copernicus CAMS via Open-Meteo,Rawalpindi_Summer_2024-06-10
Rawalpindi,Summer,5,30.0,39.0,11.5,950.6,2,77.87,17.798,-0.527,0.3584,0.783,48.034,26.006,0.014,0.3134,1.268,77.87,0.00033,66.0,0.7134,49.962,0.011,-0.167,0.66,36.3,65.0,1,Copernicus CAMS via Open-Meteo,Rawalpindi_Summer_2023-05-25
Rawalpindi,Autumn_Harvest,10,24.3,60.0,3.5,955.6,2,95.563,13.513,-1.264,0.37,0.871,14.104,9.59,0.0,0.2235,1.797,95.563,0.00012,44.0,0.7827,7.632,0.055,-0.122,0.38,31.5,65.0,0,Copernicus CAMS via Open-Meteo,Rawalpindi_Autumn_Harvest_2023-10-15
Rawalpindi,Winter_Peak,12,18.0,47.0,17.6,953.7,2,80.247,21.432,-0.818,0.3521,0.791,119.798,32.932,0.0297,0.3195,1.316,80.244,0.00065,75.0,0.694,81.268,0.008,-0.181,0.11,20.4,65.0,0,Copernicus CAMS via Open-Meteo,Rawalpindi_Winter_Peak_2023-12-10
Rawalpindi,Summer,5,25.1,29.0,4.7,937.4,0,64.883,19.95,-0.586,0.3598,0.735,126.153,33.132,0.0446,0.3822,1.0,64.883,0.00084,73.0,0.6338,79.396,-0.026,-0.224,0.11,13.1,65.0,0,Copernicus CAMS via Open-Meteo,Rawalpindi_Summer_2024-05-28
Rawalpindi,Summer,6,22.9,57.0,5.1,946.9,1,94.541,19.417,-0.684,0.3504,0.799,43.329,16.829,0.0,0.3045,1.58,94.541,0.00018,61.0,0.7505,23.031,0.044,-0.143,0.29,27.0,65.0,0,Copernicus CAMS via Open-Meteo,Rawalpindi_Summer_2023-06-05
Rawalpindi,Monsoon,8,26.9,87.0,4.0,945.6,2,137.112,17.819,1.159,0.2472,0.936,89.617,23.078,0.0167,0.1137,3.841,137.094,0.00027,57.0,0.927,59.937,0.168,-0.038,0.78,79.2,65.0,2,Copernicus CAMS via Open-Meteo,Rawalpindi_Monsoon_2024-08-25
Rawalpindi,Autumn_Harvest,9,33.0,42.0,3.5,949.3,3,94.48,10.76,-1.217,0.3885,0.944,46.319,8.745,0.0,0.1539,2.274,93.159,0.0002,35.0,0.9823,4.72,0.102,-0.009,0.48,39.7,65.0,1,Copernicus CAMS via Open-Meteo,Rawalpindi_Autumn_Harvest_2024-09-18
Rawalpindi,Monsoon,8,26.0,90.0,1.1,946.5,1,124.313,20.003,0.839,0.2736,0.994,34.416,11.149,0.0005,0.0455,5.597,121.992,0.00016,52.0,0.9831,12.323,0.16,-0.009,0.62,33.9,65.0,0,Copernicus CAMS via Open-Meteo,Rawalpindi_Monsoon_2024-08-05
Rawalpindi,Winter_Peak,11,10.3,84.0,7.4,958.4,1,100.638,10.669,-1.665,0.3417,0.93,16.122,8.798,0.0,0.1322,2.601,100.43,9e-05,38.0,0.9268,6.858,0.102,-0.038,0.28,47.1,65.0,1,Copernicus CAMS via Open-Meteo,Rawalpindi_Winter_Peak_2023-11-20
Rawalpindi,Monsoon,8,29.1,77.0,5.4,947.9,1,134.436,20.63,0.8,0.2778,0.92,55.739,13.222,0.0,0.1362,3.446,134.415,0.00017,61.0,0.9025,14.046,0.155,-0.051,0.55,18.5,65.0,0,Copernicus CAMS via Open-Meteo,Rawalpindi_Monsoon_2024-08-05
Rawalpindi,Monsoon,8,31.0,72.0,5.4,947.3,1,126.454,21.057,0.757,0.2988,0.917,79.34,13.802,0.0022,0.1406,3.184,126.436,0.00025,60.0,0.8972,21.987,0.14,-0.054,0.53,14.6,65.0,0,Copernicus CAMS via Open-Meteo,Rawalpindi_Monsoon_2024-08-05
Rawalpindi,Monsoon,7,26.1,88.0,2.3,947.9,0,145.455,21.571,0.229,0.2827,1.079,79.745,15.053,0.0011,0.1359,3.273,126.218,0.00024,69.0,1.1497,17.891,0.242,0.07,0.83,36.6,65.0,1,Copernicus CAMS via Open-Meteo,Rawalpindi_Monsoon_2023-07-25
Rawalpindi,Autumn_Harvest,9,33.2,58.0,6.0,950.8,6,95.884,14.74,0.049,0.2962,0.909,74.918,21.629,0.0057,0.1892,2.042,94.574,0.00037,52.0,0.9191,38.046,0.091,-0.042,0.8,38.6,65.0,1,Copernicus CAMS via Open-Meteo,Rawalpindi_Autumn_Harvest_2023-09-15
Rawalpindi,Winter_Peak,12,6.0,77.0,9.3,958.2,8,86.221,38.565,0.249,0.3005,0.884,161.971,45.792,0.0862,0.2226,2.044,85.576,0.00107,124.0,0.8529,151.596,0.06,-0.079,0.11,20.7,65.0,0,Copernicus CAMS via Open-Meteo,Rawalpindi_Winter_Peak_2023-12-20
Rawalpindi,Autumn_Harvest,9,22.8,80.0,5.1,951.2,1,154.123,17.371,0.28,0.2845,0.997,103.227,18.025,0.0157,0.039,7.475,151.653,0.00026,59.0,1.0041,34.075,0.223,0.002,0.48,31.0,65.0,0,Copernicus CAMS via Open-Meteo,Rawalpindi_Autumn_Harvest_2024-09-28
Rawalpindi,Monsoon,7,29.7,75.0,5.5,948.8,0,45.39,2.007,0.011,0.2873,0.989,37.951,5.995,0.0,0.1223,1.214,42.997,0.0007,4.0,1.0457,1.881,0.013,0.022,0.87,51.8,65.0,1,Copernicus CAMS via Open-Meteo,Rawalpindi_Monsoon_2024-07-10
Rawalpindi,Monsoon,8,24.8,98.0,4.5,946.4,1,122.132,19.396,0.794,0.286,0.984,27.894,10.218,0.0,0.069,4.632,119.967,0.00016,51.0,1.0037,8.42,0.16,0.002,0.73,31.1,65.0,0,Copernicus CAMS via Open-Meteo,Rawalpindi_Monsoon_2024-08-05
Rawalpindi,Monsoon,7,27.0,82.0,6.5,945.9,0,151.855,23.058,0.414,0.3447,1.022,57.103,17.192,0.0037,0.1017,4.228,139.637,0.00018,67.0,1.0875,29.321,0.242,0.042,1.83,44.8,65.0,1,Copernicus CAMS via Open-Meteo,Rawalpindi_Monsoon_2023-07-15
Rawalpindi,Autumn_Harvest,10,22.6,67.0,4.5,955.4,5,113.619,15.057,-1.195,0.3315,0.94,77.582,12.726,0.0,0.1379,3.002,112.891,0.00029,46.0,0.9564,10.795,0.133,-0.022,0.4,33.4,65.0,0,Copernicus CAMS via Open-Meteo,Rawalpindi_Autumn_Harvest_2023-10-15
Rawalpindi,Monsoon,8,29.1,64.0,5.1,948.3,1,100.448,13.865,-0.72,0.3581,0.899,73.47,11.07,0.0,0.1767,2.268,100.398,0.00026,42.0,0.8858,7.492,0.092,-0.061,0.25,37.1,65.0,1,Copernicus CAMS via Open-Meteo,Rawalpindi_Monsoon_2023-08-30
Rawalpindi,Monsoon,7,28.8,77.0,2.9,938.7,2,115.46,19.906,0.28,0.2917,0.881,226.269,36.345,0.0356,0.1935,2.448,115.439,0.0007,63.0,0.8299,125.163,0.1,-0.093,1.54,64.0,65.0,1,Copernicus CAMS via Open-Meteo,Rawalpindi_Monsoon_2024-07-25
Rawalpindi,Autumn_Harvest,10,19.0,63.0,5.4,950.6,3,85.143,19.282,-0.65,0.335,0.919,61.675,14.699,0.0005,0.1541,2.234,84.587,0.00047,67.0,0.871,17.717,0.062,-0.069,0.13,14.4,65.0,0,Copernicus CAMS via Open-Meteo,Rawalpindi_Autumn_Harvest_2023-10-05
Rawalpindi,Winter_Peak,11,11.6,91.0,9.9,960.0,3,149.263,21.759,-1.415,0.2603,1.033,61.376,21.44,0.0007,0.0557,5.666,141.064,0.00024,69.25,1.048,45.104,0.226,0.023,0.69,20.3,65.0,0,Copernicus CAMS via Open-Meteo,Rawalpindi_Winter_Peak_2023-11-30
Rawalpindi,Winter_Peak,11,16.2,70.0,6.2,960.5,2,146.267,23.165,-1.387,0.2768,1.024,113.279,25.306,0.001,0.0659,5.176,137.569,0.00034,72.0,1.0126,55.965,0.21,0.006,1.13,19.3,65.0,0,Copernicus CAMS via Open-Meteo,Rawalpindi_Winter_Peak_2023-11-30
Rawalpindi,Winter_Peak,1,4.7,99.0,4.0,957.0,1,132.69,16.562,0.531,0.3012,0.974,15.099,9.914,0.0004,0.0522,5.55,132.329,0.00013,55.0,0.9726,9.612,0.173,-0.014,0.33,35.4,65.0,1,Copernicus CAMS via Open-Meteo,Rawalpindi_Winter_Peak_2024-01-05
Rawalpindi,Summer,5,27.9,45.0,18.9,947.8,0,72.898,16.546,-0.519,0.3361,0.817,93.888,22.973,0.0115,0.2815,1.267,72.893,0.00055,58.0,0.7252,37.539,0.009,-0.159,0.48,28.8,65.0,0,Copernicus CAMS via Open-Meteo,Rawalpindi_Summer_2023-05-25
Rawalpindi,Monsoon,7,31.3,69.0,1.6,947.6,1,132.13,19.079,0.283,0.2853,1.043,77.399,15.396,0.0008,0.1371,2.99,115.935,0.00025,62.0,1.1397,19.694,0.211,0.065,0.97,50.4,65.0,1,Copernicus CAMS via Open-Meteo,Rawalpindi_Monsoon_2023-07-25
Rawalpindi,Autumn_Harvest,9,28.7,46.0,1.1,952.0,5,83.524,16.426,0.655,0.2837,0.872,41.903,12.879,0.0003,0.207,1.703,83.521,0.00023,54.0,0.8049,14.58,0.044,-0.108,0.54,27.6,65.0,0,Copernicus CAMS via Open-Meteo,Rawalpindi_Autumn_Harvest_2023-09-25
Rawalpindi,Winter_Peak,12,5.5,86.0,9.7,954.8,2,69.073,19.052,-0.766,0.3407,0.77,88.828,32.122,0.0374,0.3355,1.104,69.072,0.00064,71.0,0.684,75.67,-0.007,-0.188,0.13,25.2,65.0,0,Copernicus CAMS via Open-Meteo,Rawalpindi_Winter_Peak_2023-12-10
Rawalpindi,Summer,4,15.4,93.0,7.5,949.0,0,146.748,34.523,-0.117,0.3574,0.987,142.908,19.619,0.0093,0.0677,5.987,143.706,0.00038,98.0,0.9992,56.033,0.208,-0.0,0.43,12.3,65.0,0,Copernicus CAMS via Open-Meteo,Rawalpindi_Summer_2024-04-20
Rawalpindi,Winter_Peak,11,14.7,78.0,11.7,952.0,3,75.911,20.949,-0.406,0.3144,0.966,54.987,14.981,0.0004,0.1224,2.293,73.732,0.00067,67.0,0.932,17.672,0.058,-0.035,0.1,14.8,65.0,0,Copernicus CAMS via Open-Meteo,Rawalpindi_Winter_Peak_2024-11-01
Rawalpindi,Monsoon,7,35.3,55.0,2.9,936.3,0,96.543,16.178,0.463,0.275,0.874,143.66,31.29,0.0373,0.1994,1.985,96.537,0.00069,51.0,0.8306,95.073,0.071,-0.093,1.17,72.2,65.0,1,Copernicus CAMS via Open-Meteo,Rawalpindi_Monsoon_2024-07-25
Rawalpindi,Summer,6,27.6,37.0,8.1,939.0,2,108.517,7.503,-1.264,0.3626,0.871,17.214,6.43,0.0,0.2043,2.122,108.517,7e-05,27.0,0.795,2.952,0.078,-0.114,0.41,28.4,65.0,0,Copernicus CAMS via Open-Meteo,Rawalpindi_Summer_2024-06-20
Rawalpindi,Summer,6,30.8,27.0,4.7,946.1,1,72.86,14.062,-0.348,0.3494,0.759,24.0,13.336,0.0,0.3481,1.152,72.859,0.00022,55.0,0.6523,14.543,-0.013,-0.21,0.3,21.8,65.0,0,Copernicus CAMS via Open-Meteo,Rawalpindi_Summer_2024-06-10
Rawalpindi,Winter_Peak,1,18.0,48.0,7.9,956.3,8,115.431,11.562,-1.541,0.3209,0.92,48.484,15.107,0.0003,0.1286,2.98,115.38,0.00017,42.0,0.8911,18.706,0.119,-0.058,0.39,71.2,65.0,1,Copernicus CAMS via Open-Meteo,Rawalpindi_Winter_Peak_2024-01-15
Rawalpindi,Summer,5,25.5,43.0,9.3,947.5,0,90.099,19.921,-0.506,0.331,0.77,76.678,28.049,0.007,0.334,1.442,90.099,0.00036,67.0,0.6783,56.687,0.013,-0.192,0.43,14.1,65.0,0,Copernicus CAMS via Open-Meteo,Rawalpindi_Summer_2024-05-18
Rawalpindi,Winter_Peak,12,9.4,88.0,8.9,960.6,5,73.716,23.407,0.606,0.2401,0.894,115.31,30.74,0.0429,0.1914,1.715,72.997,0.00097,81.0,0.8637,70.884,0.042,-0.073,0.38,11.1,65.0,0,Copernicus CAMS via Open-Meteo,Rawalpindi_Winter_Peak_2023-12-01
Rawalpindi,Summer,6,34.3,33.0,3.5,942.8,0,103.748,8.096,-1.25,0.3706,0.877,66.187,9.468,0.0,0.2225,1.948,103.747,0.00021,27.0,0.7762,5.461,0.065,-0.126,0.59,27.1,65.0,0,Copernicus CAMS via Open-Meteo,Rawalpindi_Summer_2024-06-20
Rawalpindi,Winter_Peak,11,15.5,74.0,12.5,952.6,1,85.868,22.433,-0.554,0.3148,0.932,16.449,13.254,0.0,0.136,2.658,85.182,0.00032,75.0,0.8938,15.558,0.068,-0.056,0.11,20.2,65.0,0,Copernicus CAMS via Open-Meteo,Rawalpindi_Winter_Peak_2024-11-01
Rawalpindi,Monsoon,8,27.2,93.0,6.3,944.9,0,134.796,21.046,0.792,0.2701,0.991,83.326,13.668,0.0,0.0625,5.379,131.685,0.00026,56.0,1.0061,13.912,0.186,0.003,0.31,31.3,65.0,0,Copernicus CAMS via Open-Meteo,Rawalpindi_Monsoon_2024-08-05
Rawalpindi,Winter_Peak,11,23.9,50.0,5.7,958.3,2,98.501,19.386,-1.185,0.3777,1.006,57.053,14.601,0.0003,0.0799,3.841,94.123,0.0004,67.0,1.0263,17.326,0.118,0.013,0.17,21.1,65.0,0,Copernicus CAMS via Open-Meteo,Rawalpindi_Winter_Peak_2023-11-05
Rawalpindi,Summer,5,27.8,42.0,5.5,946.3,2,80.833,19.822,-0.138,0.323,0.799,81.771,28.09,0.0157,0.3163,1.343,80.83,0.00042,62.0,0.6916,53.942,0.008,-0.182,0.46,35.3,65.0,1,Copernicus CAMS via Open-Meteo,Rawalpindi_Summer_2024-05-18
Rawalpindi,Winter_Peak,11,22.0,40.0,7.2,956.4,1,87.679,20.039,-0.415,0.33,0.972,46.789,23.657,0.0094,0.1099,2.826,85.156,0.00047,67.0,0.942,42.407,0.081,-0.03,0.21,19.8,65.0,0,Copernicus CAMS via Open-Meteo,Rawalpindi_Winter_Peak_2024-11-25
Rawalpindi,Summer,4,15.3,96.0,8.6,950.1,1,143.292,28.997,-0.045,0.3815,1.008,102.579,17.207,0.0106,0.0441,6.55,139.093,0.00033,74.0,1.0136,49.402,0.205,0.007,0.53,16.6,65.0,0,Copernicus CAMS via Open-Meteo,Rawalpindi_Summer_2024-04-20
Rawalpindi,Monsoon,7,27.9,85.0,7.1,946.8,2,57.73,1.74,-0.001,0.3261,1.016,29.053,5.188,0.0,0.0715,2.053,54.616,0.00036,4.0,1.0526,1.424,0.039,0.026,0.64,61.2,65.0,1,Copernicus CAMS via Open-Meteo,Rawalpindi_Monsoon_2024-07-10
Rawalpindi,Autumn_Harvest,10,28.2,49.0,3.3,959.2,4,152.81,6.145,-0.741,0.3837,0.985,48.681,8.179,0.0,0.1111,4.105,146.967,9e-05,24.0,1.0374,4.403,0.23,0.018,0.72,61.9,65.0,1,Copernicus CAMS via Open-Meteo,Rawalpindi_Autumn_Harvest_2024-10-22
Rawalpindi,Autumn_Harvest,9,34.5,52.0,5.9,950.1,1,101.067,15.271,0.075,0.3038,0.948,39.527,20.783,0.0057,0.1209,2.996,99.333,0.00024,50.0,0.9396,39.552,0.105,-0.031,0.77,38.2,65.0,1,Copernicus CAMS via Open-Meteo,Rawalpindi_Autumn_Harvest_2023-09-15
Rawalpindi,Monsoon,8,26.0,89.0,6.1,947.3,2,156.513,18.245,-1.255,0.224,0.966,220.991,38.411,0.0209,0.0613,6.112,156.366,0.00052,69.0,0.9559,117.158,0.213,-0.023,0.6,30.3,65.0,0,Copernicus CAMS via Open-Meteo,Rawalpindi_Monsoon_2023-08-05
Rawalpindi,Monsoon,7,28.2,83.0,4.7,944.7,2,50.008,2.88,0.002,0.3019,0.979,75.605,8.446,0.0,0.096,1.612,48.487,0.00114,7.0,0.9798,3.736,0.016,-0.01,0.46,44.4,65.0,1,Copernicus CAMS via Open-Meteo,Rawalpindi_Monsoon_2024-07-10
Rawalpindi,Monsoon,8,25.5,89.0,3.9,947.0,0,136.073,17.653,1.15,0.2518,0.926,131.016,26.459,0.0181,0.1601,3.091,135.799,0.00034,59.0,0.9503,68.431,0.173,-0.025,0.65,54.7,65.0,1,Copernicus CAMS via Open-Meteo,Rawalpindi_Monsoon_2024-08-25
Rawalpindi,Autumn_Harvest,10,29.9,40.0,6.2,955.2,2,124.44,12.239,-1.626,0.3606,1.008,33.217,8.179,0.0,0.0662,4.884,119.335,0.00014,48.0,1.0049,4.576,0.165,0.002,0.31,33.1,65.0,0,Copernicus CAMS via Open-Meteo,Rawalpindi_Autumn_Harvest_2024-10-15
Rawalpindi,Monsoon,8,32.6,64.0,5.4,946.9,0,147.624,19.23,-1.498,0.219,0.948,190.587,38.043,0.0246,0.0852,4.764,147.581,0.0005,72.0,0.9207,120.786,0.185,-0.041,0.8,27.6,65.0,0,Copernicus CAMS via Open-Meteo,Rawalpindi_Monsoon_2023-08-05
Rawalpindi,Summer,5,14.3,67.0,6.5,945.8,1,68.363,18.742,-0.325,0.345,0.761,77.706,29.691,0.0286,0.3595,1.065,68.363,0.00059,65.0,0.6518,60.027,-0.018,-0.211,0.35,21.2,65.0,0,Copernicus CAMS via Open-Meteo,Rawalpindi_Summer_2024-05-01
Rawalpindi,Winter_Peak,11,17.2,64.0,2.6,962.1,2,101.692,11.515,-1.652,0.3161,0.921,22.172,9.561,0.0,0.1328,2.636,101.645,0.00012,40.0,0.8865,7.765,0.094,-0.06,0.28,34.2,65.0,0,Copernicus CAMS via Open-Meteo,Rawalpindi_Winter_Peak_2023-11-20
Rawalpindi,Winter_Peak,11,14.3,73.0,4.8,956.9,3,157.901,25.098,-1.387,0.2723,0.935,149.901,29.783,0.0005,0.1204,4.264,157.893,0.00031,89.0,0.8813,80.87,0.188,-0.063,0.67,22.9,65.0,0,Copernicus CAMS via Open-Meteo,Rawalpindi_Winter_Peak_2023-11-30
Rawalpindi,Monsoon,7,33.5,56.0,1.1,942.8,2,140.019,22.01,0.455,0.3392,1.017,36.205,16.102,0.0048,0.1089,3.717,128.807,0.00019,65.0,1.087,27.221,0.217,0.042,1.23,45.6,65.0,1,Copernicus CAMS via Open-Meteo,Rawalpindi_Monsoon_2023-07-15
Rawalpindi,Monsoon,8,33.8,40.0,1.3,948.1,2,85.792,11.319,-0.747,0.3545,0.883,42.73,9.203,0.0,0.1964,1.796,85.782,0.00021,36.0,0.8645,5.26,0.062,-0.073,0.32,29.3,65.0,0,Copernicus CAMS via Open-Meteo,Rawalpindi_Monsoon_2023-08-30
Rawalpindi,Summer,6,22.9,44.0,7.6,944.0,1,73.793,15.92,-0.406,0.3515,0.776,65.327,16.129,0.001,0.3215,1.212,73.779,0.00037,60.0,0.6918,19.718,0.0,-0.182,0.12,16.7,65.0,0,Copernicus CAMS via Open-Meteo,Rawalpindi_Summer_2024-06-10
Rawalpindi,Autumn_Harvest,10,21.2,81.0,5.5,956.1,6,170.694,6.501,-0.84,0.3999,1.036,15.028,5.916,0.0,0.0822,5.295,156.832,3e-05,25.0,1.0884,2.825,0.282,0.042,0.65,64.3,65.0,1,Copernicus CAMS via Open-Meteo,Rawalpindi_Autumn_Harvest_2024-10-22
Rawalpindi,Summer,6,33.2,27.0,9.1,947.5,0,86.565,18.143,-0.631,0.3574,0.791,61.046,16.74,0.0,0.3229,1.39,86.565,0.00027,56.0,0.6851,21.9,0.012,-0.187,0.3,16.5,65.0,0,Copernicus CAMS via Open-Meteo,Rawalpindi_Summer_2023-06-05
Rawalpindi,Summer,5,39.5,13.0,16.6,939.6,1,62.31,19.648,-0.418,0.336,0.757,73.029,30.815,0.0468,0.3636,0.984,62.309,0.00071,67.0,0.6495,69.692,-0.024,-0.213,0.16,9.5,65.0,0,Copernicus CAMS via Open-Meteo,Rawalpindi_Summer_2024-05-28
Rawalpindi,Winter_Peak,12,6.4,68.0,9.1,959.0,5,87.819,39.263,0.221,0.3002,0.908,140.982,43.697,0.085,0.1964,2.536,87.054,0.00102,121.0,0.8467,138.387,0.061,-0.083,0.06,22.0,65.0,0,Copernicus CAMS via Open-Meteo,Rawalpindi_Winter_Peak_2023-12-20
Rawalpindi,Winter_Peak,12,6.0,75.0,11.3,958.2,6,80.703,36.389,0.127,0.3206,0.865,109.23,38.852,0.0645,0.2518,1.916,80.617,0.00084,118.0,0.7817,115.199,0.034,-0.122,0.12,23.6,65.0,0,Copernicus CAMS via Open-Meteo,Rawalpindi_Winter_Peak_2023-12-20
Rawalpindi,Autumn_Harvest,9,25.7,73.0,7.1,949.5,3,152.147,17.091,0.282,0.2831,0.946,124.447,19.078,0.0154,0.1114,4.261,152.042,0.00029,61.0,0.8878,37.692,0.181,-0.059,0.41,39.8,65.0,1,Copernicus CAMS via Open-Meteo,Rawalpindi_Autumn_Harvest_2024-09-28
Rawalpindi,Autumn_Harvest,10,22.3,57.0,9.3,957.2,2,66.558,19.875,-0.553,0.3356,0.74,72.172,25.821,0.0143,0.3868,1.015,66.556,0.00053,70.0,0.6318,54.584,-0.026,-0.226,0.15,21.7,65.0,0,Copernicus CAMS via Open-Meteo,Rawalpindi_Autumn_Harvest_2023-10-25
Rawalpindi,Monsoon,8,31.7,64.0,5.6,947.9,1,145.003,18.471,1.171,0.2447,0.985,93.733,23.718,0.0167,0.0741,5.133,142.283,0.00029,56.0,1.0113,62.153,0.207,0.006,0.71,42.8,65.0,1,Copernicus CAMS via Open-Meteo,Rawalpindi_Monsoon_2024-08-25
Rawalpindi,Autumn_Harvest,10,22.3,57.0,9.3,957.2,3,64.02,19.347,-0.621,0.3473,0.782,85.75,22.384,0.0116,0.3313,1.067,64.014,0.00062,63.0,0.704,40.192,-0.007,-0.174,0.15,21.7,65.0,0,Copernicus CAMS via Open-Meteo,Rawalpindi_Autumn_Harvest_2023-10-25
Rawalpindi,Summer,6,27.0,35.0,7.2,945.0,1,66.796,14.471,-0.477,0.3341,0.772,82.474,14.827,0.0008,0.3299,1.088,66.788,0.00047,54.0,0.6762,15.559,-0.012,-0.193,0.22,22.8,65.0,0,Copernicus CAMS via Open-Meteo,Rawalpindi_Summer_2024-06-10
Rawalpindi,Winter_Peak,12,11.0,49.0,4.6,954.7,3,87.126,18.067,-0.573,0.3598,0.943,24.384,17.004,0.0017,0.1179,2.822,86.229,0.00033,62.0,0.9064,24.5,0.073,-0.049,0.14,50.2,65.0,1,Copernicus CAMS via Open-Meteo,Rawalpindi_Winter_Peak_2024-12-05
Rawalpindi,Autumn_Harvest,9,30.8,66.0,8.6,944.5,4,85.803,14.451,-0.294,0.3156,0.909,87.856,18.595,0.0039,0.1789,2.008,85.092,0.00047,49.0,0.9087,25.589,0.071,-0.048,0.53,33.4,65.0,0,Copernicus CAMS via Open-Meteo,Rawalpindi_Autumn_Harvest_2024-09-10
Rawalpindi,Winter_Peak,1,11.6,76.0,3.7,960.1,4,161.499,20.326,0.544,0.2933,1.023,36.73,11.989,0.0005,0.0752,5.216,150.929,0.00016,64.0,1.0022,12.68,0.237,0.001,0.3,53.4,65.0,1,Copernicus CAMS via Open-Meteo,Rawalpindi_Winter_Peak_2024-01-05
Rawalpindi,Autumn_Harvest,10,18.7,50.0,3.1,956.7,4,67.091,19.658,-0.597,0.3439,0.769,38.381,23.236,0.0141,0.3431,1.087,67.091,0.00041,67.0,0.6871,43.91,-0.008,-0.185,0.18,16.5,65.0,0,Copernicus CAMS via Open-Meteo,Rawalpindi_Autumn_Harvest_2023-10-25
Rawalpindi,Autumn_Harvest,10,21.2,73.0,5.8,952.2,1,102.95,14.139,-1.161,0.3289,0.89,82.766,12.93,0.0,0.1879,2.189,102.941,0.00031,45.0,0.8244,11.01,0.079,-0.096,0.39,20.7,65.0,0,Copernicus CAMS via Open-Meteo,Rawalpindi_Autumn_Harvest_2023-10-15
Rawalpindi,Summer,6,35.0,28.0,5.7,941.4,2,114.682,8.412,-1.388,0.3988,0.908,24.024,7.197,0.0,0.1571,2.623,114.682,9e-05,28.0,0.8423,3.59,0.103,-0.086,0.68,28.5,65.0,0,Copernicus CAMS via Open-Meteo,Rawalpindi_Summer_2024-06-20
Rawalpindi,Monsoon,7,31.5,61.0,0.5,943.8,0,137.364,22.07,0.497,0.3382,1.039,34.061,15.047,0.0058,0.0801,4.24,126.324,0.0002,62.0,1.0359,24.213,0.199,0.018,0.61,35.6,65.0,1,Copernicus CAMS via Open-Meteo,Rawalpindi_Monsoon_2023-07-15
Rawalpindi,Winter_Peak,11,11.5,80.0,3.6,955.3,1,79.501,18.819,-0.387,0.3325,0.944,31.219,23.565,0.0131,0.1268,2.386,78.152,0.00044,65.0,0.9244,42.148,0.063,-0.039,0.22,31.9,65.0,0,Copernicus CAMS via Open-Meteo,Rawalpindi_Winter_Peak_2024-11-25
Rawalpindi,Summer,6,32.0,31.0,10.2,942.5,2,127.927,9.568,-1.452,0.3886,0.936,18.424,7.211,0.0,0.1045,3.73,127.927,7e-05,30.0,0.904,3.905,0.144,-0.05,0.37,25.6,65.0,0,Copernicus CAMS via Open-Meteo,Rawalpindi_Summer_2024-06-20
Rawalpindi,Autumn_Harvest,10,21.2,67.0,5.3,951.9,4,117.58,10.841,-1.606,0.3089,1.027,60.53,9.411,0.0,0.0762,4.5,109.943,0.00025,43.0,1.0623,5.568,0.164,0.03,0.18,36.6,65.0,1,Copernicus CAMS via Open-Meteo,Rawalpindi_Autumn_Harvest_2024-10-15
Rawalpindi,Summer,5,21.7,65.0,6.3,948.2,0,80.095,18.121,-0.493,0.3362,0.809,58.884,24.79,0.0103,0.2932,1.346,80.095,0.00033,64.0,0.711,44.816,0.013,-0.169,0.61,36.1,65.0,1,Copernicus CAMS via Open-Meteo,Rawalpindi_Summer_2023-05-25
Rawalpindi,Winter_Peak,11,11.5,80.0,3.6,955.3,4,78.313,18.406,-0.421,0.3313,0.89,45.357,24.035,0.0105,0.1855,1.78,78.068,0.00045,68.0,0.8234,41.226,0.041,-0.097,0.22,31.9,65.0,0,Copernicus CAMS via Open-Meteo,Rawalpindi_Winter_Peak_2024-11-25
Rawalpindi,Monsoon,7,28.5,83.0,3.4,946.1,1,45.239,2.744,0.018,0.3209,0.984,68.878,8.059,0.0,0.1208,1.265,43.064,0.00133,6.0,0.9335,3.405,0.002,-0.034,0.62,62.6,65.0,1,Copernicus CAMS via Open-Meteo,Rawalpindi_Monsoon_2024-07-10
Rawalpindi,Summer,4,14.5,89.0,5.5,949.9,0,148.272,30.395,-0.03,0.3739,0.97,97.033,17.998,0.0112,0.0609,6.412,148.059,0.00029,82.0,0.9469,59.873,0.194,-0.027,0.32,7.3,65.0,0,Copernicus CAMS via Open-Meteo,Rawalpindi_Summer_2024-04-20
Rawalpindi,Summer,6,35.6,28.0,9.4,943.4,1,117.972,7.341,-0.926,0.3749,0.876,39.771,7.986,0.0,0.2028,2.32,117.972,0.0001,28.0,0.7961,4.245,0.092,-0.114,0.46,29.2,65.0,0,Copernicus CAMS via Open-Meteo,Rawalpindi_Summer_2024-06-20
Rawalpindi,Winter_Peak,11,11.9,77.0,3.0,960.4,2,130.645,14.824,-1.638,0.3004,0.976,50.872,12.24,0.0,0.0928,4.34,127.962,0.00016,48.0,1.0024,11.405,0.177,0.001,0.29,31.8,65.0,0,Copernicus CAMS via Open-Meteo,Rawalpindi_Winter_Peak_2023-11-20
Rawalpindi,Monsoon,7,26.2,92.0,1.8,947.5,0,144.065,20.765,0.296,0.2855,1.052,25.583,13.888,0.0009,0.1173,3.584,127.747,9e-05,67.0,1.1277,18.52,0.234,0.06,1.13,57.9,65.0,1,Copernicus CAMS via Open-Meteo,Rawalpindi_Monsoon_2023-07-25
Rawalpindi,Summer,6,30.8,27.0,4.7,946.1,1,62.164,13.34,-0.406,0.3525,0.748,61.968,14.362,0.0003,0.3773,0.961,62.163,0.00045,51.0,0.6191,15.101,-0.033,-0.235,0.3,21.8,65.0,0,Copernicus CAMS via Open-Meteo,Rawalpindi_Summer_2024-06-10
Rawalpindi,Winter_Peak,1,13.7,61.0,2.0,958.4,3,118.408,11.776,-1.604,0.3248,0.957,22.732,14.012,0.0007,0.0785,4.078,118.277,0.00011,40.0,0.9277,17.363,0.134,-0.038,0.37,66.4,65.0,1,Copernicus CAMS via Open-Meteo,Rawalpindi_Winter_Peak_2024-01-15
Rawalpindi,Winter_Peak,11,12.1,78.0,3.1,955.2,4,75.175,16.71,-0.428,0.3245,0.89,78.687,22.412,0.0101,0.1934,1.699,74.918,0.00066,61.0,0.8116,37.305,0.033,-0.104,0.23,41.9,65.0,1,Copernicus CAMS via Open-Meteo,Rawalpindi_Winter_Peak_2024-11-25
Rawalpindi,Monsoon,7,26.1,86.0,17.4,947.4,0,51.069,2.59,0.012,0.2894,0.965,60.606,7.519,0.0,0.1118,1.505,49.878,0.00083,6.0,0.9871,2.987,0.019,-0.006,0.73,59.8,65.0,1,Copernicus CAMS via Open-Meteo,Rawalpindi_Monsoon_2024-07-10
Rawalpindi,Autumn_Harvest,9,25.6,70.0,4.7,945.4,3,81.554,14.558,-0.185,0.3251,0.907,37.184,18.661,0.0051,0.2206,1.606,80.304,0.00025,49.0,0.9494,29.775,0.071,-0.026,0.5,37.3,65.0,1,Copernicus CAMS via Open-Meteo,Rawalpindi_Autumn_Harvest_2024-09-10
Rawalpindi,Winter_Peak,12,20.7,47.0,11.5,960.5,3,83.403,23.759,0.318,0.2523,0.897,73.644,30.678,0.0312,0.1767,2.102,83.018,0.00062,80.0,0.8403,74.477,0.052,-0.087,0.23,21.0,65.0,0,Copernicus CAMS via Open-Meteo,Rawalpindi_Winter_Peak_2023-12-01
Rawalpindi,Summer,5,26.2,29.0,11.0,939.1,0,61.512,18.497,-0.599,0.3556,0.716,64.103,30.7,0.0402,0.4056,0.922,61.512,0.00057,70.0,0.6058,69.567,-0.038,-0.245,0.1,11.2,65.0,0,Copernicus CAMS via Open-Meteo,Rawalpindi_Summer_2024-05-28
Rawalpindi,Monsoon,8,30.3,80.0,6.1,947.0,1,107.735,14.022,1.7,0.1973,0.931,41.939,13.014,0.0102,0.1181,3.017,107.617,0.00019,34.0,0.9129,28.181,0.111,-0.046,0.7,59.5,65.0,1,Copernicus CAMS via Open-Meteo,Rawalpindi_Monsoon_2023-08-20
Rawalpindi,Winter_Peak,1,17.4,51.0,7.6,954.7,4,127.518,13.019,-1.524,0.3147,0.955,66.682,16.794,0.0008,0.103,3.793,126.803,0.00019,45.0,0.9661,23.33,0.161,-0.017,0.41,74.5,65.0,1,Copernicus CAMS via Open-Meteo,Rawalpindi_Winter_Peak_2024-01-15
Rawalpindi,Winter_Peak,12,16.6,67.0,5.7,962.8,1,92.344,29.602,0.74,0.2312,0.94,83.625,34.91,0.0428,0.167,2.131,89.97,0.00076,93.0,0.8563,93.17,0.071,-0.077,0.34,16.4,65.0,0,Copernicus CAMS via Open-Meteo,Rawalpindi_Winter_Peak_2023-12-01
Rawalpindi,Winter_Peak,11,15.0,71.0,4.7,957.2,2,147.729,23.383,-1.379,0.2713,0.917,145.999,29.413,0.0005,0.1295,3.813,147.725,0.00032,85.0,0.8829,76.341,0.171,-0.062,0.67,27.4,65.0,0,Copernicus CAMS via Open-Meteo,Rawalpindi_Winter_Peak_2023-11-30
Rawalpindi,Winter_Peak,1,7.0,88.0,5.4,956.7,7,128.719,14.767,0.521,0.2778,1.008,44.379,10.131,0.0,0.0554,5.216,123.865,0.00018,47.0,1.036,7.772,0.181,0.018,0.36,61.7,65.0,1,Copernicus CAMS via Open-Meteo,Rawalpindi_Winter_Peak_2024-01-05
Rawalpindi,Monsoon,8,30.6,78.0,3.3,950.5,2,104.629,13.3,1.703,0.1842,0.972,29.931,12.226,0.0097,0.1115,2.987,102.296,0.00016,32.0,1.0126,23.09,0.128,0.006,0.6,50.2,65.0,1,Copernicus CAMS via Open-Meteo,Rawalpindi_Monsoon_2023-08-20
Rawalpindi,Autumn_Harvest,10,18.9,73.0,6.6,953.1,3,114.657,12.179,-1.606,0.3877,0.981,16.027,7.467,0.0,0.0773,4.085,112.475,0.00013,49.0,0.9616,4.515,0.136,-0.02,0.27,11.6,65.0,0,Copernicus CAMS via Open-Meteo,Rawalpindi_Autumn_Harvest_2024-10-15
Rawalpindi,Autumn_Harvest,9,28.5,67.0,7.1,949.4,3,106.058,12.831,-1.267,0.3706,0.899,39.642,10.007,0.0,0.1779,2.299,105.972,0.00016,45.0,0.8877,6.591,0.102,-0.06,0.34,42.8,65.0,1,Copernicus CAMS via Open-Meteo,Rawalpindi_Autumn_Harvest_2024-09-18
Rawalpindi,Summer,6,32.6,25.0,7.4,949.8,1,85.982,17.078,-0.707,0.3545,0.86,15.753,12.114,0.0,0.227,1.704,85.982,0.00011,49.0,0.7873,12.817,0.043,-0.119,0.46,32.0,65.0,0,Copernicus CAMS via Open-Meteo,Rawalpindi_Summer_2023-06-05
Rawalpindi,Autumn_Harvest,10,21.6,64.0,5.6,958.2,3,152.476,5.949,-0.844,0.3544,1.02,18.567,6.107,0.0,0.1112,3.874,139.26,4e-05,23.0,1.0949,2.775,0.245,0.045,0.66,41.9,65.0,1,Copernicus CAMS via Open-Meteo,Rawalpindi_Autumn_Harvest_2024-10-22
Rawalpindi,Winter_Peak,1,7.4,89.0,4.7,956.9,5,139.74,17.371,0.531,0.2866,0.993,85.296,12.955,0.0003,0.0736,4.885,135.58,0.00027,55.0,0.9566,12.782,0.182,-0.022,0.36,74.3,65.0,1,Copernicus CAMS via Open-Meteo,Rawalpindi_Winter_Peak_2024-01-05
Rawalpindi,Summer,6,35.0,28.0,5.7,941.4,0,125.891,9.113,-1.12,0.3652,0.899,68.152,9.772,0.0,0.161,2.851,125.891,0.00016,31.0,0.8415,5.905,0.12,-0.086,0.68,28.5,65.0,0,Copernicus CAMS via Open-Meteo,Rawalpindi_Summer_2024-06-20
Rawalpindi,Winter_Peak,11,11.5,80.0,3.6,955.3,1,79.26,18.738,-0.362,0.3262,0.926,81.489,25.036,0.0179,0.1647,1.973,78.195,0.00069,66.0,0.8492,44.705,0.048,-0.082,0.22,31.9,65.0,0,Copernicus CAMS via Open-Meteo,Rawalpindi_Winter_Peak_2024-11-25
Rawalpindi,Winter_Peak,11,14.0,88.0,1.1,956.4,2,179.514,10.464,0.173,0.3499,0.98,102.147,20.249,0.0,0.0523,7.435,178.893,0.00017,31.0,0.951,34.783,0.254,-0.025,0.76,52.4,65.0,1,Copernicus CAMS via Open-Meteo,Rawalpindi_Winter_Peak_2024-11-15
Rawalpindi,Summer,6,25.8,51.0,9.5,946.8,0,92.573,19.204,-0.653,0.347,0.804,43.671,16.567,0.0,0.3135,1.502,92.573,0.00021,59.0,0.6926,22.947,0.021,-0.182,0.36,38.6,65.0,1,Copernicus CAMS via Open-Meteo,Rawalpindi_Summer_2023-06-05
Rawalpindi,Summer,4,19.0,67.0,18.4,949.6,1,141.594,31.863,-0.117,0.3683,0.956,103.42,18.397,0.0099,0.0914,4.932,141.417,0.00031,95.0,0.9533,54.907,0.184,-0.024,0.13,44.5,65.0,1,Copernicus CAMS via Open-Meteo,Rawalpindi_Summer_2024-04-20
Rawalpindi,Monsoon,8,25.2,93.0,3.9,945.5,1,147.184,23.12,0.806,0.2778,0.988,53.861,13.215,0.0,0.0479,6.625,145.122,0.00018,61.0,0.9798,14.058,0.203,-0.01,0.62,32.0,65.0,0,Copernicus CAMS via Open-Meteo,Rawalpindi_Monsoon_2024-08-05
Rawalpindi,Winter_Peak,11,24.0,49.0,7.9,955.9,1,86.02,17.588,-1.147,0.3961,0.935,62.03,15.085,0.0004,0.13,2.309,85.351,0.00046,66.0,0.8899,18.399,0.068,-0.058,0.22,21.9,65.0,0,Copernicus CAMS via Open-Meteo,Rawalpindi_Winter_Peak_2023-11-05
Rawalpindi,Autumn_Harvest,10,22.9,45.0,6.2,949.2,3,75.736,16.721,-0.694,0.3171,0.912,48.747,12.43,0.0005,0.1604,1.936,75.252,0.00043,60.0,0.879,12.009,0.048,-0.064,0.13,34.5,65.0,0,Copernicus CAMS via Open-Meteo,Rawalpindi_Autumn_Harvest_2023-10-05
Rawalpindi,Monsoon,8,29.2,71.0,7.9,948.8,0,171.523,19.036,-0.449,0.2973,0.974,126.19,30.923,0.0,0.1061,4.812,168.246,0.00026,68.0,1.0171,74.499,0.262,0.008,0.36,16.9,65.0,0,Copernicus CAMS via Open-Meteo,Rawalpindi_Monsoon_2024-08-12
Rawalpindi,Monsoon,7,35.6,50.0,3.8,937.7,0,100.713,16.748,0.2,0.282,0.869,102.379,28.996,0.0313,0.2227,1.922,100.712,0.00048,54.0,0.7813,82.655,0.062,-0.123,1.25,73.1,65.0,1,Copernicus CAMS via Open-Meteo,Rawalpindi_Monsoon_2024-07-25
Rawalpindi,Winter_Peak,11,19.5,60.0,4.7,962.0,3,120.476,13.325,-1.52,0.3072,0.926,56.042,11.52,0.0,0.1269,3.23,120.356,0.00015,45.0,0.8964,10.617,0.129,-0.055,0.29,39.1,65.0,1,Copernicus CAMS via Open-Meteo,Rawalpindi_Winter_Peak_2023-11-20
Rawalpindi,Monsoon,7,25.4,92.0,6.0,946.8,3,147.224,21.219,0.301,0.2873,1.014,63.55,16.073,0.0012,0.0662,5.742,139.949,0.00015,72.0,1.0508,22.682,0.223,0.025,0.78,31.1,65.0,0,Copernicus CAMS via Open-Meteo,Rawalpindi_Monsoon_2023-07-25
Rawalpindi,Summer,6,32.6,25.0,7.4,949.8,5,89.637,18.877,-0.627,0.345,0.825,40.06,16.153,0.0,0.2744,1.578,89.637,0.00021,57.0,0.7386,21.75,0.034,-0.15,0.46,32.0,65.0,0,Copernicus CAMS via Open-Meteo,Rawalpindi_Summer_2023-06-05
Rawalpindi,Autumn_Harvest,9,28.1,71.0,18.3,949.2,1,96.255,14.726,-0.05,0.3126,0.895,50.152,19.631,0.0054,0.1789,2.126,95.836,0.00026,52.0,0.8634,37.412,0.079,-0.073,0.79,39.9,65.0,1,Copernicus CAMS via Open-Meteo,Rawalpindi_Autumn_Harvest_2023-09-15
Rawalpindi,Winter_Peak,1,7.0,87.0,5.1,956.5,0,132.903,15.909,0.542,0.2942,1.028,35.929,10.129,0.0003,0.0565,5.243,125.702,0.00017,49.0,1.0531,8.59,0.194,0.026,0.38,46.0,65.0,1,Copernicus CAMS via Open-Meteo,Rawalpindi_Winter_Peak_2024-01-05
Rawalpindi,Monsoon,7,31.9,65.0,3.0,945.5,1,139.085,19.876,0.267,0.2799,0.997,29.371,14.735,0.0008,0.0879,4.506,133.518,0.0001,70.0,1.041,20.849,0.203,0.02,0.76,38.0,65.0,1,Copernicus CAMS via Open-Meteo,Rawalpindi_Monsoon_2023-07-25
Rawalpindi,Autumn_Harvest,10,20.2,64.0,7.4,952.1,3,107.196,11.066,-1.506,0.3934,1.033,19.61,6.611,0.0,0.0769,4.028,99.796,0.00013,41.0,1.0564,3.033,0.141,0.027,0.19,36.0,65.0,1,Copernicus CAMS via Open-Meteo,Rawalpindi_Autumn_Harvest_2024-10-15
Rawalpindi,Autumn_Harvest,10,21.1,75.0,6.7,948.9,11,139.975,6.102,0.77,0.2658,0.96,26.841,7.919,0.0003,0.0882,4.411,139.58,7e-05,21.0,0.969,6.721,0.186,-0.016,0.37,33.6,65.0,0,Copernicus CAMS via Open-Meteo,Rawalpindi_Autumn_Harvest_2024-10-05
Rawalpindi,Monsoon,7,31.4,64.0,2.6,946.4,0,132.783,20.456,0.518,0.3238,1.009,49.854,16.186,0.0046,0.0563,5.485,127.694,0.00019,60.0,1.0376,26.105,0.19,0.018,1.05,37.4,65.0,1,Copernicus CAMS via Open-Meteo,Rawalpindi_Monsoon_2023-07-15
Rawalpindi,Winter_Peak,12,11.7,55.0,3.4,955.0,1,80.058,17.034,-0.458,0.3544,0.911,53.048,18.562,0.0033,0.1569,2.017,79.479,0.00046,61.0,0.8726,27.534,0.054,-0.068,0.14,82.4,65.0,2,Copernicus CAMS via Open-Meteo,Rawalpindi_Winter_Peak_2024-12-05
Rawalpindi,Autumn_Harvest,10,21.3,68.0,7.4,948.5,5,72.854,16.577,-0.653,0.3208,0.903,70.727,13.635,0.0006,0.1746,1.745,72.504,0.0006,58.0,0.8477,14.133,0.037,-0.082,0.13,30.6,65.0,0,Copernicus CAMS via Open-Meteo,Rawalpindi_Autumn_Harvest_2023-10-05
Rawalpindi,Winter_Peak,11,11.9,77.0,3.0,960.4,4,107.558,13.218,-1.508,0.3225,0.979,38.49,10.028,0.0,0.0884,3.759,105.244,0.00017,41.0,1.0032,7.248,0.132,0.002,0.29,31.8,65.0,0,Copernicus CAMS via Open-Meteo,Rawalpindi_Winter_Peak_2023-11-20
Rawalpindi,Autumn_Harvest,10,17.5,82.0,9.8,952.1,2,112.682,11.702,-1.586,0.3563,0.969,50.596,9.594,0.0,0.1287,2.998,109.119,0.00022,49.0,1.0103,6.159,0.143,0.005,0.26,11.4,65.0,0,Copernicus CAMS via Open-Meteo,Rawalpindi_Autumn_Harvest_2024-10-15
Rawalpindi,Monsoon,7,26.4,87.0,5.3,948.4,2,123.491,18.182,0.284,0.2803,0.986,38.983,13.199,0.0007,0.0507,5.551,122.056,0.00016,66.0,0.9863,15.733,0.159,-0.007,0.83,39.8,65.0,1,Copernicus CAMS via Open-Meteo,Rawalpindi_Monsoon_2023-07-25
Rawalpindi,Winter_Peak,12,18.7,59.0,6.9,962.4,4,83.555,25.856,0.62,0.2447,0.867,84.665,35.694,0.0416,0.2206,1.683,83.207,0.00072,92.0,0.8367,95.783,0.052,-0.089,0.31,24.3,65.0,0,Copernicus CAMS via Open-Meteo,Rawalpindi_Winter_Peak_2023-12-01
Rawalpindi,Summer,4,17.9,84.0,11.6,950.9,2,140.925,29.477,-0.069,0.3756,0.995,95.597,17.089,0.0102,0.0424,6.947,138.754,0.00033,78.0,0.9929,48.244,0.194,-0.004,0.35,11.9,65.0,0,Copernicus CAMS via Open-Meteo,Rawalpindi_Summer_2024-04-20
Rawalpindi,Monsoon,7,24.8,90.0,11.3,947.9,0,51.976,2.598,0.015,0.2757,1.027,62.118,7.605,0.0,0.0923,1.629,48.129,0.001,6.0,1.0266,3.052,0.025,0.013,0.79,55.1,65.0,1,Copernicus CAMS via Open-Meteo,Rawalpindi_Monsoon_2024-07-10
Rawalpindi,Winter_Peak,11,12.5,87.0,10.0,956.7,3,161.059,25.485,-1.39,0.277,0.957,123.858,29.445,0.0007,0.0889,5.177,161.014,0.00028,88.0,0.9131,80.072,0.206,-0.045,0.54,11.7,65.0,0,Copernicus CAMS via Open-Meteo,Rawalpindi_Winter_Peak_2023-11-30
Rawalpindi,Autumn_Harvest,10,26.0,55.0,2.9,956.4,1,111.569,11.549,-1.461,0.346,1.013,62.536,9.622,0.0,0.0705,4.488,106.147,0.00026,45.0,1.0277,5.556,0.145,0.014,0.28,32.4,65.0,0,Copernicus CAMS via Open-Meteo,Rawalpindi_Autumn_Harvest_2024-10-15
Rawalpindi,Autumn_Harvest,9,25.6,88.0,5.6,946.9,3,92.952,16.762,-0.211,0.3171,0.905,74.795,22.447,0.005,0.2136,1.888,91.777,0.00038,56.0,0.9359,38.27,0.09,-0.033,0.55,61.7,65.0,1,Copernicus CAMS via Open-Meteo,Rawalpindi_Autumn_Harvest_2024-09-10
Rawalpindi,Summer,6,26.0,51.0,6.1,942.9,0,111.169,27.666,0.113,0.3014,0.888,235.232,42.186,0.0695,0.1839,2.651,111.169,0.00082,79.0,0.8512,126.316,0.1,-0.08,0.64,33.3,65.0,0,Copernicus CAMS via Open-Meteo,Rawalpindi_Summer_2023-06-15
Rawalpindi,Autumn_Harvest,9,27.4,74.0,10.4,945.9,2,87.043,15.856,-0.263,0.3348,0.917,83.247,20.77,0.0057,0.1976,1.886,85.628,0.00046,53.0,0.9475,35.397,0.081,-0.027,0.53,61.5,65.0,1,Copernicus CAMS via Open-Meteo,Rawalpindi_Autumn_Harvest_2024-09-10
Rawalpindi,Summer,5,17.0,65.0,12.0,947.1,1,70.214,20.571,-0.171,0.3452,0.793,86.299,32.19,0.0388,0.3156,1.187,70.19,0.00059,66.0,0.7366,67.098,0.008,-0.152,0.2,19.5,65.0,0,Copernicus CAMS via Open-Meteo,Rawalpindi_Summer_2024-05-01
Rawalpindi,Winter_Peak,12,13.9,55.0,13.7,954.1,4,70.556,19.579,-0.769,0.3347,0.785,67.357,32.374,0.038,0.3173,1.163,70.552,0.00055,71.0,0.7187,72.747,0.004,-0.164,0.15,39.2,65.0,1,Copernicus CAMS via Open-Meteo,Rawalpindi_Winter_Peak_2023-12-10
Rawalpindi,Autumn_Harvest,10,19.1,77.0,8.6,953.1,1,97.564,10.264,-1.408,0.3742,0.98,58.525,9.042,0.0,0.082,3.459,95.287,0.00028,41.0,0.9688,4.925,0.105,-0.016,0.25,23.7,65.0,0,Copernicus CAMS via Open-Meteo,Rawalpindi_Autumn_Harvest_2024-10-15
Rawalpindi,Summer,5,26.9,50.0,19.8,947.7,0,84.119,19.455,-0.454,0.3577,0.827,60.567,27.992,0.0162,0.2595,1.528,84.113,0.00039,67.0,0.7663,57.298,0.035,-0.132,0.47,27.6,65.0,0,Copernicus CAMS via Open-Meteo,Rawalpindi_Summer_2023-05-25
Rawalpindi,Winter_Peak,11,22.7,50.0,3.5,958.1,3,174.547,10.551,0.155,0.3519,1.019,126.504,20.681,0.0,0.0516,7.046,166.427,0.00022,31.0,1.0481,33.976,0.278,0.024,0.85,65.0,65.0,1,Copernicus CAMS via Open-Meteo,Rawalpindi_Winter_Peak_2024-11-15
Rawalpindi,Monsoon,8,29.1,64.0,5.1,948.3,1,94.948,13.086,-0.73,0.3619,0.879,37.903,9.916,0.0,0.192,2.005,94.948,0.00018,41.0,0.8429,6.372,0.071,-0.085,0.25,37.1,65.0,1,Copernicus CAMS via Open-Meteo,Rawalpindi_Monsoon_2023-08-30
Rawalpindi,Autumn_Harvest,9,20.7,81.0,1.8,949.4,4,95.506,18.456,0.655,0.2951,0.902,22.93,14.267,0.0006,0.187,2.116,95.405,0.00014,57.0,0.9064,20.935,0.088,-0.049,0.5,45.2,65.0,1,Copernicus CAMS via Open-Meteo,Rawalpindi_Autumn_Harvest_2023-09-25
Rawalpindi,Monsoon,8,31.3,70.0,5.4,948.3,3,171.412,19.936,-1.298,0.2188,1.004,192.375,37.596,0.0181,0.0685,5.94,164.362,0.00045,72.0,0.9721,121.145,0.246,-0.014,0.68,24.7,65.0,0,Copernicus CAMS via Open-Meteo,Rawalpindi_Monsoon_2023-08-05
Rawalpindi,Autumn_Harvest,9,22.3,77.0,5.2,952.1,3,101.086,19.544,0.623,0.2974,0.906,34.669,14.807,0.0007,0.1655,2.364,101.041,0.00018,60.0,0.8447,20.78,0.082,-0.084,0.51,28.1,65.0,0,Copernicus CAMS via Open-Meteo,Rawalpindi_Autumn_Harvest_2023-09-25
Rawalpindi,Autumn_Harvest,9,30.7,63.0,6.3,947.4,9,102.391,15.451,0.03,0.2933,0.928,64.268,22.223,0.0061,0.1779,2.25,100.201,0.00029,53.0,0.9529,40.535,0.111,-0.024,0.69,33.9,65.0,0,Copernicus CAMS via Open-Meteo,Rawalpindi_Autumn_Harvest_2023-09-15
Rawalpindi,Monsoon,7,29.9,69.0,2.6,946.8,2,145.774,23.152,0.636,0.3069,0.999,41.14,16.576,0.0033,0.0736,5.176,140.466,0.00019,68.0,1.0362,29.097,0.216,0.018,1.16,36.1,65.0,1,Copernicus CAMS via Open-Meteo,Rawalpindi_Monsoon_2023-07-15
Rawalpindi,Winter_Peak,11,17.5,78.0,7.8,955.5,5,189.37,11.282,0.131,0.3332,1.025,137.341,21.895,0.0,0.0459,8.061,180.793,0.00021,32.0,1.0401,37.994,0.306,0.02,0.86,75.9,65.0,2,Copernicus CAMS via Open-Meteo,Rawalpindi_Winter_Peak_2024-11-15
Rawalpindi,Winter_Peak,11,23.9,50.0,5.7,958.3,0,105.65,20.515,-1.228,0.3925,0.96,31.934,15.807,0.0004,0.0942,3.522,104.419,0.00029,76.0,0.9411,23.056,0.114,-0.03,0.17,21.1,65.0,0,Copernicus CAMS via Open-Meteo,Rawalpindi_Winter_Peak_2023-11-05
Rawalpindi,Monsoon,7,31.4,64.0,2.6,946.4,0,146.237,23.614,0.527,0.327,1.002,60.926,18.03,0.005,0.0875,4.645,139.236,0.00023,70.0,1.0495,32.101,0.22,0.024,1.05,37.4,65.0,1,Copernicus CAMS via Open-Meteo,Rawalpindi_Monsoon_2023-07-15
Rawalpindi,Autumn_Harvest,10,18.3,51.0,1.8,956.5,2,79.937,23.683,-0.604,0.3429,0.78,54.395,27.657,0.0112,0.3386,1.306,79.931,0.00041,79.0,0.7295,63.376,0.019,-0.156,0.19,12.6,65.0,0,Copernicus CAMS via Open-Meteo,Rawalpindi_Autumn_Harvest_2023-10-25
Rawalpindi,Summer,6,33.0,41.0,9.4,946.0,2,126.133,31.474,0.119,0.3072,0.874,295.374,47.499,0.0662,0.202,2.794,126.133,0.0008,91.0,0.8162,163.703,0.112,-0.101,0.73,34.2,65.0,0,Copernicus CAMS via Open-Meteo,Rawalpindi_Summer_2023-06-15
Rawalpindi,Winter_Peak,11,13.2,67.0,5.6,954.9,4,94.598,19.999,-1.108,0.3896,0.933,70.458,17.653,0.0013,0.1306,2.534,93.741,0.00045,75.0,0.9043,25.235,0.086,-0.05,0.13,17.7,65.0,0,Copernicus CAMS via Open-Meteo,Rawalpindi_Winter_Peak_2023-11-05
Rawalpindi,Monsoon,7,34.1,58.0,4.7,938.7,0,111.376,18.57,0.446,0.2752,0.87,200.18,35.447,0.037,0.2181,2.169,111.374,0.00069,58.0,0.7873,120.26,0.079,-0.119,1.33,76.1,65.0,2,Copernicus CAMS via Open-Meteo,Rawalpindi_Monsoon_2024-07-25
Rawalpindi,Summer,6,29.7,42.0,2.6,949.6,2,92.14,18.922,-0.654,0.3537,0.807,64.287,17.016,0.0,0.2923,1.578,92.14,0.00027,59.0,0.7539,23.287,0.042,-0.14,0.37,20.2,65.0,0,Copernicus CAMS via Open-Meteo,Rawalpindi_Summer_2023-06-05
Rawalpindi,Monsoon,8,31.7,68.0,5.4,943.8,1,129.468,21.276,0.818,0.271,1.02,93.5,13.967,0.0015,0.061,4.957,123.058,0.00031,53.0,1.0389,18.406,0.183,0.019,0.44,20.4,65.0,0,Copernicus CAMS via Open-Meteo,Rawalpindi_Monsoon_2024-08-05
Rawalpindi,Winter_Peak,11,26.9,44.0,10.9,954.6,2,70.315,18.67,-0.533,0.3235,0.898,61.957,14.178,0.0,0.1795,1.698,69.959,0.00061,67.0,0.8473,15.201,0.033,-0.083,0.12,21.6,65.0,0,Copernicus CAMS via Open-Meteo,Rawalpindi_Winter_Peak_2024-11-01
Rawalpindi,Autumn_Harvest,10,25.5,49.0,4.8,953.1,4,113.873,15.37,-1.244,0.3819,0.908,51.858,11.631,0.0,0.1594,2.686,113.86,0.00017,48.0,0.8563,9.656,0.106,-0.077,0.37,24.3,65.0,0,Copernicus CAMS via Open-Meteo,Rawalpindi_Autumn_Harvest_2023-10-15
Rawalpindi,Summer,6,30.0,45.0,10.6,942.4,1,121.123,8.35,-0.804,0.3496,0.918,79.509,9.945,0.0,0.1735,2.625,120.981,0.0002,29.0,0.8257,5.917,0.107,-0.095,0.72,25.1,65.0,0,Copernicus CAMS via Open-Meteo,Rawalpindi_Summer_2024-06-20
Rawalpindi,Monsoon,8,31.7,61.0,5.7,944.4,1,168.562,19.026,-0.419,0.298,0.973,144.487,30.267,0.0008,0.0513,7.186,168.281,0.0003,67.0,0.9635,70.843,0.238,-0.019,0.75,30.9,65.0,0,Copernicus CAMS via Open-Meteo,Rawalpindi_Monsoon_2024-08-12
Rawalpindi,Autumn_Harvest,10,25.8,52.0,1.0,954.5,3,91.709,13.142,-1.214,0.3552,0.896,73.187,11.91,0.0,0.1742,2.077,91.69,0.00033,42.0,0.852,9.153,0.069,-0.08,0.38,28.2,65.0,0,Copernicus CAMS via Open-Meteo,Rawalpindi_Autumn_Harvest_2023-10-15
Rawalpindi,Autumn_Harvest,9,25.6,70.0,4.7,945.4,8,87.885,15.997,-0.202,0.3296,0.949,86.516,20.542,0.0055,0.1264,2.48,86.312,0.0005,50.0,0.9238,33.665,0.078,-0.04,0.5,37.3,65.0,1,Copernicus CAMS via Open-Meteo,Rawalpindi_Autumn_Harvest_2024-09-10
Rawalpindi,Autumn_Harvest,10,18.6,55.0,2.0,958.6,3,65.339,19.627,-0.531,0.3253,0.768,102.28,26.236,0.0202,0.3475,1.063,65.329,0.00071,66.0,0.7012,54.145,-0.006,-0.176,0.17,20.9,65.0,0,Copernicus CAMS via Open-Meteo,Rawalpindi_Autumn_Harvest_2023-10-25
Rawalpindi,Winter_Peak,11,19.4,69.0,6.1,955.0,4,169.565,9.662,0.139,0.3484,0.942,80.73,20.077,0.0,0.0888,5.295,169.565,0.00014,30.0,0.9135,35.925,0.221,-0.045,0.78,62.2,65.0,1,Copernicus CAMS via Open-Meteo,Rawalpindi_Winter_Peak_2024-11-15
Rawalpindi,Monsoon,7,27.2,84.0,3.8,938.5,1,97.22,15.466,0.303,0.2961,0.912,142.312,27.163,0.0285,0.1531,2.423,97.124,0.00065,46.0,0.8667,68.116,0.081,-0.071,1.21,65.2,65.0,1,Copernicus CAMS via Open-Meteo,Rawalpindi_Monsoon_2024-07-25
Rawalpindi,Winter_Peak,11,11.9,77.0,3.0,960.4,4,128.848,13.804,-1.656,0.328,0.974,19.613,10.165,0.0,0.0661,5.243,127.723,9e-05,45.0,0.973,9.272,0.166,-0.014,0.29,31.8,65.0,0,Copernicus CAMS via Open-Meteo,Rawalpindi_Winter_Peak_2023-11-20
Rawalpindi,Autumn_Harvest,10,19.8,62.0,8.8,956.9,5,68.056,20.282,-0.546,0.3273,0.784,69.243,25.33,0.0191,0.3284,1.138,68.048,0.00053,67.0,0.7042,51.709,-0.003,-0.174,0.15,28.3,65.0,0,Copernicus CAMS via Open-Meteo,Rawalpindi_Autumn_Harvest_2023-10-25
Rawalpindi,Winter_Peak,1,16.0,57.0,2.5,958.0,3,136.499,16.907,0.519,0.2955,0.983,39.88,11.143,0.0003,0.0595,5.392,134.936,0.00018,55.0,0.9965,10.546,0.187,-0.002,0.29,49.2,65.0,1,Copernicus CAMS via Open-Meteo,Rawalpindi_Winter_Peak_2024-01-05
Rawalpindi,Summer,6,27.6,37.0,8.1,939.0,0,106.955,7.821,-1.302,0.3965,0.879,27.994,7.351,0.0,0.1853,2.215,106.955,0.0001,27.0,0.8177,3.791,0.083,-0.1,0.41,28.4,65.0,0,Copernicus CAMS via Open-Meteo,Rawalpindi_Summer_2024-06-20
Rawalpindi,Winter_Peak,12,6.6,76.0,7.2,958.0,2,68.466,30.771,0.244,0.305,0.866,178.512,37.973,0.0972,0.2447,1.678,68.287,0.00144,100.0,0.7977,101.977,0.02,-0.113,0.1,18.5,65.0,0,Copernicus CAMS via Open-Meteo,Rawalpindi_Winter_Peak_2023-12-20
Rawalpindi,Summer,6,31.0,47.0,5.2,945.3,2,117.768,29.292,0.09,0.308,0.892,231.194,43.223,0.0683,0.1806,2.842,117.768,0.00078,83.0,0.8349,128.821,0.105,-0.09,0.7,32.7,65.0,0,Copernicus CAMS via Open-Meteo,Rawalpindi_Summer_2023-06-15
Rawalpindi,Summer,4,20.6,66.0,20.9,949.0,1,145.556,27.906,0.003,0.3832,1.015,131.754,18.191,0.011,0.0503,6.117,139.797,0.00038,71.0,1.0297,51.517,0.214,0.015,0.13,35.6,65.0,1,Copernicus CAMS via Open-Meteo,Rawalpindi_Summer_2024-04-20
Rawalpindi,Winter_Peak,1,5.0,90.0,1.5,956.5,4,125.168,12.46,-1.569,0.3303,0.984,39.411,14.775,0.0004,0.0459,5.767,124.212,0.00015,40.0,0.9762,19.818,0.159,-0.012,0.45,34.6,65.0,0,Copernicus CAMS via Open-Meteo,Rawalpindi_Winter_Peak_2024-01-15
Rawalpindi,Autumn_Harvest,10,22.9,45.0,6.2,949.2,6,79.607,17.205,-0.71,0.315,0.854,24.002,12.495,0.0004,0.2279,1.523,79.542,0.00023,68.0,0.8076,13.586,0.039,-0.106,0.13,34.5,65.0,0,Copernicus CAMS via Open-Meteo,Rawalpindi_Autumn_Harvest_2023-10-05
Rawalpindi,Autumn_Harvest,10,19.4,71.0,6.1,957.0,4,158.605,6.404,-0.798,0.3854,1.006,33.298,7.1,0.0,0.0837,4.961,150.455,6e-05,25.0,1.0536,3.487,0.247,0.026,0.65,35.3,65.0,1,Copernicus CAMS via Open-Meteo,Rawalpindi_Autumn_Harvest_2024-10-22
Rawalpindi,Winter_Peak,11,11.1,89.0,7.9,957.0,6,164.194,28.361,-1.218,0.2783,0.998,72.495,26.2,0.0006,0.1032,4.478,155.71,0.00021,90.0,0.9456,68.58,0.223,-0.028,0.57,18.2,65.0,0,Copernicus CAMS via Open-Meteo,Rawalpindi_Winter_Peak_2023-11-30
Rawalpindi,Winter_Peak,11,21.2,70.0,6.8,953.7,2,78.152,20.72,-0.487,0.3133,0.892,31.005,14.594,0.0,0.1907,1.715,77.745,0.00039,76.0,0.8677,17.354,0.05,-0.071,0.11,35.6,65.0,1,Copernicus CAMS via Open-Meteo,Rawalpindi_Winter_Peak_2024-11-01
Rawalpindi,Monsoon,8,34.7,53.0,3.3,947.1,0,113.327,14.408,1.668,0.1922,0.975,44.135,13.984,0.01,0.1052,3.378,110.743,0.00019,35.0,1.0117,28.62,0.145,0.006,0.71,54.2,65.0,1,Copernicus CAMS via Open-Meteo,Rawalpindi_Monsoon_2023-08-20
Rawalpindi,Winter_Peak,11,12.9,64.0,4.8,954.7,4,97.794,19.402,-1.188,0.4005,0.953,28.184,13.798,0.0,0.1138,2.79,96.956,0.0003,71.0,0.9002,17.463,0.09,-0.053,0.15,9.6,65.0,0,Copernicus CAMS via Open-Meteo,Rawalpindi_Winter_Peak_2023-11-05
Rawalpindi,Autumn_Harvest,9,21.9,85.0,5.8,949.2,4,98.981,18.93,0.669,0.2856,0.938,57.315,14.457,0.0005,0.119,3.103,98.479,0.00025,56.0,0.9079,19.086,0.094,-0.048,0.46,53.8,65.0,1,Copernicus CAMS via Open-Meteo,Rawalpindi_Autumn_Harvest_2023-09-25
Rawalpindi,Monsoon,8,26.4,74.0,7.6,947.9,1,100.882,13.592,-0.706,0.362,0.918,78.125,11.272,0.0,0.1445,2.626,100.761,0.00028,42.0,0.8973,7.675,0.095,-0.054,0.24,45.1,65.0,1,Copernicus CAMS via Open-Meteo,Rawalpindi_Monsoon_2023-08-30
Rawalpindi,Winter_Peak,11,15.6,74.0,10.9,958.3,1,108.856,12.255,-1.586,0.3522,0.923,14.1,8.988,0.0,0.1297,2.851,108.806,7e-05,42.0,0.8898,7.401,0.107,-0.058,0.29,56.9,65.0,1,Copernicus CAMS via Open-Meteo,Rawalpindi_Winter_Peak_2023-11-20
Rawalpindi,Winter_Peak,11,14.2,81.0,10.3,952.3,2,83.21,21.488,-0.47,0.3178,0.908,20.842,14.48,0.0007,0.1627,2.149,82.862,0.00038,77.0,0.8642,19.105,0.058,-0.073,0.1,9.0,65.0,0,Copernicus CAMS via Open-Meteo,Rawalpindi_Winter_Peak_2024-11-01
Rawalpindi,Winter_Peak,11,13.3,76.0,5.7,956.2,4,84.765,19.673,-0.393,0.328,0.955,38.132,24.369,0.0107,0.1293,2.352,82.261,0.0004,67.0,0.9597,43.677,0.079,-0.021,0.28,55.9,65.0,1,Copernicus CAMS via Open-Meteo,Rawalpindi_Winter_Peak_2024-11-25
Rawalpindi,Autumn_Harvest,9,25.7,73.0,7.1,949.5,3,147.908,16.092,0.289,0.2857,0.998,67.298,16.122,0.0162,0.0298,7.839,146.023,0.00022,56.0,1.0015,29.443,0.21,0.001,0.41,39.8,65.0,1,Copernicus CAMS via Open-Meteo,Rawalpindi_Autumn_Harvest_2024-09-28
Rawalpindi,Winter_Peak,12,14.6,74.0,11.9,958.7,4,77.238,24.743,0.724,0.2404,0.901,90.249,32.381,0.0464,0.1759,1.95,76.63,0.00086,83.0,0.8603,79.382,0.047,-0.075,0.12,34.5,65.0,0,Copernicus CAMS via Open-Meteo,Rawalpindi_Winter_Peak_2023-12-01
Rawalpindi,Winter_Peak,12,19.6,37.0,9.5,959.7,3,78.715,35.845,0.175,0.3108,0.898,93.79,37.178,0.071,0.2058,2.28,78.321,0.00081,112.0,0.837,101.985,0.044,-0.089,0.08,25.7,65.0,0,Copernicus CAMS via Open-Meteo,Rawalpindi_Winter_Peak_2023-12-20
Rawalpindi,Monsoon,8,28.5,84.0,3.7,944.9,1,154.824,21.455,-1.51,0.2216,0.946,234.059,40.915,0.0229,0.1098,4.412,154.609,0.00052,80.0,0.9517,135.628,0.208,-0.025,0.56,47.0,65.0,1,Copernicus CAMS via Open-Meteo,Rawalpindi_Monsoon_2023-08-05
Rawalpindi,Summer,6,22.5,46.0,8.6,943.9,2,57.215,12.495,-0.408,0.3425,0.748,75.893,14.272,0.0011,0.3547,0.899,57.208,0.00057,49.0,0.6615,14.109,-0.025,-0.204,0.12,18.0,65.0,0,Copernicus CAMS via Open-Meteo,Rawalpindi_Summer_2024-06-10
Rawalpindi,Autumn_Harvest,10,25.1,49.0,10.0,957.6,1,81.888,24.413,-0.564,0.3282,0.819,95.953,28.537,0.0161,0.2866,1.517,81.866,0.00055,77.0,0.7624,62.845,0.031,-0.135,0.25,23.4,65.0,0,Copernicus CAMS via Open-Meteo,Rawalpindi_Autumn_Harvest_2023-10-25
Rawalpindi,Autumn_Harvest,10,23.7,79.0,4.7,951.7,2,143.56,5.485,-0.064,0.3109,0.969,12.784,6.489,0.0,0.0535,5.924,143.411,3e-05,22.0,0.9562,3.568,0.189,-0.022,0.58,69.2,65.0,1,Copernicus CAMS via Open-Meteo,Rawalpindi_Autumn_Harvest_2024-10-05
Rawalpindi,Winter_Peak,11,11.0,80.0,3.3,958.7,4,115.647,13.152,-1.497,0.3137,0.935,36.621,10.65,0.0,0.1202,3.208,115.559,0.00013,44.0,0.8935,9.001,0.12,-0.056,0.3,18.5,65.0,0,Copernicus CAMS via Open-Meteo,Rawalpindi_Winter_Peak_2023-11-20
Rawalpindi,Autumn_Harvest,10,25.5,49.0,4.8,953.1,4,106.547,14.11,-1.368,0.3806,0.901,28.516,9.979,0.0,0.1684,2.409,106.543,0.00014,45.0,0.8469,7.916,0.091,-0.083,0.37,24.3,65.0,0,Copernicus CAMS via Open-Meteo,Rawalpindi_Autumn_Harvest_2023-10-15
Rawalpindi,Summer,5,16.5,59.0,8.4,948.4,1,66.143,18.594,-0.174,0.3344,0.735,50.189,29.999,0.0284,0.3825,1.005,66.143,0.00043,66.0,0.6307,60.272,-0.026,-0.226,0.18,34.2,65.0,0,Copernicus CAMS via Open-Meteo,Rawalpindi_Summer_2024-05-01
Rawalpindi,Autumn_Harvest,10,19.1,53.0,7.1,949.9,4,75.83,14.819,-0.667,0.3109,0.904,72.028,12.974,0.0004,0.1757,1.774,75.162,0.00051,55.0,0.8831,12.217,0.049,-0.062,0.14,20.7,65.0,0,Copernicus CAMS via Open-Meteo,Rawalpindi_Autumn_Harvest_2023-10-05
Rawalpindi,Monsoon,7,29.6,75.0,4.3,938.1,2,103.254,17.223,0.447,0.285,0.873,183.77,33.183,0.0367,0.2103,2.06,103.251,0.00074,55.0,0.798,101.908,0.071,-0.112,1.07,85.0,65.0,2,Copernicus CAMS via Open-Meteo,Rawalpindi_Monsoon_2024-07-25
Rawalpindi,Autumn_Harvest,10,17.5,82.0,9.8,952.1,6,109.409,9.922,-1.703,0.3353,1.027,20.676,6.697,0.0,0.0832,3.536,101.708,0.00014,39.0,1.0221,3.185,0.139,0.011,0.26,11.4,65.0,0,Copernicus CAMS via Open-Meteo,Rawalpindi_Autumn_Harvest_2024-10-15
Rawalpindi,Winter_Peak,11,14.6,83.0,9.4,959.2,3,134.716,23.061,-1.206,0.2781,0.95,128.811,25.042,0.0005,0.1014,4.101,134.543,0.00035,79.0,0.9022,55.432,0.156,-0.051,0.47,24.2,65.0,0,Copernicus CAMS via Open-Meteo,Rawalpindi_Winter_Peak_2023-11-30
Rawalpindi,Winter_Peak,1,9.4,84.0,2.9,960.1,2,137.583,16.924,0.553,0.2807,0.978,55.396,11.887,0.0003,0.0783,4.691,135.581,0.0002,56.0,1.0006,11.402,0.19,0.0,0.32,53.9,65.0,1,Copernicus CAMS via Open-Meteo,Rawalpindi_Winter_Peak_2024-01-05
Rawalpindi,Summer,5,30.0,39.0,11.5,950.6,2,70.249,16.388,-0.459,0.3499,0.8,69.474,24.262,0.0148,0.2934,1.189,70.247,0.00049,58.0,0.7311,41.798,0.007,-0.155,0.66,36.3,65.0,1,Copernicus CAMS via Open-Meteo,Rawalpindi_Summer_2023-05-25
Rawalpindi,Winter_Peak,12,12.0,46.0,5.1,955.0,3,89.691,19.658,-0.485,0.3572,0.965,81.843,20.238,0.0031,0.1156,2.816,87.039,0.00053,67.0,0.9594,31.078,0.088,-0.021,0.14,56.2,65.0,1,Copernicus CAMS via Open-Meteo,Rawalpindi_Winter_Peak_2024-12-05
Rawalpindi,Summer,4,24.7,53.0,11.9,950.9,1,147.867,34.997,-0.124,0.3613,0.992,117.396,18.682,0.0088,0.0894,4.798,142.312,0.00034,96.0,0.9527,52.692,0.196,-0.024,0.37,31.1,65.0,0,Copernicus CAMS via Open-Meteo,Rawalpindi_Summer_2024-04-20
Rawalpindi,Monsoon,8,26.5,90.0,4.9,949.6,2,107.355,13.784,1.651,0.1832,0.949,56.236,14.348,0.0106,0.0976,3.467,107.004,0.00023,34.0,0.9396,28.344,0.117,-0.031,0.62,42.1,65.0,1,Copernicus CAMS via Open-Meteo,Rawalpindi_Monsoon_2023-08-20
Rawalpindi,Summer,6,30.8,27.0,4.7,946.1,2,62.065,13.418,-0.367,0.3527,0.752,38.044,14.194,0.0015,0.3576,0.975,62.065,0.00032,51.0,0.6435,15.74,-0.026,-0.217,0.3,21.8,65.0,0,Copernicus CAMS via Open-Meteo,Rawalpindi_Summer_2024-06-10
Rawalpindi,Monsoon,8,25.6,90.0,5.4,947.2,2,136.319,17.383,1.163,0.242,0.936,126.543,24.076,0.0139,0.1237,3.655,136.178,0.00032,56.0,0.9375,63.375,0.169,-0.032,0.62,62.9,65.0,1,Copernicus CAMS via Open-Meteo,Rawalpindi_Monsoon_2024-08-25
Rawalpindi,Monsoon,8,30.0,66.0,3.1,944.9,0,167.079,18.544,-0.402,0.3031,0.934,159.312,31.31,0.0,0.1124,4.633,167.061,0.0003,69.0,0.9215,75.773,0.22,-0.041,0.77,31.2,65.0,0,Copernicus CAMS via Open-Meteo,Rawalpindi_Monsoon_2024-08-12
Rawalpindi,Winter_Peak,11,25.8,38.0,10.8,956.4,2,84.059,17.788,-1.104,0.4063,0.948,86.633,15.412,0.0004,0.123,2.368,83.0,0.00059,64.0,0.9022,18.165,0.067,-0.051,0.22,21.5,65.0,0,Copernicus CAMS via Open-Meteo,Rawalpindi_Winter_Peak_2023-11-05
Rawalpindi,Summer,5,26.2,29.0,11.0,939.1,1,72.898,21.257,-0.693,0.3485,0.746,117.453,31.458,0.0324,0.3864,1.113,72.898,0.00075,77.0,0.6226,74.78,-0.024,-0.233,0.1,11.2,65.0,0,Copernicus CAMS via Open-Meteo,Rawalpindi_Summer_2024-05-28
Rawalpindi,Winter_Peak,12,16.9,49.0,10.3,957.9,5,86.352,39.298,0.189,0.3019,0.9,177.388,41.92,0.0772,0.2158,2.278,85.534,0.00108,122.0,0.827,130.175,0.054,-0.095,0.09,40.2,65.0,1,Copernicus CAMS via Open-Meteo,Rawalpindi_Winter_Peak_2023-12-20
Rawalpindi,Autumn_Harvest,10,20.0,69.0,7.4,948.6,4,91.68,20.849,-0.702,0.3254,0.938,27.222,12.144,0.0006,0.1318,2.728,90.671,0.00026,70.0,0.9104,12.314,0.082,-0.047,0.13,33.9,65.0,0,Copernicus CAMS via Open-Meteo,Rawalpindi_Autumn_Harvest_2023-10-05
Rawalpindi,Winter_Peak,11,21.1,65.0,3.1,955.4,2,170.774,10.195,0.233,0.3464,0.941,92.088,19.552,0.0,0.0915,5.27,170.774,0.00015,33.0,0.9163,34.174,0.224,-0.044,0.61,33.9,65.0,0,Copernicus CAMS via Open-Meteo,Rawalpindi_Winter_Peak_2024-11-15
Rawalpindi,Autumn_Harvest,9,27.1,66.0,9.0,949.4,3,155.421,16.576,0.358,0.2777,0.984,60.46,15.862,0.0141,0.0469,6.915,154.45,0.00017,57.0,0.9918,31.249,0.222,-0.004,0.42,36.1,65.0,1,Copernicus CAMS via Open-Meteo,Rawalpindi_Autumn_Harvest_2024-09-28
Rawalpindi,Monsoon,8,26.2,89.0,2.6,945.9,1,130.029,20.671,0.766,0.2864,0.98,59.901,11.872,0.0,0.056,5.612,128.809,0.00024,54.0,0.9746,10.404,0.168,-0.013,0.73,30.4,65.0,0,Copernicus CAMS via Open-Meteo,Rawalpindi_Monsoon_2024-08-05
Rawalpindi,Monsoon,8,32.0,72.0,5.6,950.8,1,99.727,13.642,1.597,0.1882,0.93,49.802,13.128,0.0099,0.1434,2.494,99.427,0.00022,34.0,0.9397,24.31,0.103,-0.031,0.64,50.1,65.0,1,Copernicus CAMS via Open-Meteo,Rawalpindi_Monsoon_2023-08-20
Rawalpindi,Autumn_Harvest,9,25.4,70.0,7.0,950.2,6,103.393,12.636,-1.133,0.3917,0.964,65.775,10.112,0.0,0.0893,3.61,102.346,0.00027,40.0,0.9597,6.165,0.114,-0.021,0.34,53.2,65.0,1,Copernicus CAMS via Open-Meteo,Rawalpindi_Autumn_Harvest_2024-09-18
Rawalpindi,Winter_Peak,12,10.6,50.0,2.7,954.5,2,81.994,17.875,-0.432,0.3618,0.989,66.622,18.798,0.0038,0.1073,2.622,78.532,0.0006,58.0,0.9704,27.335,0.076,-0.015,0.13,45.6,65.0,1,Copernicus CAMS via Open-Meteo,Rawalpindi_Winter_Peak_2024-12-05
Rawalpindi,Monsoon,8,26.7,82.0,6.4,948.3,1,133.664,17.51,1.098,0.2469,0.954,153.871,25.678,0.0193,0.0954,4.246,133.201,0.00044,56.0,0.9561,66.595,0.17,-0.022,0.81,39.2,65.0,1,Copernicus CAMS via Open-Meteo,Rawalpindi_Monsoon_2024-08-25
Rawalpindi,Monsoon,8,31.5,55.0,2.5,950.6,1,98.071,12.954,-0.732,0.3584,0.901,24.06,8.958,0.0,0.1735,2.221,98.058,0.00012,40.0,0.89,5.52,0.089,-0.058,0.31,33.6,65.0,0,Copernicus CAMS via Open-Meteo,Rawalpindi_Monsoon_2023-08-30
Rawalpindi,Monsoon,7,33.2,61.0,5.9,939.0,0,99.059,16.619,0.472,0.2667,0.864,178.134,32.397,0.0379,0.2236,1.899,99.059,0.00075,53.0,0.7828,99.977,0.06,-0.122,1.26,75.0,65.0,1,Copernicus CAMS via Open-Meteo,Rawalpindi_Monsoon_2024-07-25
Rawalpindi,Summer,5,27.4,20.0,15.0,938.3,0,73.234,22.812,-0.434,0.3479,0.736,96.724,37.021,0.0492,0.4104,1.097,73.234,0.00069,81.0,0.5978,100.696,-0.033,-0.252,0.09,10.2,65.0,0,Copernicus CAMS via Open-Meteo,Rawalpindi_Summer_2024-05-28
Rawalpindi,Monsoon,7,26.0,92.0,5.5,946.8,1,132.598,19.194,0.096,0.2936,1.037,46.851,13.501,0.0006,0.0946,3.965,120.965,0.00016,64.0,1.0961,15.801,0.203,0.046,0.56,31.5,65.0,0,Copernicus CAMS via Open-Meteo,Rawalpindi_Monsoon_2023-07-25
Rawalpindi,Winter_Peak,12,17.6,43.0,10.2,957.0,5,82.438,22.963,-0.754,0.346,0.843,90.498,34.943,0.0397,0.2467,1.598,82.414,0.00059,76.0,0.779,90.773,0.036,-0.124,0.09,14.7,65.0,0,Copernicus CAMS via Open-Meteo,Rawalpindi_Winter_Peak_2023-12-10
Rawalpindi,Winter_Peak,11,21.2,49.0,5.2,958.3,3,79.788,18.898,-0.417,0.3247,0.969,30.09,22.131,0.0107,0.1147,2.447,77.03,0.00043,63.0,0.9711,35.831,0.072,-0.015,0.21,21.4,65.0,0,Copernicus CAMS via Open-Meteo,Rawalpindi_Winter_Peak_2024-11-25
Rawalpindi,Autumn_Harvest,10,18.3,51.0,1.8,956.5,3,70.969,20.623,-0.575,0.3238,0.781,38.116,24.662,0.0157,0.3382,1.151,70.969,0.00041,69.0,0.6812,51.91,-0.006,-0.19,0.19,12.6,65.0,0,Copernicus CAMS via Open-Meteo,Rawalpindi_Autumn_Harvest_2023-10-25
Rawalpindi,Winter_Peak,11,19.7,53.0,3.7,959.3,6,86.451,20.254,-0.368,0.3233,0.905,52.031,27.754,0.0134,0.1686,2.045,85.794,0.00045,75.0,0.8754,54.931,0.065,-0.066,0.21,22.4,65.0,0,Copernicus CAMS via Open-Meteo,Rawalpindi_Winter_Peak_2024-11-25
Rawalpindi,Winter_Peak,1,18.0,48.0,7.9,956.3,4,112.902,11.675,-1.56,0.3462,0.933,46.174,14.646,0.0004,0.1348,2.856,112.839,0.00017,40.0,0.8648,17.807,0.107,-0.073,0.39,71.2,65.0,1,Copernicus CAMS via Open-Meteo,Rawalpindi_Winter_Peak_2024-01-15
Rawalpindi,Autumn_Harvest,10,25.3,47.0,4.8,960.3,3,77.454,21.969,-0.608,0.3265,0.801,69.69,25.198,0.0125,0.3112,1.33,77.452,0.00052,71.0,0.7115,50.974,0.01,-0.169,0.19,18.2,65.0,0,Copernicus CAMS via Open-Meteo,Rawalpindi_Autumn_Harvest_2023-10-25
Rawalpindi,Winter_Peak,11,15.5,74.0,12.5,952.6,5,77.792,21.482,-0.526,0.3289,0.886,15.88,14.101,0.0,0.2093,1.581,77.356,0.00029,79.0,0.877,17.508,0.051,-0.066,0.11,20.2,65.0,0,Copernicus CAMS via Open-Meteo,Rawalpindi_Winter_Peak_2024-11-01
Rawalpindi,Winter_Peak,11,14.1,73.0,8.0,956.4,3,101.725,20.956,-1.131,0.3823,0.973,32.824,15.705,0.0004,0.0942,3.485,99.631,0.00028,75.0,0.9817,21.499,0.116,-0.009,0.18,34.7,65.0,0,Copernicus CAMS via Open-Meteo,Rawalpindi_Winter_Peak_2023-11-05
Rawalpindi,Autumn_Harvest,10,16.3,93.0,3.6,952.9,2,102.288,13.965,-1.307,0.3582,0.913,53.034,11.227,0.0,0.1668,2.368,102.154,0.00022,44.0,0.9161,8.801,0.102,-0.044,0.42,25.6,65.0,0,Copernicus CAMS via Open-Meteo,Rawalpindi_Autumn_Harvest_2023-10-15
Rawalpindi,Autumn_Harvest,10,19.0,59.0,8.0,953.1,3,96.532,12.327,-1.211,0.3592,0.897,26.703,9.588,0.0,0.1688,2.186,96.527,0.00017,40.0,0.8511,6.743,0.076,-0.08,0.29,21.5,65.0,0,Copernicus CAMS via Open-Meteo,Rawalpindi_Autumn_Harvest_2023-10-15
Rawalpindi,Winter_Peak,11,16.1,58.0,2.9,956.3,5,79.937,17.17,-1.074,0.3923,0.912,75.204,15.245,0.0004,0.1564,1.903,79.396,0.00052,64.0,0.8729,18.14,0.054,-0.068,0.15,17.3,65.0,0,Copernicus CAMS via Open-Meteo,Rawalpindi_Winter_Peak_2023-11-05
Rawalpindi,Monsoon,7,28.2,83.0,3.0,946.1,0,150.395,21.818,0.288,0.2843,1.025,69.757,16.294,0.001,0.0582,6.132,142.521,0.00016,72.0,1.0426,23.15,0.227,0.021,1.0,51.8,65.0,1,Copernicus CAMS via Open-Meteo,Rawalpindi_Monsoon_2023-07-25
Rawalpindi,Autumn_Harvest,9,32.1,48.0,1.5,949.1,6,97.871,11.142,-1.279,0.3674,0.946,38.719,8.415,0.0,0.1081,2.972,97.411,0.00018,36.0,0.9391,4.42,0.099,-0.031,0.33,32.9,65.0,0,Copernicus CAMS via Open-Meteo,Rawalpindi_Autumn_Harvest_2024-09-18
Rawalpindi,Summer,5,25.5,43.0,9.3,947.5,1,90.041,20.129,-0.499,0.3319,0.856,33.157,23.994,0.007,0.2245,1.871,90.024,0.00021,60.0,0.7985,40.708,0.052,-0.112,0.43,14.1,65.0,0,Copernicus CAMS via Open-Meteo,Rawalpindi_Summer_2024-05-18
Rawalpindi,Winter_Peak,11,22.7,50.0,3.5,958.1,3,185.729,10.814,0.137,0.3403,0.977,97.034,21.407,0.0,0.0407,8.57,185.711,0.00015,33.0,0.9607,40.47,0.269,-0.02,0.85,65.0,65.0,1,Copernicus CAMS via Open-Meteo,Rawalpindi_Winter_Peak_2024-11-15
Rawalpindi,Winter_Peak,12,6.6,76.0,7.2,958.0,3,83.837,36.188,0.079,0.3181,0.851,134.127,40.589,0.0647,0.2597,1.914,83.805,0.0009,118.0,0.7774,121.056,0.037,-0.125,0.1,18.5,65.0,0,Copernicus CAMS via Open-Meteo,Rawalpindi_Winter_Peak_2023-12-20
Rawalpindi,Monsoon,7,26.0,89.0,4.6,938.1,0,103.956,17.095,0.189,0.2992,0.926,92.598,27.955,0.0295,0.1452,2.61,103.565,0.00044,51.0,0.9242,78.118,0.107,-0.039,1.11,61.9,65.0,1,Copernicus CAMS via Open-Meteo,Rawalpindi_Monsoon_2024-07-25
Rawalpindi,Summer,6,26.4,52.0,7.9,942.9,2,115.107,29.177,0.094,0.3071,0.873,259.159,41.82,0.0606,0.2073,2.514,115.107,0.00081,84.0,0.8093,127.832,0.093,-0.105,0.59,34.1,65.0,0,Copernicus CAMS via Open-Meteo,Rawalpindi_Summer_2023-06-15
Rawalpindi,Winter_Peak,11,24.0,49.0,7.9,955.9,3,95.347,20.078,-1.08,0.3877,0.983,42.789,15.214,0.0008,0.0859,3.572,92.896,0.00031,70.0,0.9921,18.848,0.105,-0.004,0.22,21.9,65.0,0,Copernicus CAMS via Open-Meteo,Rawalpindi_Winter_Peak_2023-11-05
Rawalpindi,Winter_Peak,11,13.3,76.0,5.7,956.2,2,85.329,20.178,-0.378,0.3232,0.922,42.892,26.386,0.0121,0.147,2.31,84.546,0.00045,73.0,0.8876,52.303,0.066,-0.06,0.28,55.9,65.0,1,Copernicus CAMS via Open-Meteo,Rawalpindi_Winter_Peak_2024-11-25
Rawalpindi,Autumn_Harvest,9,23.3,85.0,8.1,944.8,5,89.309,14.997,-0.285,0.328,0.87,70.77,20.182,0.0027,0.2104,1.788,89.217,0.00037,54.0,0.8228,30.484,0.057,-0.097,0.46,42.8,65.0,1,Copernicus CAMS via Open-Meteo,Rawalpindi_Autumn_Harvest_2024-09-10
Rawalpindi,Winter_Peak,11,12.5,87.0,10.0,956.7,5,142.465,21.535,-1.41,0.2612,0.955,104.011,23.765,0.0004,0.0879,4.663,142.388,0.0003,75.0,0.9147,51.312,0.173,-0.045,0.54,11.7,65.0,0,Copernicus CAMS via Open-Meteo,Rawalpindi_Winter_Peak_2023-11-30
Rawalpindi,Autumn_Harvest,10,22.6,67.0,4.5,955.4,2,93.462,12.308,-1.281,0.3645,0.887,39.91,10.083,0.0,0.1899,1.958,93.46,0.00022,41.0,0.8226,7.273,0.064,-0.097,0.4,33.4,65.0,0,Copernicus CAMS via Open-Meteo,Rawalpindi_Autumn_Harvest_2023-10-15
Rawalpindi,Monsoon,8,31.8,61.0,8.3,947.6,1,162.498,18.147,-0.443,0.3053,0.982,127.382,29.485,0.0,0.0578,6.488,161.131,0.00029,63.0,0.9971,65.587,0.238,-0.001,0.36,18.7,65.0,0,Copernicus CAMS via Open-Meteo,Rawalpindi_Monsoon_2024-08-12
Rawalpindi,Autumn_Harvest,10,23.7,79.0,4.7,951.7,3,132.714,6.509,1.078,0.3121,0.974,62.268,9.822,0.0015,0.0749,4.688,131.594,0.00016,20.0,0.9326,8.136,0.161,-0.035,0.58,69.2,65.0,1,Copernicus CAMS via Open-Meteo,Rawalpindi_Autumn_Harvest_2024-10-05
Rawalpindi,Winter_Peak,12,16.2,62.0,14.8,958.5,3,81.571,26.021,0.705,0.2392,0.902,68.663,33.009,0.0436,0.1709,2.17,81.125,0.00072,88.0,0.8517,83.613,0.052,-0.08,0.12,22.8,65.0,0,Copernicus CAMS via Open-Meteo,Rawalpindi_Winter_Peak_2023-12-01
Rawalpindi,Winter_Peak,1,5.0,90.0,1.5,956.5,2,112.283,11.208,-1.479,0.3489,0.961,71.199,15.072,0.0003,0.1233,2.978,110.429,0.00024,38.0,0.9969,17.8,0.139,-0.002,0.45,34.6,65.0,0,Copernicus CAMS via Open-Meteo,Rawalpindi_Winter_Peak_2024-01-15
Rawalpindi,Monsoon,7,33.5,56.0,1.1,942.8,3,143.168,21.758,0.472,0.3336,1.004,35.372,16.566,0.0037,0.1196,3.625,133.394,0.00016,64.0,1.0732,29.033,0.22,0.035,1.23,45.6,65.0,1,Copernicus CAMS via Open-Meteo,Rawalpindi_Monsoon_2023-07-15
Rawalpindi,Monsoon,8,23.1,79.0,4.1,947.1,0,100.099,14.003,-0.789,0.359,0.921,54.869,10.339,0.0,0.14,2.655,100.023,0.00022,41.0,0.9054,6.619,0.096,-0.05,0.25,27.6,65.0,0,Copernicus CAMS via Open-Meteo,Rawalpindi_Monsoon_2023-08-30
Rawalpindi,Summer,5,12.0,79.0,5.8,945.8,0,65.291,19.082,-0.143,0.3497,0.784,63.17,30.086,0.0378,0.3217,1.088,65.267,0.00052,63.0,0.7073,57.847,-0.005,-0.171,0.26,16.0,65.0,0,Copernicus CAMS via Open-Meteo,Rawalpindi_Summer_2024-05-01
Rawalpindi,Winter_Peak,1,4.9,89.0,0.5,956.6,5,112.368,11.516,-1.558,0.3204,0.979,47.052,13.676,0.0,0.0618,4.523,111.195,0.00018,38.0,0.986,14.845,0.137,-0.007,0.42,39.8,65.0,1,Copernicus CAMS via Open-Meteo,Rawalpindi_Winter_Peak_2024-01-15
Rawalpindi,Winter_Peak,11,26.3,48.0,10.8,955.3,8,86.381,23.194,-0.491,0.3297,0.916,57.121,16.886,0.0006,0.1636,2.184,85.823,0.00051,80.0,0.8494,23.253,0.059,-0.081,0.11,17.8,65.0,0,Copernicus CAMS via Open-Meteo,Rawalpindi_Winter_Peak_2024-11-01
Rawalpindi,Autumn_Harvest,10,15.0,79.0,7.9,956.8,3,65.716,19.416,-0.618,0.3344,0.721,44.963,24.244,0.0135,0.4035,0.985,65.716,0.00043,71.0,0.6165,47.44,-0.031,-0.237,0.15,32.2,65.0,0,Copernicus CAMS via Open-Meteo,Rawalpindi_Autumn_Harvest_2023-10-25
Rawalpindi,Autumn_Harvest,10,19.7,73.0,7.0,951.9,4,110.985,11.249,-1.547,0.369,1.003,36.819,8.025,0.0,0.07,4.585,106.558,0.00016,43.0,1.0291,4.204,0.144,0.014,0.18,37.3,65.0,1,Copernicus CAMS via Open-Meteo,Rawalpindi_Autumn_Harvest_2024-10-15
Rawalpindi,Monsoon,7,26.1,88.0,2.3,947.9,0,134.77,19.514,0.244,0.2892,0.998,52.095,14.806,0.0007,0.0427,6.43,132.122,0.00015,67.0,0.9962,18.826,0.183,-0.002,0.83,36.6,65.0,1,Copernicus CAMS via Open-Meteo,Rawalpindi_Monsoon_2023-07-25
Rawalpindi,Summer,6,36.5,29.0,13.3,942.8,3,126.577,8.752,-0.928,0.3932,0.902,71.113,9.853,0.0,0.1664,2.814,126.577,0.00015,30.0,0.833,5.988,0.118,-0.091,0.42,29.7,65.0,0,Copernicus CAMS via Open-Meteo,Rawalpindi_Summer_2024-06-20
Rawalpindi,Winter_Peak,12,9.5,89.0,9.2,959.8,3,74.58,23.436,0.637,0.2391,0.926,100.122,29.706,0.0461,0.1627,1.941,73.437,0.00097,76.0,0.8647,65.219,0.043,-0.073,0.7,10.5,65.0,0,Copernicus CAMS via Open-Meteo,Rawalpindi_Winter_Peak_2023-12-01
Rawalpindi,Summer,6,34.3,28.0,1.1,947.7,1,56.81,12.553,-0.33,0.3297,0.755,83.538,15.062,0.0018,0.3524,0.904,56.804,0.00064,48.0,0.6531,15.754,-0.028,-0.21,0.24,15.6,65.0,0,Copernicus CAMS via Open-Meteo,Rawalpindi_Summer_2024-06-10
Rawalpindi,Monsoon,8,34.8,53.0,2.9,947.9,1,102.627,13.19,1.723,0.1686,0.965,30.612,11.762,0.01,0.0783,3.768,102.122,0.00017,31.0,0.9695,24.803,0.115,-0.015,0.71,54.2,65.0,1,Copernicus CAMS via Open-Meteo,Rawalpindi_Monsoon_2023-08-20
Sheikhupura,Autumn_Harvest,9,24.2,83.0,3.1,980.8,9,131.149,4.367,1.053,0.2287,0.96,38.861,7.344,0.0,0.0712,4.697,131.134,8e-05,14.0,0.9339,3.085,0.159,-0.034,0.5,59.6,,1,Copernicus CAMS via Open-Meteo,Sheikhupura_Autumn_Harvest_2024-09-18
Sheikhupura,Summer,5,25.3,34.0,8.9,968.7,2,71.839,10.251,1.371,0.2597,0.722,60.961,27.688,0.0117,0.3949,1.06,71.839,0.00026,29.0,0.6076,46.215,-0.03,-0.244,0.13,36.3,,1,Copernicus CAMS via Open-Meteo,Sheikhupura_Summer_2024-05-28
Sheikhupura,Winter_Peak,1,5.6,100.0,3.8,991.6,11,185.699,1.646,-0.002,0.3104,1.054,26.346,4.908,0.0,0.0908,5.209,168.838,4e-05,4.0,1.0685,1.289,0.307,0.033,0.76,182.1,,3,Copernicus CAMS via Open-Meteo,Sheikhupura_Winter_Peak_2024-01-15
Sheikhupura,Summer,5,31.4,42.0,10.6,980.2,1,144.748,30.882,-0.296,0.2923,1.0,355.59,51.678,0.0824,0.0379,7.291,142.141,0.00099,110.0,1.0041,228.266,0.205,0.002,1.03,42.8,,1,Copernicus CAMS via Open-Meteo,Sheikhupura_Summer_2023-05-25
Sheikhupura,Summer,5,25.8,42.0,6.1,979.7,3,67.254,10.774,1.677,0.2625,0.706,58.157,29.88,0.0153,0.4553,0.97,67.254,0.00031,30.0,0.5469,49.097,-0.057,-0.293,0.23,18.3,,0,Copernicus CAMS via Open-Meteo,Sheikhupura_Summer_2024-05-01
Sheikhupura,Autumn_Harvest,10,21.4,72.0,6.6,985.0,14,100.549,4.145,0.285,0.301,0.893,55.675,8.682,0.0,0.1639,2.246,100.549,0.00017,11.0,0.8487,4.267,0.082,-0.082,0.23,78.9,,2,Copernicus CAMS via Open-Meteo,Sheikhupura_Autumn_Harvest_2024-10-15
Sheikhupura,Winter_Peak,11,15.8,98.0,4.6,990.7,13,45.799,2.103,-0.019,0.3698,1.0,41.014,6.158,0.0,0.095,1.441,43.479,0.0008,5.0,0.9648,2.008,0.007,-0.018,1.73,276.6,,3,Copernicus CAMS via Open-Meteo,Sheikhupura_Winter_Peak_2024-11-15
Sheikhupura,Summer,5,32.7,37.0,6.5,980.5,1,96.057,23.736,1.607,0.2013,0.9,146.483,30.176,0.0255,0.1781,2.473,95.482,0.00073,59.0,0.8382,73.839,0.072,-0.088,0.4,27.2,,0,Copernicus CAMS via Open-Meteo,Sheikhupura_Summer_2024-05-18
Sheikhupura,Winter_Peak,11,21.5,74.0,0.5,991.7,4,160.791,5.421,-0.733,0.3373,1.07,67.337,8.18,0.0,0.1076,4.077,143.453,0.00013,17.0,1.1027,3.624,0.265,0.049,0.36,68.9,,1,Copernicus CAMS via Open-Meteo,Sheikhupura_Winter_Peak_2023-11-05
Sheikhupura,Winter_Peak,11,15.9,93.0,3.0,992.1,15,146.395,16.797,0.953,0.2238,1.033,26.623,12.27,0.0021,0.0689,5.083,136.48,9e-05,52.0,1.0724,21.881,0.226,0.035,1.57,70.8,,1,Copernicus CAMS via Open-Meteo,Sheikhupura_Winter_Peak_2023-11-30
Sheikhupura,Autumn_Harvest,9,32.7,64.0,5.1,978.7,9,92.911,7.78,0.197,0.3062,0.964,48.765,13.388,0.0002,0.1917,1.887,87.452,0.00021,22.0,1.0545,11.61,0.112,0.027,0.81,56.1,,1,Copernicus CAMS via Open-Meteo,Sheikhupura_Autumn_Harvest_2024-09-10
Sheikhupura,Winter_Peak,12,6.9,95.0,10.0,989.7,14,80.178,8.342,0.657,0.2602,0.888,40.286,22.703,0.0012,0.198,1.626,80.17,0.00021,26.0,0.8809,27.228,0.056,-0.063,0.3,87.1,,2,Copernicus CAMS via Open-Meteo,Sheikhupura_Winter_Peak_2023-12-10
Sheikhupura,Summer,6,32.5,33.0,5.4,980.2,1,109.9,7.426,-0.2,0.3389,0.852,48.713,12.302,0.0,0.2241,2.059,109.9,0.00011,18.0,0.7768,9.23,0.074,-0.126,0.59,23.3,,0,Copernicus CAMS via Open-Meteo,Sheikhupura_Summer_2023-06-05
Sheikhupura,Monsoon,8,33.4,60.0,5.3,979.5,0,128.945,14.844,2.312,0.1523,0.97,79.868,15.876,0.0066,0.0743,4.574,128.28,0.00024,50.0,0.9783,34.381,0.167,-0.011,0.85,46.3,,1,Copernicus CAMS via Open-Meteo,Sheikhupura_Monsoon_2024-08-25
Sheikhupura,Summer,6,32.2,40.0,7.8,970.4,4,118.857,10.21,2.951,0.1588,0.87,56.611,9.707,0.0022,0.2146,2.277,118.857,0.00014,26.0,0.786,11.927,0.09,-0.12,0.64,55.8,,1,Copernicus CAMS via Open-Meteo,Sheikhupura_Summer_2024-06-20
Sheikhupura,Winter_Peak,11,28.5,43.0,6.1,989.5,13,163.503,6.427,-0.737,0.3632,0.957,73.39,8.746,0.0,0.0806,5.496,163.45,0.00011,21.0,0.9538,4.143,0.225,-0.024,0.55,52.6,,1,Copernicus CAMS via Open-Meteo,Sheikhupura_Winter_Peak_2023-11-05
Sheikhupura,Summer,6,31.5,57.0,5.5,973.3,2,124.138,11.691,2.651,0.1599,0.924,100.182,12.603,0.0042,0.1477,3.013,124.051,0.00026,30.0,0.8536,18.95,0.122,-0.079,0.5,34.1,,0,Copernicus CAMS via Open-Meteo,Sheikhupura_Summer_2024-06-20
Sheikhupura,Autumn_Harvest,10,17.1,77.0,8.0,989.4,14,80.958,6.676,0.131,0.2596,0.739,56.374,15.373,0.0,0.3644,1.218,80.958,0.00017,18.0,0.6363,14.206,-0.012,-0.222,0.18,46.8,,1,Copernicus CAMS via Open-Meteo,Sheikhupura_Autumn_Harvest_2023-10-25
Sheikhupura,Monsoon,7,27.7,86.0,7.9,976.1,3,176.088,11.441,-0.357,0.2647,1.103,27.833,9.656,0.0,0.1474,3.532,150.227,6e-05,41.0,1.1597,11.23,0.313,0.074,0.97,58.0,,1,Copernicus CAMS via Open-Meteo,Sheikhupura_Monsoon_2023-07-15
Sheikhupura,Autumn_Harvest,10,22.1,60.0,3.4,983.0,15,102.384,7.318,0.533,0.2717,0.871,53.095,8.282,0.0,0.2239,1.959,102.378,0.00014,12.0,0.8654,3.997,0.09,-0.072,0.31,64.0,,1,Copernicus CAMS via Open-Meteo,Sheikhupura_Autumn_Harvest_2023-10-05
Sheikhupura,Winter_Peak,1,7.5,97.0,3.6,994.0,11,206.461,1.949,0.01,0.2952,0.976,35.711,5.725,0.0,0.0796,6.783,204.784,3e-05,5.0,1.005,1.746,0.327,0.002,1.19,113.6,,2,Copernicus CAMS via Open-Meteo,Sheikhupura_Winter_Peak_2024-01-15
Sheikhupura,Summer,6,29.3,63.0,10.5,972.8,0,122.499,11.298,2.87,0.1282,0.925,32.024,8.83,0.004,0.1394,3.045,122.487,0.0001,30.0,0.8616,15.655,0.122,-0.074,0.53,33.2,,0,Copernicus CAMS via Open-Meteo,Sheikhupura_Summer_2024-06-20
Sheikhupura,Monsoon,7,29.9,75.0,8.3,978.7,0,149.723,7.057,0.733,0.2729,0.998,35.316,8.647,0.0,0.0526,6.093,146.231,7e-05,17.0,0.9725,5.468,0.205,-0.014,0.88,56.3,,1,Copernicus CAMS via Open-Meteo,Sheikhupura_Monsoon_2024-07-10
Sheikhupura,Autumn_Harvest,10,24.5,74.0,8.3,982.4,8,146.666,6.996,0.749,0.2561,0.981,53.046,8.995,0.0,0.0832,4.757,144.09,0.0001,22.0,1.0129,4.833,0.211,0.006,0.55,64.3,,1,Copernicus CAMS via Open-Meteo,Sheikhupura_Autumn_Harvest_2024-10-05
Sheikhupura,Autumn_Harvest,10,20.2,84.0,7.1,987.5,4,162.153,4.124,0.025,0.2954,0.994,81.886,8.97,0.0,0.0358,7.914,160.149,0.00013,12.0,0.9829,4.261,0.232,-0.009,0.88,101.5,,2,Copernicus CAMS via Open-Meteo,Sheikhupura_Autumn_Harvest_2024-10-22
Sheikhupura,Autumn_Harvest,9,32.1,57.0,1.0,981.4,16,53.848,2.142,-0.004,0.3784,1.011,42.64,6.355,0.0,0.0895,1.717,50.648,0.0006,5.0,1.0556,2.106,0.031,0.027,0.7,22.0,,0,Copernicus CAMS via Open-Meteo,Sheikhupura_Autumn_Harvest_2024-09-28
Sheikhupura,Summer,5,29.2,23.0,14.2,979.6,0,74.106,11.635,1.557,0.2821,0.749,118.177,32.783,0.0167,0.4044,1.096,74.098,0.00053,31.0,0.5977,56.864,-0.032,-0.252,0.25,18.0,,0,Copernicus CAMS via Open-Meteo,Sheikhupura_Summer_2024-05-01
Sheikhupura,Winter_Peak,11,16.6,81.0,7.6,985.3,16,108.738,2.207,0.229,0.3452,0.968,17.234,5.091,0.0,0.0674,3.971,108.674,6e-05,7.0,0.9726,1.458,0.127,-0.014,0.09,34.2,,0,Copernicus CAMS via Open-Meteo,Sheikhupura_Winter_Peak_2024-11-01
Sheikhupura,Autumn_Harvest,10,21.3,64.0,5.8,982.8,15,93.652,6.11,0.464,0.3064,0.837,21.297,6.18,0.0,0.2583,1.638,93.652,6e-05,10.0,0.8098,2.325,0.06,-0.105,0.3,63.3,,1,Copernicus CAMS via Open-Meteo,Sheikhupura_Autumn_Harvest_2023-10-05
Sheikhupura,Monsoon,8,29.4,79.0,4.4,977.1,2,140.412,20.385,0.373,0.3073,0.968,68.591,22.165,0.0003,0.067,5.394,140.02,0.00018,65.0,0.9602,37.429,0.184,-0.02,0.53,38.2,,1,Copernicus CAMS via Open-Meteo,Sheikhupura_Monsoon_2024-08-12
Sheikhupura,Winter_Peak,11,14.5,94.0,10.7,990.3,13,124.949,14.13,0.839,0.1998,0.965,47.501,12.545,0.0017,0.0634,4.896,124.824,0.00014,48.0,0.9476,19.009,0.151,-0.027,1.5,78.9,,2,Copernicus CAMS via Open-Meteo,Sheikhupura_Winter_Peak_2023-11-30
Sheikhupura,Monsoon,8,32.1,67.0,8.2,980.4,1,121.314,11.85,2.689,0.1427,0.999,34.599,11.863,0.0033,0.0962,3.692,115.339,0.00016,36.0,1.051,19.799,0.169,0.025,0.94,47.5,,1,Copernicus CAMS via Open-Meteo,Sheikhupura_Monsoon_2024-08-25
Sheikhupura,Winter_Peak,1,8.6,95.0,3.3,993.8,15,188.237,2.239,0.022,0.283,1.006,46.212,6.584,0.0,0.0382,8.706,183.126,5e-05,5.0,1.0274,2.284,0.299,0.014,1.32,111.8,,2,Copernicus CAMS via Open-Meteo,Sheikhupura_Winter_Peak_2024-01-15
Sheikhupura,Summer,5,28.9,26.0,5.0,968.4,1,67.15,9.801,1.401,0.2245,0.731,49.543,24.677,0.0097,0.3679,1.012,67.15,0.00025,28.0,0.6393,38.676,-0.023,-0.22,0.12,36.4,,1,Copernicus CAMS via Open-Meteo,Sheikhupura_Summer_2024-05-28
Sheikhupura,Winter_Peak,11,23.2,69.0,1.9,992.4,11,54.337,2.404,-0.012,0.3131,0.954,53.903,7.119,0.0,0.095,1.778,53.973,0.00064,6.0,0.9379,2.653,0.019,-0.032,1.54,234.2,,3,Copernicus CAMS via Open-Meteo,Sheikhupura_Winter_Peak_2024-11-15
Sheikhupura,Autumn_Harvest,9,30.2,67.0,4.3,983.0,5,204.84,1.195,-0.14,0.2629,1.006,13.043,3.605,0.0,0.0164,12.234,201.785,1e-05,3.0,1.0149,0.806,0.328,0.007,0.66,28.1,,0,Copernicus CAMS via Open-Meteo,Sheikhupura_Autumn_Harvest_2023-09-25
Sheikhupura,Autumn_Harvest,9,29.7,68.0,4.9,983.6,14,47.386,2.484,-0.017,0.3262,1.0,56.791,7.28,0.0,0.0838,1.61,45.295,0.00102,5.0,0.9968,2.796,0.013,-0.002,0.6,15.6,,0,Copernicus CAMS via Open-Meteo,Sheikhupura_Autumn_Harvest_2024-09-28
Sheikhupura,Autumn_Harvest,10,28.3,56.0,7.5,984.2,9,109.478,4.274,0.346,0.2937,0.879,48.193,8.335,0.0,0.1834,2.278,109.478,0.00012,11.0,0.8201,4.102,0.088,-0.099,0.31,40.4,,1,Copernicus CAMS via Open-Meteo,Sheikhupura_Autumn_Harvest_2024-10-15
Sheikhupura,Autumn_Harvest,10,23.8,76.0,5.9,980.7,11,139.755,6.491,0.813,0.2471,1.029,23.867,6.91,0.0,0.0535,5.441,132.298,6e-05,19.0,1.0543,2.96,0.208,0.026,0.5,78.7,,2,Copernicus CAMS via Open-Meteo,Sheikhupura_Autumn_Harvest_2024-10-05
Sheikhupura,Winter_Peak,11,24.4,48.0,8.1,987.5,9,134.119,3.95,0.081,0.2669,1.006,80.61,9.569,0.0,0.0928,3.991,126.574,0.00019,10.0,0.9626,4.956,0.173,-0.019,0.13,47.3,,1,Copernicus CAMS via Open-Meteo,Sheikhupura_Winter_Peak_2024-11-01
Sheikhupura,Autumn_Harvest,10,22.1,60.0,3.4,983.0,13,100.379,6.761,0.451,0.3097,0.819,39.54,7.713,0.0,0.2695,1.72,100.379,0.0001,11.0,0.7711,3.494,0.058,-0.129,0.31,64.0,,1,Copernicus CAMS via Open-Meteo,Sheikhupura_Autumn_Harvest_2023-10-05
Sheikhupura,Summer,5,16.0,72.0,8.7,979.6,1,72.538,11.624,1.799,0.2502,0.745,49.316,29.847,0.0139,0.3915,1.084,72.537,0.00026,31.0,0.6111,54.119,-0.028,-0.241,0.31,23.2,,0,Copernicus CAMS via Open-Meteo,Sheikhupura_Summer_2024-05-01
Sheikhupura,Autumn_Harvest,10,25.0,67.0,8.5,988.4,14,172.609,3.545,-0.005,0.3347,0.975,33.604,5.978,0.0,0.0783,5.747,171.443,5e-05,11.0,0.9277,1.909,0.232,-0.037,1.21,121.1,,2,Copernicus CAMS via Open-Meteo,Sheikhupura_Autumn_Harvest_2024-10-22
Sheikhupura,Monsoon,7,29.5,81.0,5.5,977.3,0,196.607,12.917,-0.306,0.2637,1.064,69.356,13.476,0.0,0.1536,3.853,166.655,0.0001,48.0,1.1797,18.242,0.364,0.082,1.26,68.9,,1,Copernicus CAMS via Open-Meteo,Sheikhupura_Monsoon_2023-07-15
Sheikhupura,Monsoon,8,27.4,94.0,3.8,977.3,1,110.361,20.027,0.985,0.2618,0.978,23.286,12.055,0.0005,0.0769,4.384,109.123,0.00015,55.0,0.9979,15.271,0.136,-0.001,0.58,31.1,,0,Copernicus CAMS via Open-Meteo,Sheikhupura_Monsoon_2024-08-05
Sheikhupura,Monsoon,8,36.2,43.0,5.2,979.6,1,84.818,10.54,0.746,0.2747,0.859,56.086,9.525,0.0,0.2767,1.483,84.803,0.00021,24.0,0.8992,5.664,0.068,-0.053,0.45,38.9,,1,Copernicus CAMS via Open-Meteo,Sheikhupura_Monsoon_2023-08-30
Sheikhupura,Summer,5,33.6,38.0,12.8,980.8,2,132.313,29.626,-0.364,0.3013,0.983,323.421,48.625,0.0828,0.0627,5.29,130.638,0.001,109.0,0.9936,206.453,0.178,-0.003,0.82,40.2,,1,Copernicus CAMS via Open-Meteo,Sheikhupura_Summer_2023-05-25
Sheikhupura,Winter_Peak,12,12.8,78.0,10.7,992.4,12,63.155,9.678,0.71,0.2815,0.84,99.361,31.079,0.0651,0.2811,1.073,63.124,0.00072,32.0,0.8407,48.992,0.02,-0.087,0.17,65.0,,1,Copernicus CAMS via Open-Meteo,Sheikhupura_Winter_Peak_2023-12-20
Sheikhupura,Winter_Peak,11,11.8,92.0,2.6,990.5,12,122.093,3.053,0.751,0.2801,1.004,14.134,5.786,0.0,0.0664,4.304,117.19,4e-05,9.0,1.0417,2.04,0.169,0.02,0.42,115.3,,2,Copernicus CAMS via Open-Meteo,Sheikhupura_Winter_Peak_2024-11-25
Sheikhupura,Monsoon,8,31.4,80.0,5.4,976.5,2,86.421,16.521,1.57,0.2272,0.901,56.192,26.281,0.0129,0.2104,1.778,86.168,0.00029,41.0,0.9306,44.783,0.077,-0.036,0.79,59.8,,1,Copernicus CAMS via Open-Meteo,Sheikhupura_Monsoon_2023-08-05
Sheikhupura,Winter_Peak,11,18.5,83.0,4.9,990.8,15,170.739,6.315,-0.713,0.3714,1.006,72.898,8.656,0.0,0.043,7.627,165.831,0.00011,20.0,0.9914,4.023,0.252,-0.004,0.34,87.3,,2,Copernicus CAMS via Open-Meteo,Sheikhupura_Winter_Peak_2023-11-05
Sheikhupura,Autumn_Harvest,9,21.1,94.0,18.1,983.8,4,210.099,2.159,0.037,0.2522,1.044,41.975,6.369,0.0,0.0874,6.051,191.724,4e-05,5.0,1.0413,2.187,0.348,0.02,0.55,31.3,,0,Copernicus CAMS via Open-Meteo,Sheikhupura_Autumn_Harvest_2023-09-25
Sheikhupura,Autumn_Harvest,9,32.2,57.0,1.4,980.7,10,53.767,1.288,-0.007,0.281,1.01,16.36,3.871,0.0,0.0509,2.261,51.803,0.00023,3.0,1.0328,0.797,0.029,0.016,0.7,24.3,,0,Copernicus CAMS via Open-Meteo,Sheikhupura_Autumn_Harvest_2024-09-28
Sheikhupura,Monsoon,7,30.8,72.0,9.5,978.5,0,133.114,6.054,0.742,0.268,0.949,18.973,7.318,0.0,0.1246,3.431,132.723,4e-05,15.0,0.9772,4.369,0.175,-0.012,0.81,65.4,,1,Copernicus CAMS via Open-Meteo,Sheikhupura_Monsoon_2024-07-10
Sheikhupura,Summer,4,28.8,41.0,11.8,982.4,0,42.479,5.432,0.324,0.2637,0.567,67.837,11.862,0.0,0.5783,0.633,42.479,0.0004,16.0,0.4215,7.872,-0.111,-0.407,0.22,29.5,,0,Copernicus CAMS via Open-Meteo,Sheikhupura_Summer_2024-04-20
Sheikhupura,Monsoon,8,25.7,92.0,7.2,977.4,1,133.594,20.219,0.411,0.3077,0.985,45.768,20.765,0.0004,0.0988,4.059,129.676,0.00017,63.0,1.0277,32.892,0.189,0.014,0.73,19.7,,0,Copernicus CAMS via Open-Meteo,Sheikhupura_Monsoon_2024-08-12
Sheikhupura,Winter_Peak,11,17.3,84.0,10.2,992.3,12,146.568,16.23,0.787,0.2334,1.014,81.012,14.901,0.0023,0.0951,4.254,136.554,0.00018,51.0,1.0727,25.125,0.227,0.035,1.64,57.9,,1,Copernicus CAMS via Open-Meteo,Sheikhupura_Winter_Peak_2023-11-30
Sheikhupura,Summer,6,27.5,35.0,8.7,976.3,2,72.581,6.138,-0.133,0.3183,0.755,68.585,10.781,0.0,0.338,1.123,72.581,0.00026,15.0,0.6758,6.319,-0.006,-0.193,0.24,27.9,,0,Copernicus CAMS via Open-Meteo,Sheikhupura_Summer_2024-06-10
Sheikhupura,Winter_Peak,1,9.0,92.0,6.5,993.5,15,178.625,2.964,-0.022,0.2612,1.023,77.535,8.661,0.0,0.0563,6.868,169.107,0.0001,6.0,1.0556,4.021,0.289,0.027,0.63,145.3,,2,Copernicus CAMS via Open-Meteo,Sheikhupura_Winter_Peak_2024-01-05
Sheikhupura,Summer,6,23.6,91.0,5.8,977.9,0,173.76,5.755,-3.118,0.0786,1.004,17.926,5.193,0.0,0.0294,8.79,170.31,3e-05,12.0,1.0201,3.166,0.267,0.01,0.58,31.8,,0,Copernicus CAMS via Open-Meteo,Sheikhupura_Summer_2023-06-15
Sheikhupura,Autumn_Harvest,10,19.7,86.0,7.7,987.8,17,183.061,3.951,-0.012,0.2956,1.009,51.995,7.286,0.0,0.0447,7.924,176.784,7e-05,12.0,1.0351,2.831,0.291,0.017,0.89,96.2,,2,Copernicus CAMS via Open-Meteo,Sheikhupura_Autumn_Harvest_2024-10-22
Sheikhupura,Monsoon,8,34.3,55.0,4.0,977.2,1,119.954,13.061,2.496,0.1481,1.004,60.235,13.7,0.004,0.0563,4.904,115.856,0.00024,41.0,1.0301,24.807,0.162,0.015,0.79,48.1,,1,Copernicus CAMS via Open-Meteo,Sheikhupura_Monsoon_2024-08-25
Sheikhupura,Monsoon,8,35.6,54.0,6.6,978.1,0,137.095,28.264,0.099,0.3205,0.996,16.599,12.879,0.0,0.08,5.726,132.665,0.00011,92.0,1.0282,14.8,0.196,0.014,0.81,50.6,,1,Copernicus CAMS via Open-Meteo,Sheikhupura_Monsoon_2023-08-20
Sheikhupura,Winter_Peak,12,14.6,61.0,7.2,989.1,11,95.979,6.522,0.377,0.2688,0.929,26.841,10.986,0.0,0.1197,2.584,95.968,0.00011,21.0,0.8863,7.942,0.084,-0.06,0.11,93.8,,2,Copernicus CAMS via Open-Meteo,Sheikhupura_Winter_Peak_2024-12-05
Sheikhupura,Summer,5,29.6,49.0,11.0,980.3,2,135.3,30.227,-0.325,0.2919,0.995,303.976,47.317,0.0782,0.0753,4.744,130.884,0.00093,110.0,1.0275,203.572,0.192,0.014,0.55,33.5,,0,Copernicus CAMS via Open-Meteo,Sheikhupura_Summer_2023-05-25
Sheikhupura,Monsoon,7,25.7,90.0,4.6,979.0,1,138.114,6.329,0.716,0.2753,0.954,23.211,7.802,0.0,0.0778,4.707,138.092,5e-05,16.0,0.9428,4.634,0.174,-0.029,0.91,50.2,,1,Copernicus CAMS via Open-Meteo,Sheikhupura_Monsoon_2024-07-10
Sheikhupura,Summer,6,32.7,43.0,2.9,978.1,1,110.651,7.526,-0.157,0.3231,0.907,66.813,12.867,0.0,0.1537,2.62,110.647,0.00018,16.0,0.8479,9.714,0.098,-0.082,0.54,21.1,,0,Copernicus CAMS via Open-Meteo,Sheikhupura_Summer_2023-06-05
Sheikhupura,Autumn_Harvest,9,31.4,61.0,4.6,983.1,15,56.57,1.477,-0.006,0.2611,0.997,20.913,4.428,0.0,0.0421,2.623,55.495,0.00026,3.0,0.9952,1.033,0.03,-0.002,0.6,16.3,,0,Copernicus CAMS via Open-Meteo,Sheikhupura_Autumn_Harvest_2024-09-28
Sheikhupura,Monsoon,8,30.7,59.0,8.8,980.4,0,86.812,10.321,0.496,0.3298,0.839,21.136,7.967,0.0,0.2953,1.45,86.812,8e-05,22.0,0.8627,4.379,0.063,-0.074,0.33,49.7,,1,Copernicus CAMS via Open-Meteo,Sheikhupura_Monsoon_2023-08-30
Sheikhupura,Autumn_Harvest,10,32.1,50.0,9.7,984.4,7,144.305,6.607,0.844,0.2632,0.969,42.845,8.443,0.0,0.0565,5.808,144.249,8e-05,21.0,0.9595,4.278,0.191,-0.021,0.47,57.4,,1,Copernicus CAMS via Open-Meteo,Sheikhupura_Autumn_Harvest_2024-10-05
Sheikhupura,Monsoon,7,31.0,75.0,3.6,976.7,2,156.448,7.527,0.683,0.2723,0.99,54.447,10.02,0.0,0.0411,7.239,154.737,9e-05,18.0,0.9964,6.959,0.226,-0.002,0.91,117.3,,2,Copernicus CAMS via Open-Meteo,Sheikhupura_Monsoon_2024-07-10
Sheikhupura,Monsoon,8,26.1,91.0,8.7,977.8,0,133.536,20.365,0.431,0.3051,0.965,33.425,20.038,0.0002,0.089,4.385,132.932,0.00015,65.0,0.982,31.515,0.177,-0.009,0.65,20.9,,0,Copernicus CAMS via Open-Meteo,Sheikhupura_Monsoon_2024-08-12
Sheikhupura,Autumn_Harvest,9,23.2,92.0,2.0,982.4,13,47.486,1.306,-0.011,0.2138,0.962,17.308,3.991,0.0,0.0783,1.672,47.337,0.00028,3.0,0.9267,0.847,0.006,-0.038,1.26,24.2,,0,Copernicus CAMS via Open-Meteo,Sheikhupura_Autumn_Harvest_2024-09-28
Sheikhupura,Summer,5,29.5,50.0,10.6,980.3,1,144.829,31.835,-0.316,0.2949,0.997,324.466,49.735,0.0777,0.0541,5.975,141.631,0.00094,115.0,0.9743,224.716,0.196,-0.013,0.87,43.8,,1,Copernicus CAMS via Open-Meteo,Sheikhupura_Summer_2023-05-25
Sheikhupura,Autumn_Harvest,9,29.2,80.0,4.8,979.9,11,123.301,27.909,-0.283,0.2282,1.039,56.086,13.185,0.0086,0.1149,3.202,110.65,0.00028,103.0,1.1143,36.002,0.187,0.054,1.21,61.5,,1,Copernicus CAMS via Open-Meteo,Sheikhupura_Autumn_Harvest_2023-09-15
Sheikhupura,Monsoon,7,32.2,75.0,5.2,979.5,1,133.544,14.539,0.005,0.1536,0.982,154.377,23.924,0.0515,0.0431,6.16,132.948,0.00048,51.0,0.9695,81.686,0.174,-0.015,0.82,40.0,,1,Copernicus CAMS via Open-Meteo,Sheikhupura_Monsoon_2023-07-25
Sheikhupura,Winter_Peak,12,10.3,87.0,7.9,989.8,15,72.83,7.796,0.629,0.2777,0.873,36.912,20.309,0.0009,0.2093,1.429,72.829,0.00022,25.0,0.8477,22.727,0.037,-0.082,0.35,104.3,,2,Copernicus CAMS via Open-Meteo,Sheikhupura_Winter_Peak_2023-12-10
Sheikhupura,Summer,6,31.9,24.0,10.0,976.6,1,77.23,6.52,-0.141,0.3071,0.763,54.791,10.628,0.0,0.3297,1.206,77.23,0.0002,16.0,0.6729,6.161,-0.002,-0.196,0.16,16.9,,0,Copernicus CAMS via Open-Meteo,Sheikhupura_Summer_2024-06-10
Sheikhupura,Summer,5,34.9,20.0,8.4,976.7,2,101.643,25.584,1.623,0.197,0.883,176.072,33.102,0.0287,0.2041,2.435,101.337,0.00077,66.0,0.8082,87.979,0.072,-0.106,0.34,23.2,,0,Copernicus CAMS via Open-Meteo,Sheikhupura_Summer_2024-05-18
Sheikhupura,Winter_Peak,12,8.0,98.0,5.4,994.8,20,59.217,9.122,0.712,0.2745,0.841,87.196,28.921,0.0664,0.2715,1.025,59.193,0.00071,30.0,0.8321,41.844,0.013,-0.092,0.18,92.2,,2,Copernicus CAMS via Open-Meteo,Sheikhupura_Winter_Peak_2023-12-20
Sheikhupura,Autumn_Harvest,10,21.1,78.0,8.3,990.5,12,177.456,3.274,0.039,0.3385,0.987,13.551,4.095,0.0,0.045,7.708,176.505,2e-05,10.0,0.96,0.938,0.253,-0.02,0.88,80.6,,2,Copernicus CAMS via Open-Meteo,Sheikhupura_Autumn_Harvest_2024-10-22
Sheikhupura,Monsoon,7,28.6,81.0,6.1,977.2,0,160.401,10.698,-0.297,0.2752,1.001,95.319,13.759,0.0,0.0872,5.006,152.852,0.00016,43.0,1.0483,16.19,0.249,0.024,0.88,60.5,,1,Copernicus CAMS via Open-Meteo,Sheikhupura_Monsoon_2023-07-15
Sheikhupura,Autumn_Harvest,10,28.5,48.0,3.9,992.1,9,71.223,5.663,0.238,0.2355,0.752,20.414,13.685,0.0,0.3394,1.097,71.223,9e-05,15.0,0.6637,10.461,-0.011,-0.202,0.22,28.5,,0,Copernicus CAMS via Open-Meteo,Sheikhupura_Autumn_Harvest_2023-10-25
Sheikhupura,Monsoon,7,32.5,63.0,6.4,977.0,1,137.648,14.853,0.055,0.1513,1.003,184.796,24.785,0.0507,0.0458,6.095,134.029,0.00055,49.0,0.9887,82.021,0.187,-0.006,0.49,37.1,,1,Copernicus CAMS via Open-Meteo,Sheikhupura_Monsoon_2023-07-25
Sheikhupura,Winter_Peak,1,8.6,95.0,3.3,993.8,13,205.177,2.095,-0.007,0.2619,1.01,41.142,6.174,0.0,0.0666,7.129,195.314,4e-05,5.0,1.0505,2.024,0.342,0.025,1.32,111.8,,2,Copernicus CAMS via Open-Meteo,Sheikhupura_Winter_Peak_2024-01-15
Sheikhupura,Monsoon,8,27.8,86.0,3.7,979.1,0,125.925,19.276,0.434,0.3052,1.013,72.915,20.486,0.0004,0.0517,5.302,120.993,0.00027,57.0,1.023,29.77,0.172,0.011,0.58,49.4,,1,Copernicus CAMS via Open-Meteo,Sheikhupura_Monsoon_2024-08-12
Sheikhupura,Summer,4,25.4,57.0,7.1,983.9,1,36.621,4.839,0.324,0.2537,0.588,61.456,10.528,0.0,0.5585,0.539,36.621,0.00054,14.0,0.4411,6.064,-0.099,-0.388,0.23,37.6,,1,Copernicus CAMS via Open-Meteo,Sheikhupura_Summer_2024-04-20
Sheikhupura,Monsoon,7,31.3,72.0,11.8,968.9,3,91.693,10.635,0.155,0.299,0.919,43.265,17.08,0.0006,0.1353,2.621,91.507,0.00019,22.0,0.8846,16.644,0.076,-0.061,1.19,63.8,,1,Copernicus CAMS via Open-Meteo,Sheikhupura_Monsoon_2024-07-25
Sheikhupura,Monsoon,7,26.5,90.0,5.9,970.3,0,98.604,11.509,0.126,0.3124,0.91,71.934,18.503,0.0007,0.1476,2.641,98.483,0.00025,24.0,0.8712,20.072,0.085,-0.069,1.37,55.4,,1,Copernicus CAMS via Open-Meteo,Sheikhupura_Monsoon_2024-07-25
Sheikhupura,Autumn_Harvest,10,22.7,68.0,6.7,985.2,13,85.248,5.851,1.027,0.2287,0.805,56.268,9.71,0.0,0.2778,1.443,85.248,0.00018,12.0,0.7342,5.556,0.027,-0.153,0.39,44.1,,1,Copernicus CAMS via Open-Meteo,Sheikhupura_Autumn_Harvest_2023-10-15
Sheikhupura,Autumn_Harvest,9,26.5,79.0,6.2,982.5,14,50.206,2.222,-0.001,0.2771,0.964,46.061,6.539,0.0,0.086,1.728,49.659,0.00066,5.0,0.9545,2.26,0.014,-0.023,0.38,49.8,,1,Copernicus CAMS via Open-Meteo,Sheikhupura_Autumn_Harvest_2024-09-28
Sheikhupura,Summer,5,15.2,68.0,8.5,979.2,2,62.436,9.719,1.728,0.2507,0.685,51.516,29.354,0.0131,0.4298,0.908,62.436,0.00029,29.0,0.5728,50.102,-0.049,-0.272,0.23,23.9,,0,Copernicus CAMS via Open-Meteo,Sheikhupura_Summer_2024-05-01
Sheikhupura,Summer,6,30.2,63.0,6.2,976.9,1,159.744,5.939,-3.051,0.1567,0.948,35.997,6.976,0.0,0.1117,4.396,159.737,6e-05,13.0,0.9626,4.015,0.221,-0.019,0.65,21.8,,0,Copernicus CAMS via Open-Meteo,Sheikhupura_Summer_2023-06-15
Sheikhupura,Winter_Peak,12,10.6,86.0,10.8,990.3,11,74.283,7.713,0.655,0.2523,0.867,36.003,21.32,0.001,0.2068,1.454,74.283,0.00021,25.0,0.8116,24.15,0.032,-0.104,0.4,125.7,,2,Copernicus CAMS via Open-Meteo,Sheikhupura_Winter_Peak_2023-12-10
Sheikhupura,Autumn_Harvest,10,32.0,43.0,9.4,982.1,5,137.882,6.579,0.705,0.249,0.983,59.743,9.234,0.0,0.0816,4.538,135.175,0.00012,21.0,1.0146,4.907,0.194,0.007,0.57,40.0,,1,Copernicus CAMS via Open-Meteo,Sheikhupura_Autumn_Harvest_2024-10-05
Sheikhupura,Winter_Peak,1,4.3,100.0,10.1,991.6,11,207.832,2.421,0.016,0.2437,0.986,54.397,7.089,0.0,0.0527,8.462,206.13,5e-05,5.0,1.0032,2.664,0.329,0.002,0.93,199.8,,3,Copernicus CAMS via Open-Meteo,Sheikhupura_Winter_Peak_2024-01-15
Sheikhupura,Winter_Peak,12,22.0,40.0,9.7,988.1,16,70.634,7.714,0.582,0.2717,0.876,56.482,20.244,0.002,0.1994,1.429,70.632,0.00035,24.0,0.8353,22.501,0.031,-0.09,0.21,32.2,,0,Copernicus CAMS via Open-Meteo,Sheikhupura_Winter_Peak_2023-12-10
Sheikhupura,Winter_Peak,11,22.7,58.0,5.0,992.6,8,129.097,4.763,-0.206,0.3218,0.979,62.867,8.538,0.0,0.0751,4.52,127.417,0.00015,12.0,0.9372,3.953,0.156,-0.032,0.71,56.0,,1,Copernicus CAMS via Open-Meteo,Sheikhupura_Winter_Peak_2023-11-20
Sheikhupura,Summer,6,33.2,54.0,6.0,976.4,1,166.034,6.737,-2.888,0.126,0.976,35.882,7.07,0.0,0.0522,6.863,165.867,6e-05,17.0,0.9488,3.992,0.228,-0.026,0.69,26.9,,0,Copernicus CAMS via Open-Meteo,Sheikhupura_Summer_2023-06-15
Sheikhupura,Autumn_Harvest,9,26.5,83.0,5.8,982.3,13,183.991,1.999,0.026,0.3959,0.996,36.329,5.956,0.0,0.0506,7.537,180.211,4e-05,5.0,1.0203,1.909,0.288,0.01,0.48,31.2,,0,Copernicus CAMS via Open-Meteo,Sheikhupura_Autumn_Harvest_2023-09-25
Sheikhupura,Winter_Peak,11,19.0,77.0,3.1,988.9,7,55.491,1.866,0.005,0.2901,1.024,33.39,5.548,0.0,0.0686,2.015,52.237,0.00047,5.0,1.0234,1.632,0.031,0.012,1.89,244.0,,3,Copernicus CAMS via Open-Meteo,Sheikhupura_Winter_Peak_2024-11-15
Sheikhupura,Autumn_Harvest,10,22.0,69.0,2.5,990.5,9,76.454,6.053,0.168,0.2628,0.764,25.381,13.729,0.0,0.3259,1.196,76.454,0.0001,16.0,0.6897,11.274,0.002,-0.184,0.15,56.5,,1,Copernicus CAMS via Open-Meteo,Sheikhupura_Autumn_Harvest_2023-10-25
Sheikhupura,Autumn_Harvest,10,27.8,46.0,3.8,985.3,7,98.995,4.135,0.313,0.2528,0.851,52.818,8.419,0.0,0.2187,1.867,98.995,0.00014,11.0,0.7898,4.127,0.062,-0.117,0.28,57.7,,1,Copernicus CAMS via Open-Meteo,Sheikhupura_Autumn_Harvest_2024-10-15
Sheikhupura,Monsoon,8,28.3,84.0,7.1,977.5,0,128.235,14.12,2.35,0.152,0.99,110.015,17.351,0.007,0.183,2.499,117.189,0.00031,45.0,1.0941,35.691,0.193,0.045,0.73,77.8,,2,Copernicus CAMS via Open-Meteo,Sheikhupura_Monsoon_2024-08-25
Sheikhupura,Monsoon,8,27.9,92.0,4.3,977.9,0,121.301,22.232,1.018,0.261,0.948,49.636,14.435,0.0005,0.1322,3.312,120.659,0.00019,63.0,0.9772,20.102,0.152,-0.012,0.42,32.6,,0,Copernicus CAMS via Open-Meteo,Sheikhupura_Monsoon_2024-08-05
Sheikhupura,Autumn_Harvest,9,33.0,65.0,4.2,977.0,12,102.494,8.796,0.257,0.3085,0.955,61.515,15.629,0.0003,0.1736,2.249,98.644,0.00022,25.0,1.0232,15.438,0.126,0.011,0.79,54.8,,1,Copernicus CAMS via Open-Meteo,Sheikhupura_Autumn_Harvest_2024-09-10
Sheikhupura,Winter_Peak,1,6.9,100.0,2.2,993.9,11,221.598,1.866,-0.2,0.3065,1.053,29.491,5.47,0.0,0.1054,5.62,198.249,3e-05,4.0,1.1178,1.762,0.4,0.056,0.71,216.1,,3,Copernicus CAMS via Open-Meteo,Sheikhupura_Winter_Peak_2024-01-05
Sheikhupura,Autumn_Harvest,10,21.3,64.0,5.8,982.8,6,106.131,6.753,0.319,0.2878,0.842,16.337,5.974,0.0,0.2664,1.823,106.131,4e-05,11.0,0.8332,2.205,0.086,-0.091,0.3,63.3,,1,Copernicus CAMS via Open-Meteo,Sheikhupura_Autumn_Harvest_2023-10-05
Sheikhupura,Autumn_Harvest,10,23.9,80.0,4.1,983.6,16,146.53,7.163,0.727,0.2573,1.024,77.367,10.041,0.0,0.0969,4.124,134.614,0.00015,21.0,1.0885,5.769,0.231,0.042,0.78,67.3,,1,Copernicus CAMS via Open-Meteo,Sheikhupura_Autumn_Harvest_2024-10-05
Sheikhupura,Winter_Peak,11,15.2,90.0,8.7,988.4,14,168.338,6.013,-1.035,0.3539,1.013,20.521,5.155,0.0,0.0613,6.073,159.982,4e-05,20.0,1.0522,1.513,0.266,0.025,0.26,61.9,,1,Copernicus CAMS via Open-Meteo,Sheikhupura_Winter_Peak_2023-11-05
Sheikhupura,Winter_Peak,11,16.0,74.0,7.2,990.2,8,123.638,3.005,0.519,0.2395,0.984,19.732,6.504,0.0,0.0463,5.385,122.949,5e-05,9.0,0.9924,2.593,0.161,-0.004,0.16,75.9,,2,Copernicus CAMS via Open-Meteo,Sheikhupura_Winter_Peak_2024-11-25
Sheikhupura,Monsoon,8,25.9,95.0,6.9,978.3,2,83.542,16.344,1.586,0.2322,0.896,92.609,25.877,0.0125,0.2102,1.747,83.31,0.00046,40.0,0.9134,42.859,0.068,-0.045,1.0,32.1,,0,Copernicus CAMS via Open-Meteo,Sheikhupura_Monsoon_2023-08-05
Sheikhupura,Winter_Peak,12,9.0,89.0,7.9,988.8,8,78.554,8.396,0.584,0.2807,0.893,66.337,23.791,0.0042,0.1849,1.675,78.534,0.00036,25.0,0.8781,28.045,0.053,-0.065,0.31,87.3,,2,Copernicus CAMS via Open-Meteo,Sheikhupura_Winter_Peak_2023-12-10
Sheikhupura,Summer,5,28.7,24.0,12.3,979.4,2,64.418,10.298,1.679,0.2616,0.7,72.403,29.681,0.0162,0.4366,0.936,64.418,0.00037,30.0,0.5656,51.31,-0.051,-0.277,0.23,18.0,,0,Copernicus CAMS via Open-Meteo,Sheikhupura_Summer_2024-05-01
Sheikhupura,Winter_Peak,12,13.1,67.0,5.8,989.3,4,86.104,6.113,0.421,0.2656,0.938,32.661,10.597,0.0,0.1164,2.386,86.035,0.00017,19.0,0.9339,7.023,0.077,-0.034,0.1,122.9,,2,Copernicus CAMS via Open-Meteo,Sheikhupura_Winter_Peak_2024-12-05
Sheikhupura,Winter_Peak,12,13.8,65.0,6.6,989.3,9,89.895,6.372,0.484,0.2566,0.96,24.638,10.305,0.0,0.09,2.893,89.545,0.00012,19.0,0.966,6.958,0.09,-0.017,0.1,109.4,,2,Copernicus CAMS via Open-Meteo,Sheikhupura_Winter_Peak_2024-12-05
Sheikhupura,Winter_Peak,12,19.8,48.0,4.7,992.8,13,62.671,9.476,0.704,0.2637,0.897,70.475,27.911,0.0641,0.1987,1.305,62.487,0.00062,29.0,0.9005,39.218,0.029,-0.052,0.17,36.9,,1,Copernicus CAMS via Open-Meteo,Sheikhupura_Winter_Peak_2023-12-20
Sheikhupura,Autumn_Harvest,10,19.0,89.0,4.6,986.7,13,85.04,5.824,0.768,0.2936,0.784,68.934,10.851,0.0,0.3157,1.352,85.04,0.0002,13.0,0.732,6.723,0.026,-0.155,0.53,35.5,,1,Copernicus CAMS via Open-Meteo,Sheikhupura_Autumn_Harvest_2023-10-15
Sheikhupura,Winter_Peak,11,16.6,81.0,7.6,985.3,9,102.593,2.19,0.097,0.3284,0.957,19.483,5.24,0.0,0.0711,3.65,102.591,7e-05,6.0,0.9422,1.541,0.109,-0.03,0.09,34.2,,0,Copernicus CAMS via Open-Meteo,Sheikhupura_Winter_Peak_2024-11-01
Sheikhupura,Monsoon,7,29.9,78.0,4.7,976.1,0,157.036,10.495,-0.375,0.2605,1.004,31.598,10.148,0.0,0.024,8.841,154.586,7e-05,43.0,1.0077,11.447,0.23,0.004,1.16,66.8,,1,Copernicus CAMS via Open-Meteo,Sheikhupura_Monsoon_2023-07-15
Sheikhupura,Autumn_Harvest,9,23.2,92.0,2.0,982.4,12,48.84,1.868,0.0,0.361,1.036,32.763,5.549,0.0,0.1166,1.269,43.946,0.00059,4.0,1.1096,1.616,0.025,0.052,1.26,24.2,,0,Copernicus CAMS via Open-Meteo,Sheikhupura_Autumn_Harvest_2024-09-28
Sheikhupura,Autumn_Harvest,9,22.8,96.0,13.3,981.2,14,56.906,2.092,-0.007,0.3878,1.048,41.434,6.219,0.0,0.1036,1.587,51.263,0.00057,4.0,1.1041,2.033,0.042,0.049,1.97,31.7,,0,Copernicus CAMS via Open-Meteo,Sheikhupura_Autumn_Harvest_2024-09-28
Sheikhupura,Summer,5,30.6,21.0,9.7,968.5,2,69.817,10.189,1.414,0.2509,0.735,35.963,24.321,0.0115,0.4064,1.022,69.817,0.00019,27.0,0.5962,38.161,-0.036,-0.253,0.12,36.3,,1,Copernicus CAMS via Open-Meteo,Sheikhupura_Summer_2024-05-28
Sheikhupura,Autumn_Harvest,10,31.8,37.0,2.1,988.7,9,150.545,2.852,0.064,0.4051,0.978,13.582,3.955,0.0,0.0459,6.558,150.5,3e-05,9.0,0.9544,0.864,0.201,-0.023,0.79,65.4,,1,Copernicus CAMS via Open-Meteo,Sheikhupura_Autumn_Harvest_2024-10-22
Sheikhupura,Autumn_Harvest,9,33.0,54.0,4.7,980.0,12,122.83,4.373,0.933,0.2162,0.941,55.003,8.198,0.0,0.1188,3.31,122.771,0.00012,14.0,0.9476,3.877,0.148,-0.027,0.64,48.9,,1,Copernicus CAMS via Open-Meteo,Sheikhupura_Autumn_Harvest_2024-09-18
Sheikhupura,Monsoon,8,30.7,59.0,8.8,980.4,1,87.139,9.924,0.586,0.2834,0.85,12.612,6.724,0.0,0.244,1.601,87.139,5e-05,22.0,0.8221,3.395,0.054,-0.098,0.33,49.7,,1,Copernicus CAMS via Open-Meteo,Sheikhupura_Monsoon_2023-08-30
Sheikhupura,Autumn_Harvest,10,28.6,45.0,7.1,985.7,16,69.444,4.78,0.984,0.2779,0.743,49.24,8.894,0.0,0.3651,1.044,69.444,0.0002,11.0,0.6349,4.631,-0.022,-0.223,0.56,38.2,,1,Copernicus CAMS via Open-Meteo,Sheikhupura_Autumn_Harvest_2023-10-15
Sheikhupura,Summer,4,28.8,41.0,11.8,982.4,0,36.216,5.022,0.296,0.3021,0.562,72.813,11.031,0.0,0.5575,0.533,36.216,0.00056,14.0,0.4433,6.779,-0.098,-0.386,0.22,29.5,,0,Copernicus CAMS via Open-Meteo,Sheikhupura_Summer_2024-04-20
Sheikhupura,Monsoon,8,25.8,84.0,4.6,980.9,2,96.65,11.441,0.487,0.3034,0.879,62.32,10.15,0.0,0.2072,1.998,96.648,0.0002,25.0,0.8622,6.494,0.079,-0.074,0.55,55.3,,1,Copernicus CAMS via Open-Meteo,Sheikhupura_Monsoon_2023-08-30
Sheikhupura,Summer,6,33.0,45.0,5.4,972.4,0,136.966,12.721,2.821,0.1302,0.929,34.905,9.45,0.0039,0.1154,3.854,136.963,0.00011,34.0,0.8865,18.599,0.154,-0.06,0.48,41.3,,1,Copernicus CAMS via Open-Meteo,Sheikhupura_Summer_2024-06-20
Sheikhupura,Autumn_Harvest,9,35.2,59.0,5.9,980.8,5,141.552,32.766,-0.292,0.2032,1.046,100.58,16.056,0.0075,0.0882,4.342,129.591,0.00037,120.0,1.0701,44.808,0.216,0.034,0.85,48.2,,1,Copernicus CAMS via Open-Meteo,Sheikhupura_Autumn_Harvest_2023-09-15
Sheikhupura,Winter_Peak,12,21.2,38.0,5.8,990.0,15,88.465,6.357,0.385,0.2922,0.98,53.542,10.907,0.0,0.0762,3.174,86.806,0.00027,18.0,0.996,7.508,0.093,-0.002,0.09,18.8,,0,Copernicus CAMS via Open-Meteo,Sheikhupura_Winter_Peak_2024-12-05
Sheikhupura,Summer,6,30.0,42.0,8.4,978.4,0,106.168,7.081,-0.166,0.3373,0.854,48.674,12.908,0.0,0.2125,2.052,106.168,0.00012,17.0,0.7944,9.836,0.074,-0.115,0.51,23.1,,0,Copernicus CAMS via Open-Meteo,Sheikhupura_Summer_2023-06-05
Sheikhupura,Autumn_Harvest,10,20.2,84.0,7.1,987.5,13,158.273,3.008,0.018,0.3983,0.959,13.05,3.988,0.0,0.0711,5.553,158.273,2e-05,10.0,0.9497,0.884,0.214,-0.026,0.88,101.5,,2,Copernicus CAMS via Open-Meteo,Sheikhupura_Autumn_Harvest_2024-10-22
Sheikhupura,Monsoon,7,29.2,86.0,5.5,969.7,3,93.945,10.685,0.1,0.2975,0.958,65.913,16.383,0.0002,0.1056,2.93,92.282,0.00028,21.0,0.9582,15.383,0.096,-0.021,1.15,44.2,,1,Copernicus CAMS via Open-Meteo,Sheikhupura_Monsoon_2024-07-25
Sheikhupura,Monsoon,8,28.7,86.0,6.3,978.3,2,123.222,22.386,1.018,0.2589,0.977,42.788,13.809,0.0005,0.0657,4.92,122.045,0.00017,62.0,0.9653,18.601,0.153,-0.018,0.51,23.0,,0,Copernicus CAMS via Open-Meteo,Sheikhupura_Monsoon_2024-08-05
Sheikhupura,Monsoon,8,29.9,87.0,6.3,981.1,0,136.842,29.066,0.069,0.3265,1.043,67.284,13.29,0.0,0.1422,3.275,120.49,0.00024,91.0,1.1357,13.491,0.22,0.064,0.81,59.8,,1,Copernicus CAMS via Open-Meteo,Sheikhupura_Monsoon_2023-08-20
Sheikhupura,Summer,5,27.3,36.0,9.1,978.6,1,89.435,21.246,1.592,0.1931,0.803,137.932,30.208,0.0201,0.315,1.508,89.435,0.00058,60.0,0.6919,72.311,0.017,-0.182,0.37,28.3,,0,Copernicus CAMS via Open-Meteo,Sheikhupura_Summer_2024-05-18
Sheikhupura,Winter_Peak,1,4.3,99.0,5.4,991.9,11,189.808,2.281,-0.08,0.3817,1.028,46.591,6.761,0.0,0.0576,7.071,178.931,6e-05,5.0,1.0244,2.484,0.301,0.012,0.75,210.9,,3,Copernicus CAMS via Open-Meteo,Sheikhupura_Winter_Peak_2024-01-05
Sheikhupura,Autumn_Harvest,9,26.1,72.0,0.8,980.7,10,122.242,4.0,1.087,0.2178,0.925,29.695,6.816,0.0,0.1715,2.629,122.163,6e-05,12.25,0.9633,2.73,0.151,-0.019,0.49,59.6,,1,Copernicus CAMS via Open-Meteo,Sheikhupura_Autumn_Harvest_2024-09-18
Sheikhupura,Autumn_Harvest,9,30.1,65.0,3.1,982.4,18,200.633,1.999,0.04,0.3273,1.043,36.919,5.968,0.0,0.0785,6.185,184.864,4e-05,5.0,1.0853,1.938,0.344,0.041,0.67,29.6,,0,Copernicus CAMS via Open-Meteo,Sheikhupura_Autumn_Harvest_2023-09-25
Sheikhupura,Winter_Peak,12,15.5,61.0,10.1,988.3,11,78.392,8.402,0.627,0.2702,0.826,57.702,23.716,0.0009,0.2661,1.344,78.392,0.00025,29.0,0.7795,30.565,0.03,-0.124,0.22,51.1,,1,Copernicus CAMS via Open-Meteo,Sheikhupura_Winter_Peak_2023-12-10
Sheikhupura,Summer,6,28.4,72.0,4.5,977.4,0,177.345,6.26,-3.118,0.1077,0.971,32.07,6.69,0.0,0.0645,6.572,177.289,5e-05,13.0,0.9357,4.114,0.244,-0.033,0.63,34.1,,0,Copernicus CAMS via Open-Meteo,Sheikhupura_Summer_2023-06-15
Sheikhupura,Autumn_Harvest,9,32.9,66.0,3.0,976.1,14,103.117,8.814,0.266,0.2919,0.986,50.015,14.711,0.0,0.1594,2.413,96.054,0.00019,24.0,1.0688,14.009,0.135,0.033,0.77,53.1,,1,Copernicus CAMS via Open-Meteo,Sheikhupura_Autumn_Harvest_2024-09-10
Sheikhupura,Monsoon,7,33.7,63.0,4.7,975.9,0,151.645,6.962,0.734,0.2684,0.996,27.115,8.21,0.0,0.0564,5.915,147.947,5e-05,17.0,1.0224,5.2,0.224,0.011,1.12,92.2,,2,Copernicus CAMS via Open-Meteo,Sheikhupura_Monsoon_2024-07-10
Sheikhupura,Autumn_Harvest,9,26.3,87.0,4.5,980.4,7,47.068,2.776,0.007,0.303,1.01,69.749,8.063,0.0,0.0988,1.447,44.142,0.00131,6.0,0.9985,3.425,0.012,-0.001,0.83,50.6,,1,Copernicus CAMS via Open-Meteo,Sheikhupura_Autumn_Harvest_2024-09-28
Sheikhupura,Summer,5,42.1,12.0,10.2,970.6,0,67.599,9.779,1.442,0.2395,0.708,33.963,24.849,0.0093,0.4215,0.981,67.599,0.00018,28.0,0.581,39.933,-0.043,-0.265,0.18,14.4,,0,Copernicus CAMS via Open-Meteo,Sheikhupura_Summer_2024-05-28
Sheikhupura,Summer,6,39.3,21.0,6.2,978.3,1,74.405,6.347,-0.098,0.3128,0.771,70.777,10.751,0.0,0.3504,1.137,74.405,0.00028,15.0,0.6498,6.3,-0.013,-0.212,0.25,14.5,,0,Copernicus CAMS via Open-Meteo,Sheikhupura_Summer_2024-06-10
Sheikhupura,Winter_Peak,1,5.1,93.0,4.2,994.1,9,180.194,1.62,-0.137,0.1995,1.048,23.298,4.843,0.0,0.1047,4.593,161.335,3e-05,3.0,1.0351,1.293,0.285,0.017,1.2,140.2,,2,Copernicus CAMS via Open-Meteo,Sheikhupura_Winter_Peak_2024-01-05
Sheikhupura,Autumn_Harvest,10,24.4,66.0,8.9,981.6,9,107.364,7.236,0.483,0.3217,0.841,22.954,6.566,0.0,0.2505,1.912,107.364,5e-05,11.0,0.8121,2.688,0.082,-0.104,0.3,58.2,,1,Copernicus CAMS via Open-Meteo,Sheikhupura_Autumn_Harvest_2023-10-05
Sheikhupura,Summer,5,28.7,24.0,12.3,979.4,0,66.311,10.734,1.806,0.2621,0.725,58.509,28.461,0.013,0.398,0.987,66.311,0.00032,29.0,0.6045,47.937,-0.035,-0.246,0.23,18.0,,0,Copernicus CAMS via Open-Meteo,Sheikhupura_Summer_2024-05-01
Sheikhupura,Autumn_Harvest,10,26.7,60.0,2.2,985.1,11,108.277,7.13,0.393,0.31,0.843,47.686,8.163,0.0,0.2366,1.992,108.277,0.0001,11.0,0.7999,3.836,0.079,-0.111,0.32,66.6,,1,Copernicus CAMS via Open-Meteo,Sheikhupura_Autumn_Harvest_2023-10-05
Sheikhupura,Winter_Peak,11,18.3,73.0,7.5,985.7,8,124.075,3.695,0.082,0.3411,1.02,72.673,9.027,0.0,0.0649,4.539,117.203,0.00021,10.0,1.0055,4.437,0.165,0.003,0.09,37.4,,1,Copernicus CAMS via Open-Meteo,Sheikhupura_Winter_Peak_2024-11-01
Sheikhupura,Summer,6,33.5,51.0,6.2,973.8,0,108.715,10.205,2.806,0.1367,0.898,33.406,8.658,0.0034,0.1779,2.329,108.715,0.00012,29.0,0.8231,11.946,0.087,-0.097,0.56,36.9,,1,Copernicus CAMS via Open-Meteo,Sheikhupura_Summer_2024-06-20
Sheikhupura,Autumn_Harvest,9,32.3,65.0,6.3,979.1,10,86.385,7.225,0.246,0.314,0.973,22.099,11.142,0.0,0.1596,2.007,81.973,0.00012,21.0,1.0453,8.541,0.097,0.022,0.8,57.6,,1,Copernicus CAMS via Open-Meteo,Sheikhupura_Autumn_Harvest_2024-09-10
Sheikhupura,Summer,5,34.9,20.0,8.4,976.7,1,95.582,23.698,1.529,0.2036,0.861,123.307,30.113,0.0214,0.2212,2.004,95.377,0.00058,64.0,0.8202,77.447,0.066,-0.099,0.34,23.2,,0,Copernicus CAMS via Open-Meteo,Sheikhupura_Summer_2024-05-18
Sheikhupura,Winter_Peak,11,24.1,62.0,2.6,991.8,12,169.049,6.468,-0.846,0.3334,1.017,62.37,8.136,0.0,0.0616,6.2,160.209,0.0001,21.0,1.055,3.569,0.269,0.027,0.4,57.2,,1,Copernicus CAMS via Open-Meteo,Sheikhupura_Winter_Peak_2023-11-05
Sheikhupura,Summer,5,42.3,16.0,11.6,978.5,0,91.376,22.655,1.557,0.2038,0.86,136.133,29.716,0.0211,0.2193,1.977,91.23,0.00064,60.0,0.8091,69.794,0.057,-0.106,0.64,23.4,,0,Copernicus CAMS via Open-Meteo,Sheikhupura_Summer_2024-05-18
Sheikhupura,Winter_Peak,12,12.9,97.0,5.7,994.0,9,95.759,10.322,0.666,0.2697,0.991,69.865,19.643,0.0002,0.078,3.366,92.737,0.00034,28.0,1.0086,21.041,0.109,0.004,1.34,75.4,,2,Copernicus CAMS via Open-Meteo,Sheikhupura_Winter_Peak_2023-12-01
Sheikhupura,Summer,5,15.2,68.0,8.5,979.2,0,65.729,10.13,1.569,0.2753,0.691,68.327,32.403,0.0182,0.4229,0.958,65.729,0.00035,31.0,0.5798,55.411,-0.045,-0.266,0.23,23.9,,0,Copernicus CAMS via Open-Meteo,Sheikhupura_Summer_2024-05-01
Sheikhupura,Autumn_Harvest,10,23.1,61.0,9.4,981.7,9,99.883,6.757,0.257,0.2832,0.869,80.03,9.696,0.0,0.2232,1.91,99.88,0.00022,12.0,0.8597,5.188,0.084,-0.075,0.29,62.9,,1,Copernicus CAMS via Open-Meteo,Sheikhupura_Autumn_Harvest_2023-10-05
Sheikhupura,Monsoon,8,28.3,94.0,4.9,980.1,2,139.425,28.725,0.095,0.3258,1.016,56.703,14.33,0.0,0.0926,5.013,130.721,0.00019,91.0,1.0644,17.107,0.21,0.031,0.82,59.8,,1,Copernicus CAMS via Open-Meteo,Sheikhupura_Monsoon_2023-08-20
Sheikhupura,Monsoon,8,34.3,64.0,3.3,975.4,0,79.358,15.352,1.504,0.2186,0.881,99.636,26.365,0.0162,0.2058,1.659,79.316,0.00053,39.0,0.8619,45.449,0.051,-0.074,0.73,47.5,,1,Copernicus CAMS via Open-Meteo,Sheikhupura_Monsoon_2023-08-05
Sheikhupura,Monsoon,8,27.6,94.0,4.3,977.2,2,119.787,21.539,1.051,0.255,0.976,35.106,13.459,0.0005,0.1032,3.838,117.406,0.00015,60.0,1.0122,18.791,0.158,0.006,0.5,33.8,,0,Copernicus CAMS via Open-Meteo,Sheikhupura_Monsoon_2024-08-05
Sheikhupura,Summer,6,39.3,15.0,11.7,976.0,1,78.427,6.386,-0.155,0.3138,0.785,48.343,10.09,0.0,0.3164,1.246,78.427,0.00018,15.0,0.6841,5.489,0.003,-0.188,0.15,6.7,,0,Copernicus CAMS via Open-Meteo,Sheikhupura_Summer_2024-06-10
Sheikhupura,Summer,5,35.7,14.0,5.8,968.3,1,72.24,10.518,1.421,0.2366,0.74,38.085,25.386,0.0103,0.3782,1.08,72.24,0.00019,29.0,0.6245,42.183,-0.024,-0.231,0.13,26.0,,0,Copernicus CAMS via Open-Meteo,Sheikhupura_Summer_2024-05-28
Sheikhupura,Monsoon,8,25.9,95.0,6.9,978.3,1,85.108,17.168,1.743,0.2081,0.894,68.255,26.366,0.0133,0.2471,1.557,84.371,0.00034,43.25,0.9539,46.27,0.079,-0.024,1.0,32.1,,0,Copernicus CAMS via Open-Meteo,Sheikhupura_Monsoon_2023-08-05
Sheikhupura,Autumn_Harvest,10,27.9,63.0,9.0,983.6,19,120.398,5.86,0.687,0.2554,0.969,36.375,7.612,0.0,0.1067,3.385,118.73,0.0001,19.0,1.0071,3.421,0.158,0.004,0.5,62.9,,1,Copernicus CAMS via Open-Meteo,Sheikhupura_Autumn_Harvest_2024-10-05
Sheikhupura,Autumn_Harvest,9,27.2,71.0,4.5,981.4,5,115.774,4.367,0.738,0.2943,0.947,68.953,8.884,0.0,0.0935,3.635,115.742,0.00018,13.0,0.9117,4.38,0.125,-0.046,0.47,65.7,,1,Copernicus CAMS via Open-Meteo,Sheikhupura_Autumn_Harvest_2024-09-18
Sheikhupura,Summer,5,26.9,57.0,10.0,979.5,1,130.846,28.276,-0.316,0.3001,0.983,339.533,48.836,0.0823,0.088,4.207,127.729,0.00106,104.0,1.0141,204.277,0.18,0.007,0.56,34.9,,0,Copernicus CAMS via Open-Meteo,Sheikhupura_Summer_2023-05-25
Sheikhupura,Winter_Peak,12,13.7,63.0,2.0,990.9,11,83.644,6.202,0.305,0.3021,0.941,75.278,11.969,0.0,0.178,1.778,81.694,0.00036,18.0,1.0015,8.674,0.084,0.001,0.07,51.6,,1,Copernicus CAMS via Open-Meteo,Sheikhupura_Winter_Peak_2024-12-05
Sheikhupura,Summer,5,29.9,30.0,11.7,970.6,1,70.663,9.972,1.35,0.25,0.749,50.992,26.576,0.0119,0.347,1.087,70.663,0.00025,28.0,0.6587,41.875,-0.013,-0.206,0.14,42.3,,1,Copernicus CAMS via Open-Meteo,Sheikhupura_Summer_2024-05-28
Sheikhupura,Autumn_Harvest,9,34.1,64.0,9.8,982.4,10,124.232,27.991,-0.276,0.2286,1.009,92.948,15.492,0.0089,0.0534,5.48,119.943,0.00035,106.0,1.0194,38.084,0.168,0.01,0.87,47.6,,1,Copernicus CAMS via Open-Meteo,Sheikhupura_Autumn_Harvest_2023-09-15
Sheikhupura,Autumn_Harvest,9,30.2,67.0,4.3,983.0,10,184.653,2.936,-0.012,0.2616,1.053,77.119,8.65,0.0,0.0875,5.377,168.458,0.0001,7.0,1.0931,3.928,0.313,0.044,0.66,28.1,,0,Copernicus CAMS via Open-Meteo,Sheikhupura_Autumn_Harvest_2023-09-25
Sheikhupura,Winter_Peak,1,13.9,74.0,4.0,993.2,19,196.525,2.141,-0.065,0.32,1.032,40.938,6.302,0.0,0.086,5.738,180.065,5e-05,5.0,1.0914,2.25,0.338,0.044,0.89,123.4,,2,Copernicus CAMS via Open-Meteo,Sheikhupura_Winter_Peak_2024-01-05
Sheikhupura,Summer,6,28.2,74.0,5.9,978.8,3,192.551,6.31,-2.595,0.0911,1.013,22.886,5.96,0.0,0.0556,7.271,183.505,3e-05,15.0,0.9922,3.875,0.295,-0.004,0.61,32.6,,0,Copernicus CAMS via Open-Meteo,Sheikhupura_Summer_2023-06-15
Sheikhupura,Winter_Peak,12,17.4,70.0,7.2,992.0,10,89.911,9.795,0.724,0.2611,0.919,41.64,19.157,0.0002,0.1346,2.392,89.878,0.0002,28.0,0.8758,20.284,0.071,-0.066,0.26,51.0,,1,Copernicus CAMS via Open-Meteo,Sheikhupura_Winter_Peak_2023-12-01
Sheikhupura,Monsoon,8,32.2,59.0,8.2,980.5,0,85.538,9.967,0.519,0.304,0.803,48.688,9.357,0.0,0.3136,1.383,85.538,0.00016,25.0,0.7791,5.664,0.04,-0.124,0.34,38.6,,1,Copernicus CAMS via Open-Meteo,Sheikhupura_Monsoon_2023-08-30
Sheikhupura,Monsoon,7,31.1,68.0,2.7,975.0,0,196.059,12.632,-0.369,0.2507,1.019,54.632,12.923,0.0,0.0476,8.356,187.341,8e-05,51.0,1.0462,18.328,0.321,0.023,1.23,58.1,,1,Copernicus CAMS via Open-Meteo,Sheikhupura_Monsoon_2023-07-15
Sheikhupura,Monsoon,8,29.4,79.0,4.4,977.1,1,142.666,21.144,0.449,0.2974,0.971,69.32,22.249,0.0004,0.0646,5.624,142.123,0.00019,67.0,0.9678,36.902,0.19,-0.016,0.53,38.2,,1,Copernicus CAMS via Open-Meteo,Sheikhupura_Monsoon_2024-08-12
Sheikhupura,Winter_Peak,11,17.3,77.0,8.3,985.5,14,106.359,2.244,0.084,0.2889,1.003,17.596,5.095,0.0,0.0261,5.722,104.573,7e-05,6.0,1.0126,1.452,0.131,0.006,0.09,35.7,,1,Copernicus CAMS via Open-Meteo,Sheikhupura_Winter_Peak_2024-11-01
Sheikhupura,Autumn_Harvest,10,23.9,80.0,4.1,983.6,9,138.916,6.696,0.718,0.2547,1.02,72.081,9.715,0.0,0.0946,3.995,128.437,0.00016,21.0,1.0815,5.393,0.213,0.039,0.78,67.3,,1,Copernicus CAMS via Open-Meteo,Sheikhupura_Autumn_Harvest_2024-10-05
Sheikhupura,Autumn_Harvest,9,32.8,65.0,4.5,978.0,14,93.793,7.851,0.212,0.3022,0.967,42.294,13.041,0.0002,0.1692,2.091,89.159,0.00018,23.0,1.0415,11.573,0.111,0.02,0.81,55.5,,1,Copernicus CAMS via Open-Meteo,Sheikhupura_Autumn_Harvest_2024-09-10
Sheikhupura,Autumn_Harvest,10,21.7,61.0,8.6,985.8,9,109.455,4.117,0.38,0.2833,0.845,30.546,7.427,0.0,0.2347,1.982,109.455,7e-05,11.0,0.8024,3.391,0.082,-0.11,0.26,51.8,,1,Copernicus CAMS via Open-Meteo,Sheikhupura_Autumn_Harvest_2024-10-15
Sheikhupura,Monsoon,7,32.1,69.0,9.1,969.6,1,89.96,9.925,0.037,0.3143,0.874,27.099,15.767,0.0,0.1992,1.891,89.96,0.00011,22.0,0.8053,14.526,0.054,-0.108,1.05,60.3,,1,Copernicus CAMS via Open-Meteo,Sheikhupura_Monsoon_2024-07-25
Sheikhupura,Autumn_Harvest,9,24.3,96.0,5.4,980.8,14,201.932,1.935,-0.071,0.3799,1.008,33.762,5.755,0.0,0.0436,8.691,195.193,3e-05,4.0,1.0345,1.827,0.329,0.017,0.49,38.4,,1,Copernicus CAMS via Open-Meteo,Sheikhupura_Autumn_Harvest_2023-09-25
Sheikhupura,Autumn_Harvest,10,23.5,69.0,6.7,989.1,12,175.754,3.595,0.015,0.3521,1.036,31.243,5.793,0.0,0.0777,5.485,162.144,5e-05,11.0,1.0839,1.792,0.291,0.04,1.18,139.2,,2,Copernicus CAMS via Open-Meteo,Sheikhupura_Autumn_Harvest_2024-10-22
Sheikhupura,Autumn_Harvest,10,23.5,69.0,6.7,989.1,8,160.071,3.641,0.056,0.3584,0.995,51.251,7.191,0.0,0.0424,7.242,157.5,8e-05,11.0,1.0121,2.74,0.238,0.006,1.18,139.2,,2,Copernicus CAMS via Open-Meteo,Sheikhupura_Autumn_Harvest_2024-10-22
Sheikhupura,Summer,5,39.9,23.0,7.3,980.0,1,81.121,20.015,1.597,0.1953,0.822,94.863,27.109,0.0249,0.3034,1.404,81.118,0.0006,56.0,0.7046,59.822,0.012,-0.173,0.65,24.1,,0,Copernicus CAMS via Open-Meteo,Sheikhupura_Summer_2024-05-18
Sheikhupura,Winter_Peak,12,9.7,84.0,11.9,993.2,16,52.164,8.079,0.674,0.257,0.833,80.237,26.235,0.0766,0.2658,0.912,52.159,0.00084,27.0,0.7913,34.338,-0.005,-0.117,0.18,80.6,,2,Copernicus CAMS via Open-Meteo,Sheikhupura_Winter_Peak_2023-12-20
Sheikhupura,Winter_Peak,12,11.5,58.0,8.3,988.9,6,88.797,6.676,0.358,0.268,0.962,76.161,12.56,0.0,0.1054,2.677,87.538,0.00036,19.0,0.9822,9.412,0.091,-0.009,0.07,45.4,,1,Copernicus CAMS via Open-Meteo,Sheikhupura_Winter_Peak_2024-12-05
Sheikhupura,Winter_Peak,12,9.5,84.0,10.1,993.2,9,59.635,9.036,0.672,0.2565,0.878,80.628,26.599,0.0595,0.2088,1.203,59.583,0.00073,28.0,0.8492,36.115,0.016,-0.082,0.18,81.7,,2,Copernicus CAMS via Open-Meteo,Sheikhupura_Winter_Peak_2023-12-20
Sheikhupura,Monsoon,8,27.9,88.0,5.5,980.2,0,116.417,12.639,2.426,0.1542,1.001,53.65,13.776,0.0057,0.0364,5.639,114.015,0.00023,39.0,0.9995,25.947,0.148,-0.0,0.74,53.2,,1,Copernicus CAMS via Open-Meteo,Sheikhupura_Monsoon_2024-08-25
Sheikhupura,Monsoon,8,32.3,74.0,5.2,978.7,2,142.464,28.998,0.105,0.3256,0.977,35.952,13.861,0.0,0.1208,4.204,138.213,0.00014,100.0,1.0225,16.61,0.205,0.011,0.77,67.8,,1,Copernicus CAMS via Open-Meteo,Sheikhupura_Monsoon_2023-08-20
Sheikhupura,Winter_Peak,11,18.2,78.0,10.3,993.6,12,121.332,13.544,0.837,0.2163,0.963,33.65,11.771,0.0018,0.0759,4.247,121.129,0.00012,45.0,0.9638,18.507,0.149,-0.018,1.4,64.7,,1,Copernicus CAMS via Open-Meteo,Sheikhupura_Winter_Peak_2023-11-30
Sheikhupura,Monsoon,8,25.5,93.0,6.0,977.9,2,132.38,20.116,0.519,0.2934,0.979,61.046,20.92,0.0003,0.0829,4.607,130.349,0.00021,63.0,1.0047,33.277,0.181,0.002,0.8,20.4,,0,Copernicus CAMS via Open-Meteo,Sheikhupura_Monsoon_2024-08-12
Sheikhupura,Monsoon,7,37.3,47.0,6.0,967.0,1,107.572,12.425,0.166,0.3171,0.929,44.33,19.459,0.0006,0.1234,3.307,107.265,0.00015,25.0,0.8917,21.511,0.105,-0.057,1.21,59.0,,1,Copernicus CAMS via Open-Meteo,Sheikhupura_Monsoon_2024-07-25
Sheikhupura,Monsoon,7,29.7,79.0,5.4,978.9,2,156.487,15.841,-0.138,0.1361,1.023,133.473,21.298,0.0442,0.0798,4.89,145.402,0.00037,48.0,1.0762,84.697,0.249,0.037,0.42,62.9,,1,Copernicus CAMS via Open-Meteo,Sheikhupura_Monsoon_2023-07-25
Sheikhupura,Monsoon,8,28.4,87.0,9.9,976.4,1,111.666,20.866,1.027,0.2636,0.988,32.71,11.956,0.0005,0.1183,3.123,106.714,0.00017,56.0,1.0445,14.374,0.148,0.022,0.65,46.2,,1,Copernicus CAMS via Open-Meteo,Sheikhupura_Monsoon_2024-08-05
Sheikhupura,Winter_Peak,11,20.2,73.0,1.7,989.2,11,52.627,2.003,0.005,0.3314,0.997,37.443,5.936,0.0,0.0817,1.79,50.513,0.00053,5.0,1.0299,1.852,0.026,0.015,1.81,243.1,,3,Copernicus CAMS via Open-Meteo,Sheikhupura_Winter_Peak_2024-11-15
Sheikhupura,Summer,6,26.9,48.0,8.5,979.3,2,101.931,6.621,-0.179,0.3121,0.834,30.001,11.588,0.0,0.2663,1.738,101.931,8e-05,16.0,0.7342,8.105,0.048,-0.153,0.41,30.9,,0,Copernicus CAMS via Open-Meteo,Sheikhupura_Summer_2023-06-05
Sheikhupura,Summer,6,29.4,44.0,6.6,978.3,1,73.541,6.17,-0.151,0.315,0.774,59.949,10.416,0.0,0.3355,1.141,73.541,0.00025,15.0,0.6648,5.866,-0.009,-0.201,0.22,29.3,,0,Copernicus CAMS via Open-Meteo,Sheikhupura_Summer_2024-06-10
Sheikhupura,Autumn_Harvest,9,26.6,92.0,4.7,978.3,9,89.074,7.581,0.231,0.3098,0.947,46.265,13.431,0.0004,0.2031,1.75,85.246,0.00021,22.0,1.0315,11.971,0.1,0.015,0.62,69.4,,1,Copernicus CAMS via Open-Meteo,Sheikhupura_Autumn_Harvest_2024-09-10
Sheikhupura,Summer,6,23.7,57.0,6.1,979.1,1,114.165,7.87,-0.16,0.3087,0.86,82.31,14.535,0.0,0.222,2.158,114.165,0.00018,19.0,0.7785,12.089,0.08,-0.125,0.31,23.9,,0,Copernicus CAMS via Open-Meteo,Sheikhupura_Summer_2023-06-05
Sheikhupura,Monsoon,8,27.3,94.0,3.9,977.6,2,117.33,21.975,1.017,0.2625,0.928,90.048,15.362,0.0005,0.1286,3.211,117.301,0.00029,64.0,0.9022,20.573,0.125,-0.051,0.59,29.5,,0,Copernicus CAMS via Open-Meteo,Sheikhupura_Monsoon_2024-08-05
Sheikhupura,Summer,5,27.9,33.0,10.0,978.9,2,99.726,24.897,1.598,0.1967,0.826,184.869,34.605,0.0261,0.2926,1.78,99.719,0.00071,69.0,0.7156,92.715,0.038,-0.166,0.37,29.9,,0,Copernicus CAMS via Open-Meteo,Sheikhupura_Summer_2024-05-18
Sheikhupura,Winter_Peak,12,22.0,40.0,9.7,988.1,12,75.826,7.92,0.674,0.2744,0.87,35.327,21.363,0.0011,0.2137,1.465,75.825,0.00019,26.0,0.8453,24.581,0.041,-0.084,0.21,32.2,,0,Copernicus CAMS via Open-Meteo,Sheikhupura_Winter_Peak_2023-12-10
Sheikhupura,Summer,5,30.6,21.0,9.7,968.5,1,74.38,10.576,1.384,0.2484,0.776,48.975,24.923,0.0117,0.3588,1.133,74.38,0.00024,27.0,0.6438,37.62,-0.015,-0.217,0.12,36.3,,1,Copernicus CAMS via Open-Meteo,Sheikhupura_Summer_2024-05-28
Sheikhupura,Winter_Peak,1,9.6,92.0,2.7,995.3,13,206.562,1.295,-0.342,0.2127,1.094,14.709,3.857,0.0,0.1439,4.183,176.825,2e-05,2.0,1.1682,0.871,0.383,0.078,1.23,136.9,,2,Copernicus CAMS via Open-Meteo,Sheikhupura_Winter_Peak_2024-01-05
Sheikhupura,Summer,6,32.7,43.0,2.9,978.1,1,86.517,5.829,-0.16,0.3209,0.825,35.676,10.717,0.0,0.2631,1.487,86.517,0.00012,14.0,0.7375,6.917,0.029,-0.151,0.54,21.1,,0,Copernicus CAMS via Open-Meteo,Sheikhupura_Summer_2023-06-05
Sheikhupura,Summer,5,43.6,10.0,6.9,968.7,3,65.308,9.723,1.317,0.2294,0.7,75.44,25.23,0.0115,0.4299,0.946,65.308,0.00035,28.0,0.5724,39.952,-0.048,-0.272,0.16,9.2,,0,Copernicus CAMS via Open-Meteo,Sheikhupura_Summer_2024-05-28
Sheikhupura,Monsoon,8,31.0,73.0,8.7,980.4,0,118.492,12.694,2.415,0.1592,0.965,97.256,15.582,0.005,0.0782,4.151,117.931,0.00032,41.0,0.9657,26.487,0.144,-0.017,0.93,51.8,,1,Copernicus CAMS via Open-Meteo,Sheikhupura_Monsoon_2024-08-25
Sheikhupura,Autumn_Harvest,10,25.1,74.0,6.0,981.7,9,122.663,5.768,0.77,0.2577,0.941,27.468,7.188,0.0,0.1259,3.157,122.636,7e-05,20.0,0.9586,3.161,0.15,-0.021,0.63,63.1,,1,Copernicus CAMS via Open-Meteo,Sheikhupura_Autumn_Harvest_2024-10-05
Sheikhupura,Monsoon,7,27.2,85.0,13.6,979.4,2,131.939,6.4,0.561,0.2685,0.948,73.877,10.306,0.0,0.0879,4.307,131.89,0.00015,16.0,0.9308,7.026,0.159,-0.036,0.91,49.8,,1,Copernicus CAMS via Open-Meteo,Sheikhupura_Monsoon_2024-07-10
Sheikhupura,Autumn_Harvest,9,30.3,63.0,0.7,981.8,6,176.071,2.337,-0.012,0.2661,0.995,49.066,6.934,0.0,0.0266,9.462,174.644,6e-05,5.0,1.0005,2.565,0.265,0.0,0.68,30.5,,0,Copernicus CAMS via Open-Meteo,Sheikhupura_Autumn_Harvest_2023-09-25
Sheikhupura,Winter_Peak,11,15.1,73.0,7.8,993.2,12,147.177,5.32,-0.245,0.3538,0.976,64.765,8.958,0.0,0.066,5.493,146.091,0.00012,15.0,0.9897,4.403,0.206,-0.005,0.55,89.2,,2,Copernicus CAMS via Open-Meteo,Sheikhupura_Winter_Peak_2023-11-20
Sheikhupura,Summer,6,29.9,46.0,5.8,980.8,3,90.834,5.99,-0.186,0.3524,0.836,20.557,10.42,0.0,0.2369,1.65,90.834,7e-05,14.0,0.7812,6.684,0.048,-0.123,0.36,24.7,,0,Copernicus CAMS via Open-Meteo,Sheikhupura_Summer_2023-06-05
Sheikhupura,Winter_Peak,11,14.9,94.0,6.1,993.0,12,145.165,16.25,0.881,0.208,0.998,26.776,12.382,0.0027,0.0499,6.021,141.815,8e-05,52.0,0.9745,23.508,0.197,-0.013,1.49,72.6,,1,Copernicus CAMS via Open-Meteo,Sheikhupura_Winter_Peak_2023-11-30
Sheikhupura,Autumn_Harvest,10,30.2,56.0,8.9,984.3,13,136.224,6.616,0.681,0.2705,0.98,31.334,7.415,0.0,0.0719,4.785,134.76,7e-05,21.0,1.0046,3.421,0.188,0.002,0.48,60.8,,1,Copernicus CAMS via Open-Meteo,Sheikhupura_Autumn_Harvest_2024-10-05
Sheikhupura,Winter_Peak,12,22.3,47.0,9.8,991.9,11,89.64,8.987,0.669,0.2466,0.905,26.476,19.058,0.0,0.1701,2.0,89.619,0.00012,27.0,0.8988,20.866,0.076,-0.053,0.48,60.5,,1,Copernicus CAMS via Open-Meteo,Sheikhupura_Winter_Peak_2023-12-01
Sheikhupura,Autumn_Harvest,9,25.9,81.0,4.2,984.9,8,192.095,2.208,-0.028,0.2579,0.979,43.831,6.554,0.0,0.0727,6.635,190.376,5e-05,5.0,0.9356,2.338,0.271,-0.033,0.63,33.5,,0,Copernicus CAMS via Open-Meteo,Sheikhupura_Autumn_Harvest_2023-09-25
Sheikhupura,Monsoon,8,32.8,63.0,7.4,980.1,1,123.606,14.093,2.312,0.1573,0.971,92.453,16.218,0.0052,0.1227,3.278,120.298,0.00028,47.0,1.0195,32.172,0.167,0.01,0.83,46.3,,1,Copernicus CAMS via Open-Meteo,Sheikhupura_Monsoon_2024-08-25
Sheikhupura,Autumn_Harvest,9,30.2,67.0,4.3,983.0,9,188.41,1.442,-0.071,0.2066,1.055,18.321,4.271,0.0,0.0857,5.469,172.228,2e-05,3.0,1.0935,1.036,0.321,0.045,0.66,28.1,,0,Copernicus CAMS via Open-Meteo,Sheikhupura_Autumn_Harvest_2023-09-25
Sheikhupura,Winter_Peak,11,16.7,76.0,2.7,992.9,12,116.534,3.637,0.265,0.2784,0.967,62.767,9.163,0.0,0.0749,4.132,116.013,0.00017,10.0,0.9739,4.554,0.142,-0.013,0.34,112.5,,2,Copernicus CAMS via Open-Meteo,Sheikhupura_Winter_Peak_2024-11-25
Sheikhupura,Summer,6,28.3,67.0,6.2,974.7,0,170.918,5.498,-2.075,0.2061,1.011,55.161,8.15,0.0,0.0304,8.663,166.411,9e-05,11.0,1.023,4.517,0.263,0.011,0.57,32.0,,0,Copernicus CAMS via Open-Meteo,Sheikhupura_Summer_2023-06-15
Sheikhupura,Summer,5,29.5,22.0,16.1,979.9,1,68.29,11.152,1.736,0.2717,0.699,98.62,31.462,0.0132,0.4174,1.003,68.29,0.00042,33.0,0.5853,55.016,-0.041,-0.262,0.26,18.9,,0,Copernicus CAMS via Open-Meteo,Sheikhupura_Summer_2024-05-01
Sheikhupura,Winter_Peak,12,6.8,96.0,9.6,993.7,9,54.095,8.43,0.615,0.2654,0.868,97.35,26.229,0.0743,0.2498,0.991,53.886,0.00099,27.0,0.8797,34.489,0.012,-0.064,0.13,61.5,,1,Copernicus CAMS via Open-Meteo,Sheikhupura_Winter_Peak_2023-12-20
Sheikhupura,Monsoon,8,28.7,89.0,6.8,980.0,1,144.118,29.841,0.069,0.3225,1.041,22.554,12.47,0.0,0.1362,3.505,127.441,0.00012,94.0,1.1309,13.688,0.235,0.061,0.75,63.3,,1,Copernicus CAMS via Open-Meteo,Sheikhupura_Monsoon_2023-08-20
Sheikhupura,Autumn_Harvest,10,21.6,62.0,9.7,982.6,11,108.955,7.204,0.384,0.2954,0.859,56.445,8.663,0.0,0.2206,2.091,108.955,0.00013,12.0,0.8254,4.335,0.088,-0.096,0.29,67.5,,1,Copernicus CAMS via Open-Meteo,Sheikhupura_Autumn_Harvest_2023-10-05
Sheikhupura,Winter_Peak,12,19.8,64.0,9.7,995.4,14,93.962,9.766,0.664,0.2693,0.97,46.108,18.866,0.0,0.0884,3.126,92.45,0.00022,27.0,0.982,19.701,0.101,-0.009,0.68,58.8,,1,Copernicus CAMS via Open-Meteo,Sheikhupura_Winter_Peak_2023-12-01
Sheikhupura,Autumn_Harvest,9,35.1,40.0,8.5,980.8,14,105.778,4.217,0.689,0.2899,0.927,67.137,8.551,0.0,0.1436,2.562,105.719,0.00019,13.0,0.9349,4.068,0.113,-0.034,0.56,44.8,,1,Copernicus CAMS via Open-Meteo,Sheikhupura_Autumn_Harvest_2024-09-18
Sheikhupura,Monsoon,7,36.6,51.0,9.1,975.4,3,149.266,7.01,0.744,0.2966,0.972,25.645,8.37,0.0,0.0835,4.799,147.959,5e-05,18.0,0.9961,5.206,0.212,-0.002,1.3,90.6,,2,Copernicus CAMS via Open-Meteo,Sheikhupura_Monsoon_2024-07-10
Sheikhupura,Summer,4,23.7,50.0,10.2,981.8,1,43.572,5.31,0.371,0.2614,0.602,40.748,11.063,0.0,0.5301,0.632,43.572,0.00027,15.0,0.4697,6.761,-0.091,-0.361,0.12,19.9,,0,Copernicus CAMS via Open-Meteo,Sheikhupura_Summer_2024-04-20
Sheikhupura,Monsoon,8,31.9,67.0,0.8,975.6,1,123.563,18.799,0.505,0.3017,0.975,46.966,20.0,0.0006,0.0981,3.836,121.448,0.00018,59.0,1.0094,30.534,0.165,0.005,0.57,27.1,,0,Copernicus CAMS via Open-Meteo,Sheikhupura_Monsoon_2024-08-12
Sheikhupura,Winter_Peak,12,11.5,58.0,8.3,988.9,14,97.942,7.107,0.368,0.2837,1.001,67.048,12.533,0.0,0.13,2.448,90.994,0.00029,20.0,1.0742,9.324,0.125,0.036,0.07,45.4,,1,Copernicus CAMS via Open-Meteo,Sheikhupura_Winter_Peak_2024-12-05
Sheikhupura,Autumn_Harvest,10,20.2,84.0,7.1,987.5,6,184.627,3.59,0.172,0.3311,1.026,25.756,5.304,0.0,0.0931,5.145,169.146,4e-05,11.0,0.9931,1.525,0.279,-0.003,0.88,101.5,,2,Copernicus CAMS via Open-Meteo,Sheikhupura_Autumn_Harvest_2024-10-22
Sheikhupura,Monsoon,8,33.8,63.0,3.8,978.9,0,149.17,31.463,0.055,0.3339,1.055,37.113,13.203,0.0,0.1667,3.016,127.121,0.00015,95.0,1.1735,14.863,0.256,0.08,0.78,56.6,,1,Copernicus CAMS via Open-Meteo,Sheikhupura_Monsoon_2023-08-20
Sheikhupura,Monsoon,8,27.3,73.0,7.6,979.6,2,87.704,10.47,0.591,0.3202,0.825,23.005,8.065,0.0,0.3075,1.435,87.704,8e-05,24.0,0.8349,4.567,0.058,-0.09,0.35,61.5,,1,Copernicus CAMS via Open-Meteo,Sheikhupura_Monsoon_2023-08-30
Sheikhupura,Winter_Peak,11,19.9,66.0,7.6,986.4,9,112.436,2.825,0.132,0.3405,0.95,37.155,6.884,0.0,0.0823,3.729,112.433,0.00011,8.0,0.9239,2.609,0.122,-0.04,0.1,40.3,,1,Copernicus CAMS via Open-Meteo,Sheikhupura_Winter_Peak_2024-11-01
Sheikhupura,Summer,4,28.1,45.0,10.5,983.0,0,38.672,4.958,0.341,0.2597,0.548,54.91,11.376,0.0,0.5812,0.577,38.672,0.00037,15.0,0.4186,7.243,-0.109,-0.41,0.23,33.9,,0,Copernicus CAMS via Open-Meteo,Sheikhupura_Summer_2024-04-20
Sheikhupura,Autumn_Harvest,10,35.2,37.0,3.5,980.9,9,131.223,6.354,0.694,0.2593,0.956,47.874,8.579,0.0,0.0781,4.488,131.193,0.0001,20.0,0.9484,4.289,0.163,-0.026,0.51,41.2,,1,Copernicus CAMS via Open-Meteo,Sheikhupura_Autumn_Harvest_2024-10-05
Sheikhupura,Summer,5,24.1,69.0,12.6,979.5,0,123.199,27.734,-0.352,0.2963,0.969,244.848,44.272,0.0764,0.07,4.579,122.608,0.00091,104.0,0.9717,182.689,0.155,-0.014,0.73,40.0,,1,Copernicus CAMS via Open-Meteo,Sheikhupura_Summer_2023-05-25
Sheikhupura,Winter_Peak,11,20.2,73.0,1.7,989.2,15,43.087,2.039,-0.001,0.2417,0.986,38.168,6.021,0.0,0.0804,1.512,41.86,0.0008,5.0,0.9658,1.892,0.001,-0.017,1.81,243.1,,3,Copernicus CAMS via Open-Meteo,Sheikhupura_Winter_Peak_2024-11-15
Sheikhupura,Monsoon,8,31.8,67.0,1.8,976.1,0,152.397,23.264,0.43,0.2999,1.034,58.13,22.772,0.0003,0.1443,3.285,134.229,0.00018,69.0,1.1353,38.858,0.254,0.063,0.42,17.3,,0,Copernicus CAMS via Open-Meteo,Sheikhupura_Monsoon_2024-08-12
Sheikhupura,Winter_Peak,11,13.5,85.0,9.1,992.2,8,137.991,4.855,-0.193,0.3147,0.991,66.364,8.813,0.0,0.0375,6.656,136.531,0.00014,13.0,0.9895,4.244,0.188,-0.005,0.65,92.7,,2,Copernicus CAMS via Open-Meteo,Sheikhupura_Winter_Peak_2023-11-20
Sheikhupura,Autumn_Harvest,9,35.2,59.0,5.9,980.8,18,134.235,31.601,-0.298,0.2234,1.046,56.567,14.071,0.0098,0.1391,3.003,117.355,0.00026,115.0,1.1438,45.203,0.216,0.067,0.85,48.2,,1,Copernicus CAMS via Open-Meteo,Sheikhupura_Autumn_Harvest_2023-09-15
Sheikhupura,Summer,5,25.3,65.0,11.0,980.3,0,140.558,30.542,-0.303,0.2984,0.959,423.818,53.958,0.0854,0.0778,5.107,140.149,0.00108,115.0,0.9437,242.804,0.179,-0.029,0.46,44.9,,1,Copernicus CAMS via Open-Meteo,Sheikhupura_Summer_2023-05-25
Sheikhupura,Autumn_Harvest,9,26.4,88.0,14.8,980.1,12,127.405,29.348,-0.268,0.2206,1.074,110.664,15.753,0.0087,0.1451,2.751,109.736,0.00046,103.0,1.1603,38.322,0.204,0.074,1.43,55.9,,1,Copernicus CAMS via Open-Meteo,Sheikhupura_Autumn_Harvest_2023-09-15
Sheikhupura,Summer,6,23.4,88.0,18.5,978.5,1,161.929,5.966,-3.137,0.1239,0.968,22.27,5.791,0.0,0.052,6.651,161.929,4e-05,14.0,0.9576,3.469,0.223,-0.022,0.56,33.8,,0,Copernicus CAMS via Open-Meteo,Sheikhupura_Summer_2023-06-15
Sheikhupura,Winter_Peak,11,23.7,44.0,6.9,991.4,16,112.349,3.648,0.318,0.2602,0.951,61.714,8.96,0.0,0.1126,3.127,111.943,0.00017,10.0,0.9688,4.499,0.133,-0.016,0.28,33.2,,0,Copernicus CAMS via Open-Meteo,Sheikhupura_Winter_Peak_2024-11-25
Sheikhupura,Summer,4,19.3,76.0,7.9,982.4,0,38.68,4.973,0.312,0.2625,0.543,60.065,11.444,0.0,0.5904,0.582,38.68,0.00039,15.0,0.4092,7.187,-0.114,-0.419,0.23,32.9,,0,Copernicus CAMS via Open-Meteo,Sheikhupura_Summer_2024-04-20
Sheikhupura,Winter_Peak,12,11.5,58.0,8.3,988.9,7,88.978,6.408,0.518,0.2621,0.956,24.62,10.813,0.0,0.1468,2.107,87.169,0.00012,19.0,1.0088,7.25,0.096,0.004,0.07,45.4,,1,Copernicus CAMS via Open-Meteo,Sheikhupura_Winter_Peak_2024-12-05
Sheikhupura,Summer,5,18.3,63.0,9.8,980.4,1,64.934,10.117,1.627,0.2828,0.708,71.909,30.135,0.0139,0.4219,0.949,64.934,0.00038,29.0,0.5803,51.452,-0.045,-0.266,0.33,24.4,,0,Copernicus CAMS via Open-Meteo,Sheikhupura_Summer_2024-05-01
Sheikhupura,Winter_Peak,12,17.1,68.0,10.0,991.7,15,75.709,8.14,0.597,0.2747,0.894,77.768,18.332,0.0,0.1732,1.719,75.685,0.00044,24.0,0.8611,18.095,0.045,-0.075,0.3,47.8,,1,Copernicus CAMS via Open-Meteo,Sheikhupura_Winter_Peak_2023-12-01
Sheikhupura,Winter_Peak,11,18.7,64.0,8.4,992.4,13,143.762,5.044,-0.247,0.3181,0.965,35.065,7.221,0.0,0.0854,4.614,143.283,7e-05,14.0,0.9812,3.005,0.196,-0.009,0.71,81.0,,2,Copernicus CAMS via Open-Meteo,Sheikhupura_Winter_Peak_2023-11-20
Sheikhupura,Autumn_Harvest,9,25.9,87.0,4.6,977.9,8,88.848,7.308,0.251,0.291,0.937,19.997,12.785,0.0,0.2307,1.597,84.799,0.0001,21.0,1.0388,10.699,0.101,0.019,0.83,53.2,,1,Copernicus CAMS via Open-Meteo,Sheikhupura_Autumn_Harvest_2024-09-10
Sheikhupura,Autumn_Harvest,9,32.4,72.0,10.7,982.7,10,117.052,26.349,-0.266,0.2223,0.964,83.524,14.702,0.0084,0.1002,3.682,116.022,0.00035,107.0,0.9826,41.266,0.145,-0.009,0.88,44.1,,1,Copernicus CAMS via Open-Meteo,Sheikhupura_Autumn_Harvest_2023-09-15
Sheikhupura,Autumn_Harvest,9,35.2,59.0,5.9,980.8,6,153.907,35.099,-0.464,0.2703,1.019,85.032,16.455,0.0099,0.0611,6.185,146.339,0.00034,131.0,1.0493,57.536,0.236,0.024,0.85,48.2,,1,Copernicus CAMS via Open-Meteo,Sheikhupura_Autumn_Harvest_2023-09-15
Sheikhupura,Summer,6,28.2,74.0,5.9,978.8,0,164.477,6.004,-2.995,0.153,0.984,42.936,7.429,0.0,0.0375,7.875,164.064,7e-05,13.0,0.9873,4.242,0.238,-0.006,0.61,32.6,,0,Copernicus CAMS via Open-Meteo,Sheikhupura_Summer_2023-06-15
Sheikhupura,Summer,5,24.1,69.0,12.6,979.5,2,140.121,31.919,-0.386,0.3025,1.026,268.081,46.906,0.0772,0.0902,4.171,129.187,0.00089,112.0,1.0843,203.221,0.216,0.04,0.73,40.0,,1,Copernicus CAMS via Open-Meteo,Sheikhupura_Summer_2023-05-25
Sheikhupura,Summer,5,35.9,13.0,4.9,968.6,2,76.567,10.79,1.359,0.2616,0.749,57.534,27.727,0.0113,0.3779,1.144,76.567,0.00025,29.0,0.6246,45.972,-0.02,-0.231,0.12,32.1,,0,Copernicus CAMS via Open-Meteo,Sheikhupura_Summer_2024-05-28
Sheikhupura,Monsoon,8,28.8,81.0,8.1,977.7,0,143.483,22.101,0.455,0.302,0.957,96.431,25.043,0.0003,0.1276,3.789,141.856,0.00023,71.0,0.9936,44.907,0.2,-0.003,0.54,46.1,,1,Copernicus CAMS via Open-Meteo,Sheikhupura_Monsoon_2024-08-12
Sheikhupura,Summer,5,42.2,14.0,17.9,977.9,1,84.773,20.901,1.623,0.1945,0.823,105.46,28.5,0.0258,0.3116,1.439,84.751,0.00061,57.0,0.6965,67.377,0.014,-0.179,0.6,23.7,,0,Copernicus CAMS via Open-Meteo,Sheikhupura_Summer_2024-05-18
Sheikhupura,Autumn_Harvest,10,31.8,37.0,2.1,988.7,17,151.826,3.647,0.013,0.3359,0.956,57.11,7.545,0.0,0.0749,5.287,151.815,9e-05,11.0,0.9411,3.023,0.199,-0.03,0.79,65.4,,1,Copernicus CAMS via Open-Meteo,Sheikhupura_Autumn_Harvest_2024-10-22
Sheikhupura,Autumn_Harvest,10,25.1,62.0,7.1,988.3,9,80.663,5.542,0.771,0.2605,0.745,64.537,10.671,0.0,0.3502,1.23,80.663,0.00019,13.0,0.6651,6.434,-0.001,-0.201,0.53,35.7,,1,Copernicus CAMS via Open-Meteo,Sheikhupura_Autumn_Harvest_2023-10-15
Sheikhupura,Monsoon,8,33.6,63.0,4.6,979.5,1,89.868,18.452,1.84,0.1919,0.911,68.624,26.576,0.0126,0.1803,2.089,89.581,0.00033,44.0,0.92,48.319,0.081,-0.042,0.68,45.2,,1,Copernicus CAMS via Open-Meteo,Sheikhupura_Monsoon_2023-08-05
Sheikhupura,Summer,5,42.3,16.0,11.6,978.5,1,88.628,21.277,1.569,0.1974,0.882,97.878,26.187,0.0187,0.1935,2.18,88.42,0.00054,55.0,0.8194,57.085,0.055,-0.099,0.64,23.4,,0,Copernicus CAMS via Open-Meteo,Sheikhupura_Summer_2024-05-18
Sheikhupura,Winter_Peak,11,26.2,51.0,5.2,989.1,9,54.515,1.493,-0.008,0.2524,1.038,21.92,4.489,0.0,0.0833,1.718,50.162,0.00033,3.0,1.0331,1.069,0.03,0.016,1.48,136.4,,2,Copernicus CAMS via Open-Meteo,Sheikhupura_Winter_Peak_2024-11-15
Sheikhupura,Autumn_Harvest,9,26.1,86.0,5.1,981.2,8,116.832,4.349,0.778,0.2251,0.935,61.327,8.521,0.0,0.1244,3.072,116.797,0.00015,13.0,0.9364,4.006,0.134,-0.033,0.47,76.1,,2,Copernicus CAMS via Open-Meteo,Sheikhupura_Autumn_Harvest_2024-09-18
Sheikhupura,Monsoon,7,28.9,80.0,14.8,977.6,1,176.655,11.272,-0.4,0.2398,1.041,58.461,12.367,0.0,0.0813,5.5,162.443,0.0001,44.0,1.0873,15.122,0.294,0.042,0.91,60.8,,1,Copernicus CAMS via Open-Meteo,Sheikhupura_Monsoon_2023-07-15
Sheikhupura,Winter_Peak,12,10.6,70.0,2.4,990.3,15,94.171,6.585,0.408,0.2825,0.965,29.636,10.413,0.0,0.1312,2.405,91.944,0.00013,19.0,1.0137,7.176,0.107,0.007,0.07,57.0,,1,Copernicus CAMS via Open-Meteo,Sheikhupura_Winter_Peak_2024-12-05
Sheikhupura,Autumn_Harvest,10,22.8,85.0,6.6,983.4,16,116.652,5.38,0.815,0.2561,0.964,35.199,7.282,0.0,0.1259,2.962,114.581,9e-05,18.0,1.0131,3.15,0.152,0.007,0.73,70.3,,1,Copernicus CAMS via Open-Meteo,Sheikhupura_Autumn_Harvest_2024-10-05
Sheikhupura,Summer,5,30.4,42.0,8.0,980.5,0,90.304,21.53,1.583,0.196,0.866,140.372,28.153,0.019,0.2292,1.945,90.127,0.00067,55.0,0.7801,61.297,0.047,-0.124,0.39,25.3,,0,Copernicus CAMS via Open-Meteo,Sheikhupura_Summer_2024-05-18
Sheikhupura,Autumn_Harvest,9,35.2,58.0,5.6,978.5,7,132.909,31.366,-0.257,0.1983,0.998,110.119,16.554,0.008,0.0795,5.064,128.365,0.00037,124.0,1.0309,49.306,0.188,0.015,0.84,45.8,,1,Copernicus CAMS via Open-Meteo,Sheikhupura_Autumn_Harvest_2023-09-15
Sheikhupura,Winter_Peak,12,16.3,71.0,9.0,992.5,11,82.709,8.935,0.639,0.2481,0.922,66.666,18.756,0.0004,0.1615,1.928,82.276,0.00034,25.0,0.9371,19.236,0.071,-0.032,0.21,55.6,,1,Copernicus CAMS via Open-Meteo,Sheikhupura_Winter_Peak_2023-12-01
Sheikhupura,Winter_Peak,1,4.3,100.0,10.1,991.6,9,180.404,1.66,0.007,0.2511,0.949,25.741,4.903,0.0,0.11,4.99,180.402,3e-05,3.0,0.9652,1.27,0.261,-0.018,0.93,199.8,,3,Copernicus CAMS via Open-Meteo,Sheikhupura_Winter_Peak_2024-01-15
Sheikhupura,Monsoon,8,32.4,67.0,5.1,979.8,0,81.934,15.59,1.626,0.2192,0.896,74.149,23.898,0.0096,0.2003,1.767,81.805,0.00039,37.0,0.9037,39.474,0.064,-0.051,0.63,43.3,,1,Copernicus CAMS via Open-Meteo,Sheikhupura_Monsoon_2023-08-05
Sheikhupura,Winter_Peak,11,15.8,72.0,8.8,992.9,19,144.252,5.356,-0.21,0.3551,0.989,72.178,9.234,0.0,0.0541,5.946,141.988,0.00014,14.0,1.0057,4.709,0.204,0.003,0.58,89.4,,2,Copernicus CAMS via Open-Meteo,Sheikhupura_Winter_Peak_2023-11-20
Sheikhupura,Summer,4,19.0,83.0,7.7,981.0,2,43.198,5.005,0.443,0.2836,0.608,19.132,9.512,0.0,0.5274,0.625,43.198,0.00014,14.0,0.4724,5.274,-0.09,-0.358,0.27,37.4,,1,Copernicus CAMS via Open-Meteo,Sheikhupura_Summer_2024-04-20
Sheikhupura,Winter_Peak,11,15.2,78.0,7.1,990.3,16,115.869,3.613,0.431,0.303,1.045,53.273,8.505,0.0,0.0999,3.164,104.523,0.00018,9.0,1.1083,3.915,0.169,0.051,0.15,79.4,,2,Copernicus CAMS via Open-Meteo,Sheikhupura_Winter_Peak_2024-11-25
Sheikhupura,Monsoon,8,36.2,43.0,5.2,979.6,2,90.014,10.762,0.57,0.3041,0.809,33.686,9.032,0.0,0.3014,1.484,90.014,0.00011,25.0,0.7802,5.52,0.047,-0.123,0.45,38.9,,1,Copernicus CAMS via Open-Meteo,Sheikhupura_Monsoon_2023-08-30
Sheikhupura,Winter_Peak,11,18.2,78.0,10.3,993.6,14,131.375,14.887,0.859,0.2374,0.945,64.338,14.028,0.0019,0.0961,4.089,131.348,0.00016,50.0,0.9055,24.687,0.151,-0.05,1.4,64.7,,1,Copernicus CAMS via Open-Meteo,Sheikhupura_Winter_Peak_2023-11-30
Sheikhupura,Autumn_Harvest,10,20.4,61.0,5.4,989.8,11,68.663,5.474,0.208,0.2545,0.763,15.491,11.785,0.0,0.3421,1.055,68.663,8e-05,14.0,0.6582,8.753,-0.015,-0.206,0.19,59.0,,1,Copernicus CAMS via Open-Meteo,Sheikhupura_Autumn_Harvest_2023-10-25
Sheikhupura,Summer,6,34.4,36.0,6.3,981.2,0,99.585,6.442,-0.175,0.3459,0.814,21.52,11.443,0.0,0.2905,1.627,99.585,6e-05,16.0,0.71,7.893,0.036,-0.17,0.41,26.1,,0,Copernicus CAMS via Open-Meteo,Sheikhupura_Summer_2023-06-05
Sheikhupura,Monsoon,7,34.0,58.0,7.6,968.3,1,100.837,11.292,0.098,0.2945,0.903,61.674,19.049,0.0,0.1847,2.196,100.352,0.0002,24.0,0.9066,20.108,0.097,-0.049,1.27,61.9,,1,Copernicus CAMS via Open-Meteo,Sheikhupura_Monsoon_2024-07-25
Sheikhupura,Winter_Peak,12,22.2,40.0,9.7,988.7,11,70.503,7.469,0.601,0.2594,0.852,47.517,21.716,0.0022,0.2278,1.31,70.503,0.00029,24.0,0.7837,23.925,0.02,-0.121,0.21,34.7,,0,Copernicus CAMS via Open-Meteo,Sheikhupura_Winter_Peak_2023-12-10
Sheikhupura,Monsoon,8,25.5,93.0,6.9,977.8,0,122.366,17.837,0.377,0.3033,0.94,77.152,20.891,0.0005,0.1088,3.567,122.261,0.00023,58.0,0.9289,32.374,0.142,-0.037,0.8,19.8,,0,Copernicus CAMS via Open-Meteo,Sheikhupura_Monsoon_2024-08-12
Sheikhupura,Autumn_Harvest,9,26.9,88.0,20.7,979.5,17,126.097,29.039,-0.341,0.2438,1.067,69.9,13.893,0.009,0.1289,2.946,110.597,0.00035,102.0,1.1396,36.892,0.198,0.065,1.39,56.5,,1,Copernicus CAMS via Open-Meteo,Sheikhupura_Autumn_Harvest_2023-09-15
Sheikhupura,Autumn_Harvest,9,29.0,67.0,5.1,981.3,4,113.561,3.524,1.289,0.2092,0.892,12.794,5.321,0.0,0.1945,2.269,113.561,3e-05,12.0,0.8904,1.828,0.115,-0.058,0.58,60.3,,1,Copernicus CAMS via Open-Meteo,Sheikhupura_Autumn_Harvest_2024-09-18
Sheikhupura,Summer,5,29.5,22.0,16.1,979.9,0,67.444,10.43,1.533,0.2721,0.724,69.624,30.831,0.0164,0.422,0.985,67.444,0.00038,30.0,0.5801,49.056,-0.043,-0.266,0.26,18.9,,0,Copernicus CAMS via Open-Meteo,Sheikhupura_Summer_2024-05-01
Sheikhupura,Autumn_Harvest,9,32.7,51.0,3.0,983.1,11,121.78,3.941,1.151,0.2474,0.923,23.318,6.221,0.0,0.1286,3.095,121.78,5e-05,13.0,0.9067,2.31,0.134,-0.049,0.57,50.9,,1,Copernicus CAMS via Open-Meteo,Sheikhupura_Autumn_Harvest_2024-09-18
Sheikhupura,Autumn_Harvest,9,27.1,81.0,5.8,977.0,8,97.775,8.327,0.272,0.3079,0.98,36.162,13.829,0.0004,0.1397,2.504,92.953,0.00015,23.0,1.043,12.406,0.12,0.021,0.62,75.7,,2,Copernicus CAMS via Open-Meteo,Sheikhupura_Autumn_Harvest_2024-09-10
Sheikhupura,Autumn_Harvest,9,26.2,88.0,8.9,979.9,7,56.656,1.584,-0.02,0.2949,1.038,24.098,4.712,0.0,0.1207,1.377,50.522,0.00034,4.0,1.0016,1.181,0.031,0.001,0.93,46.6,,1,Copernicus CAMS via Open-Meteo,Sheikhupura_Autumn_Harvest_2024-09-28
Sheikhupura,Winter_Peak,11,18.1,84.0,6.7,988.8,9,52.666,1.831,0.011,0.3206,0.978,31.577,5.429,0.0,0.0685,2.003,51.95,0.00043,4.0,0.9828,1.553,0.021,-0.009,2.08,242.1,,3,Copernicus CAMS via Open-Meteo,Sheikhupura_Winter_Peak_2024-11-15
Sheikhupura,Monsoon,8,31.2,73.0,4.8,979.4,0,157.516,32.695,0.114,0.325,1.059,19.406,13.555,0.0,0.1784,2.959,132.146,0.00012,100.0,1.192,16.375,0.279,0.088,0.76,80.3,,2,Copernicus CAMS via Open-Meteo,Sheikhupura_Monsoon_2023-08-20
Sheikhupura,Summer,5,30.4,28.0,8.7,977.0,1,99.339,24.842,1.634,0.1984,0.85,175.858,33.47,0.0269,0.2428,2.113,99.333,0.00074,67.0,0.7663,94.539,0.055,-0.132,0.48,38.0,,1,Copernicus CAMS via Open-Meteo,Sheikhupura_Summer_2024-05-18
Sheikhupura,Winter_Peak,11,21.0,80.0,2.9,992.2,10,49.197,1.79,0.015,0.2303,1.039,31.068,5.353,0.0,0.0867,1.556,45.219,0.00057,4.0,1.0422,1.519,0.02,0.021,1.6,262.6,,3,Copernicus CAMS via Open-Meteo,Sheikhupura_Winter_Peak_2024-11-15
Sheikhupura,Monsoon,7,28.9,80.0,14.8,977.6,1,164.58,10.574,-0.314,0.2706,1.072,28.407,9.534,0.0,0.1264,3.724,143.895,7e-05,40.0,1.1437,10.554,0.283,0.067,0.91,60.8,,1,Copernicus CAMS via Open-Meteo,Sheikhupura_Monsoon_2023-07-15
Sheikhupura,Autumn_Harvest,9,26.5,97.0,4.0,981.0,7,121.382,27.26,-0.253,0.2096,0.983,86.84,15.188,0.0083,0.1437,2.954,115.359,0.00034,110.0,1.0514,43.076,0.17,0.025,1.07,41.4,,1,Copernicus CAMS via Open-Meteo,Sheikhupura_Autumn_Harvest_2023-09-15
Sheikhupura,Autumn_Harvest,9,32.7,51.0,3.0,983.1,11,117.699,4.064,1.001,0.2589,0.925,38.967,7.147,0.0,0.1368,2.902,117.698,9e-05,13.0,0.9225,2.916,0.131,-0.04,0.57,50.9,,1,Copernicus CAMS via Open-Meteo,Sheikhupura_Autumn_Harvest_2024-09-18
Sheikhupura,Winter_Peak,12,19.8,55.0,4.8,987.9,13,87.318,6.102,0.373,0.2755,0.977,35.844,10.598,0.0,0.1117,2.472,84.724,0.00019,17.0,1.0215,7.15,0.095,0.011,0.13,19.1,,0,Copernicus CAMS via Open-Meteo,Sheikhupura_Winter_Peak_2024-12-05
Sheikhupura,Winter_Peak,11,12.4,92.0,8.0,993.0,11,138.36,4.587,-0.306,0.347,1.028,38.409,7.038,0.0,0.065,4.881,129.726,9e-05,12.0,1.0202,2.765,0.197,0.01,0.81,85.4,,2,Copernicus CAMS via Open-Meteo,Sheikhupura_Winter_Peak_2023-11-20
Sheikhupura,Summer,5,24.1,69.0,12.6,979.5,0,145.183,31.705,-0.317,0.2919,0.987,337.658,50.886,0.0792,0.0701,5.202,142.574,0.00096,115.0,0.9503,233.754,0.19,-0.025,0.73,40.0,,1,Copernicus CAMS via Open-Meteo,Sheikhupura_Summer_2023-05-25
Sheikhupura,Winter_Peak,12,12.6,78.0,5.0,991.3,10,81.08,8.695,0.585,0.2695,0.829,78.029,26.965,0.004,0.2614,1.406,81.08,0.00034,29.0,0.7826,35.873,0.035,-0.122,0.26,85.0,,2,Copernicus CAMS via Open-Meteo,Sheikhupura_Winter_Peak_2023-12-10
Sheikhupura,Autumn_Harvest,10,19.3,84.0,12.0,986.5,9,82.299,5.729,0.753,0.2442,0.772,75.019,10.857,0.0,0.3288,1.287,82.299,0.00023,13.0,0.7165,6.739,0.018,-0.165,0.56,26.0,,0,Copernicus CAMS via Open-Meteo,Sheikhupura_Autumn_Harvest_2023-10-15
Sheikhupura,Summer,6,32.3,56.0,10.9,977.5,0,169.945,6.193,-2.841,0.0762,0.975,24.811,6.177,0.0,0.0433,7.596,169.942,4e-05,17.0,0.9677,3.972,0.242,-0.016,0.66,29.6,,0,Copernicus CAMS via Open-Meteo,Sheikhupura_Summer_2023-06-15
Sheikhupura,Monsoon,7,28.8,86.0,3.4,979.1,0,151.437,16.257,-0.056,0.1523,1.054,133.939,22.331,0.0513,0.103,3.953,135.974,0.00042,53.0,1.1137,88.6,0.247,0.054,0.59,71.7,,1,Copernicus CAMS via Open-Meteo,Sheikhupura_Monsoon_2023-07-25
Sheikhupura,Winter_Peak,12,9.7,88.0,7.5,989.3,9,78.478,8.415,0.628,0.2748,0.854,41.954,22.478,0.0015,0.2324,1.447,78.478,0.00021,28.0,0.8188,27.815,0.04,-0.1,0.33,95.0,,2,Copernicus CAMS via Open-Meteo,Sheikhupura_Winter_Peak_2023-12-10
Sheikhupura,Autumn_Harvest,9,33.9,46.0,4.7,982.9,11,106.864,3.492,1.172,0.2362,0.917,15.61,5.177,0.0,0.133,2.659,106.864,4e-05,12.0,0.8928,1.698,0.104,-0.057,0.55,47.3,,1,Copernicus CAMS via Open-Meteo,Sheikhupura_Autumn_Harvest_2024-09-18
Sheikhupura,Summer,6,26.3,38.0,7.6,976.9,1,77.822,6.006,-0.177,0.324,0.758,21.26,8.689,0.0,0.3384,1.199,77.822,8e-05,15.0,0.6622,4.368,-0.005,-0.203,0.23,24.3,,0,Copernicus CAMS via Open-Meteo,Sheikhupura_Summer_2024-06-10
Sheikhupura,Monsoon,8,34.3,64.0,3.3,975.4,0,96.142,18.574,1.856,0.1968,0.921,42.78,25.373,0.0071,0.1631,2.355,95.85,0.00021,42.0,0.9312,43.394,0.095,-0.036,0.73,47.5,,1,Copernicus CAMS via Open-Meteo,Sheikhupura_Monsoon_2023-08-05
Sheikhupura,Monsoon,8,29.5,86.0,3.3,977.6,2,91.566,17.725,1.652,0.2168,0.895,56.738,27.002,0.0123,0.2022,1.955,91.498,0.00029,43.0,0.9017,49.495,0.08,-0.052,0.8,62.4,,1,Copernicus CAMS via Open-Meteo,Sheikhupura_Monsoon_2023-08-05
Sheikhupura,Summer,6,28.1,72.0,5.1,977.5,0,174.3,4.732,-0.708,0.2454,0.994,69.321,8.915,0.0,0.0302,9.028,172.73,0.0001,8.0,0.9984,5.288,0.261,-0.001,0.62,43.1,,1,Copernicus CAMS via Open-Meteo,Sheikhupura_Summer_2023-06-15
Sheikhupura,Monsoon,7,27.6,93.0,6.0,977.1,3,146.191,15.551,0.082,0.1523,0.992,181.151,25.286,0.0504,0.0787,4.896,141.915,0.00048,54.0,1.0288,89.958,0.215,0.014,0.97,46.1,,1,Copernicus CAMS via Open-Meteo,Sheikhupura_Monsoon_2023-07-25
Sheikhupura,Winter_Peak,1,8.5,88.0,2.4,995.8,7,170.48,1.717,-0.096,0.2695,1.023,26.114,5.112,0.0,0.0394,7.617,163.794,4e-05,3.0,1.0356,1.469,0.266,0.018,1.16,137.8,,2,Copernicus CAMS via Open-Meteo,Sheikhupura_Winter_Peak_2024-01-05
Sheikhupura,Monsoon,8,26.7,92.0,5.0,978.7,1,135.355,15.39,2.358,0.1471,0.988,90.676,16.328,0.0044,0.0522,5.756,133.593,0.00026,51.0,0.9949,33.871,0.184,-0.003,0.67,67.1,,1,Copernicus CAMS via Open-Meteo,Sheikhupura_Monsoon_2024-08-25
Sheikhupura,Monsoon,8,26.2,78.0,6.4,979.9,0,86.546,10.176,0.411,0.3116,0.824,69.381,10.276,0.0,0.2892,1.46,86.546,0.00023,24.0,0.807,6.392,0.049,-0.107,0.49,54.8,,1,Copernicus CAMS via Open-Meteo,Sheikhupura_Monsoon_2023-08-30
Sheikhupura,Monsoon,8,25.4,98.0,5.9,978.9,3,91.064,17.344,1.49,0.2402,0.902,90.041,29.159,0.0139,0.1992,1.963,90.832,0.00039,44.0,0.918,55.085,0.083,-0.043,0.77,35.5,,1,Copernicus CAMS via Open-Meteo,Sheikhupura_Monsoon_2023-08-05
Sheikhupura,Autumn_Harvest,10,19.7,73.0,5.9,987.0,6,103.532,3.745,0.423,0.2712,0.863,18.695,6.403,0.0,0.2012,2.035,103.532,5e-05,10.0,0.8089,2.586,0.075,-0.106,0.32,37.6,,1,Copernicus CAMS via Open-Meteo,Sheikhupura_Autumn_Harvest_2024-10-15
Sheikhupura,Monsoon,8,26.7,92.0,2.5,978.4,2,79.669,15.233,1.608,0.2061,0.895,89.383,24.034,0.0098,0.2268,1.559,79.232,0.00047,37.0,0.9324,38.999,0.065,-0.035,0.56,34.7,,0,Copernicus CAMS via Open-Meteo,Sheikhupura_Monsoon_2023-08-05
Sheikhupura,Winter_Peak,12,22.0,51.0,10.7,993.3,10,90.03,9.897,0.695,0.2706,0.962,70.232,19.321,0.0,0.0888,3.086,89.144,0.00036,26.0,0.9327,20.2,0.084,-0.035,0.55,62.9,,1,Copernicus CAMS via Open-Meteo,Sheikhupura_Winter_Peak_2023-12-01
Sheikhupura,Winter_Peak,1,6.3,96.0,9.0,990.8,9,193.057,2.018,0.002,0.2344,0.992,38.181,5.991,0.0,0.0263,10.387,192.14,4e-05,5.0,0.9974,1.886,0.298,-0.001,0.66,158.8,,3,Copernicus CAMS via Open-Meteo,Sheikhupura_Winter_Peak_2024-01-15
Sheikhupura,Winter_Peak,11,25.9,48.0,3.5,988.9,10,112.179,2.547,0.105,0.2883,1.008,26.434,5.93,0.0,0.0473,4.769,108.417,9e-05,7.0,0.9903,1.94,0.138,-0.005,0.12,35.5,,1,Copernicus CAMS via Open-Meteo,Sheikhupura_Winter_Peak_2024-11-01
Sheikhupura,Monsoon,7,31.0,75.0,3.6,976.7,2,151.423,6.832,0.608,0.3083,1.022,59.455,9.577,0.0,0.0765,4.939,141.333,0.00011,16.0,1.0712,6.203,0.237,0.034,0.91,117.3,,2,Copernicus CAMS via Open-Meteo,Sheikhupura_Monsoon_2024-07-10
Sheikhupura,Autumn_Harvest,9,26.8,78.0,5.2,982.4,9,178.749,2.793,0.013,0.2632,0.999,69.824,8.178,0.0,0.026,9.652,176.52,9e-05,6.0,1.002,3.54,0.271,0.001,0.46,35.2,,1,Copernicus CAMS via Open-Meteo,Sheikhupura_Autumn_Harvest_2023-09-25
Sheikhupura,Monsoon,8,31.6,73.0,4.8,979.0,0,130.638,26.825,0.099,0.3179,1.026,84.045,14.635,0.0,0.088,4.503,121.521,0.00029,84.0,1.0637,16.512,0.191,0.031,0.76,77.1,,2,Copernicus CAMS via Open-Meteo,Sheikhupura_Monsoon_2023-08-20
Sheikhupura,Monsoon,8,28.7,84.0,5.3,977.5,2,110.932,11.222,2.632,0.1488,0.916,33.676,12.614,0.004,0.1688,2.412,110.931,0.00015,38.0,0.9305,22.461,0.121,-0.036,0.77,77.8,,2,Copernicus CAMS via Open-Meteo,Sheikhupura_Monsoon_2024-08-25
Sheikhupura,Winter_Peak,12,19.7,50.0,3.4,993.3,6,61.553,9.236,0.706,0.2543,0.916,59.958,26.496,0.0628,0.1725,1.405,61.233,0.00058,28.0,0.9223,35.492,0.031,-0.04,0.17,37.8,,1,Copernicus CAMS via Open-Meteo,Sheikhupura_Winter_Peak_2023-12-20
Sheikhupura,Summer,6,30.4,24.0,9.0,976.3,1,75.152,5.757,-0.219,0.2784,0.744,51.286,9.975,0.0,0.3781,1.116,75.152,0.00019,14.0,0.6222,5.485,-0.022,-0.233,0.15,22.9,,0,Copernicus CAMS via Open-Meteo,Sheikhupura_Summer_2024-06-10
Sheikhupura,Summer,5,31.2,44.0,16.1,982.1,1,119.56,26.813,-0.363,0.3074,0.986,272.258,43.835,0.0827,0.0544,5.247,118.099,0.00104,98.0,0.9726,162.423,0.148,-0.014,0.8,40.3,,1,Copernicus CAMS via Open-Meteo,Sheikhupura_Summer_2023-05-25
Sheikhupura,Autumn_Harvest,10,25.1,62.0,7.1,988.3,11,77.75,5.107,1.127,0.2284,0.771,29.037,8.141,0.0,0.321,1.226,77.75,0.0001,12.0,0.6806,4.025,0.001,-0.19,0.53,35.7,,1,Copernicus CAMS via Open-Meteo,Sheikhupura_Autumn_Harvest_2023-10-15
Sheikhupura,Winter_Peak,12,22.0,40.0,9.7,988.1,13,80.693,8.8,0.541,0.2606,0.914,92.084,23.915,0.0042,0.1508,1.977,80.599,0.00048,26.0,0.891,29.073,0.059,-0.058,0.21,32.2,,0,Copernicus CAMS via Open-Meteo,Sheikhupura_Winter_Peak_2023-12-10
Sheikhupura,Summer,5,35.9,13.0,4.9,968.6,0,62.459,8.871,1.361,0.2604,0.717,42.297,23.526,0.0113,0.4398,0.9,62.459,0.00025,24.0,0.5625,33.318,-0.053,-0.28,0.12,32.1,,0,Copernicus CAMS via Open-Meteo,Sheikhupura_Summer_2024-05-28
Sheikhupura,Summer,6,23.1,62.0,6.6,979.1,2,100.515,6.769,-0.138,0.345,0.882,59.459,11.811,0.0,0.2245,1.884,100.502,0.00018,15.0,0.7759,8.354,0.06,-0.126,0.32,24.4,,0,Copernicus CAMS via Open-Meteo,Sheikhupura_Summer_2023-06-05
Sheikhupura,Monsoon,8,28.7,84.0,5.3,977.5,0,133.571,13.751,2.56,0.1487,0.988,63.366,15.12,0.0049,0.1595,2.87,124.226,0.0002,43.0,1.075,26.991,0.2,0.036,0.77,77.8,,2,Copernicus CAMS via Open-Meteo,Sheikhupura_Monsoon_2024-08-25
Sheikhupura,Autumn_Harvest,9,34.9,39.0,9.8,980.4,9,110.948,3.613,1.091,0.2561,0.911,24.057,6.156,0.0,0.1793,2.326,110.947,6e-05,12.0,0.9305,2.243,0.121,-0.036,0.52,43.3,,1,Copernicus CAMS via Open-Meteo,Sheikhupura_Autumn_Harvest_2024-09-18
Sheikhupura,Monsoon,8,27.9,92.0,4.3,977.9,1,118.583,22.055,1.071,0.2602,0.977,39.869,12.944,0.0008,0.0962,4.047,116.375,0.00017,60.0,1.0093,16.747,0.155,0.005,0.42,32.6,,0,Copernicus CAMS via Open-Meteo,Sheikhupura_Monsoon_2024-08-05
Sheikhupura,Winter_Peak,11,15.1,73.0,7.8,993.2,23,138.55,4.504,-0.21,0.3529,1.013,31.659,6.579,0.0,0.0385,6.395,134.06,7e-05,12.0,1.0072,2.485,0.194,0.004,0.55,89.2,,2,Copernicus CAMS via Open-Meteo,Sheikhupura_Winter_Peak_2023-11-20
Sheikhupura,Monsoon,8,32.6,69.0,6.6,979.1,0,107.162,19.777,0.971,0.2643,0.931,45.722,13.19,0.0005,0.1395,2.817,107.09,0.00021,58.0,0.9375,17.558,0.116,-0.032,0.69,37.6,,1,Copernicus CAMS via Open-Meteo,Sheikhupura_Monsoon_2024-08-05
Sheikhupura,Monsoon,8,33.0,69.0,1.8,978.3,1,128.972,23.47,1.085,0.2545,0.996,60.523,14.822,0.0008,0.1394,3.15,120.296,0.0002,64.0,1.0714,22.489,0.19,0.034,0.88,29.8,,0,Copernicus CAMS via Open-Meteo,Sheikhupura_Monsoon_2024-08-05
Sheikhupura,Monsoon,7,28.1,85.0,5.1,979.6,0,139.105,14.56,0.031,0.1487,0.975,182.984,24.619,0.0476,0.063,5.437,138.305,0.0005,48.0,0.9831,88.876,0.188,-0.008,1.13,37.0,,1,Copernicus CAMS via Open-Meteo,Sheikhupura_Monsoon_2023-07-25
Sheikhupura,Autumn_Harvest,9,34.1,64.0,9.8,982.4,10,126.91,28.606,-0.288,0.2323,1.007,94.943,15.752,0.0086,0.086,4.465,120.658,0.00035,108.0,1.0508,43.554,0.181,0.025,0.87,47.6,,1,Copernicus CAMS via Open-Meteo,Sheikhupura_Autumn_Harvest_2023-09-15
Sheikhupura,Winter_Peak,12,7.2,95.0,10.6,993.8,15,61.817,9.223,0.708,0.2614,0.899,63.574,26.194,0.0536,0.2128,1.231,61.426,0.00056,28.0,0.9261,36.402,0.032,-0.038,0.13,63.3,,1,Copernicus CAMS via Open-Meteo,Sheikhupura_Winter_Peak_2023-12-20
Sheikhupura,Autumn_Harvest,9,24.8,87.0,13.6,983.2,12,48.574,2.767,0.005,0.3688,0.983,70.957,8.131,0.0,0.0944,1.575,46.953,0.00115,7.0,0.9623,3.475,0.012,-0.019,0.64,15.2,,0,Copernicus CAMS via Open-Meteo,Sheikhupura_Autumn_Harvest_2024-09-28
Sheikhupura,Monsoon,7,31.7,70.0,4.9,980.1,0,149.521,6.752,0.576,0.3126,0.991,57.977,9.761,0.0,0.0378,7.18,147.965,0.00011,16.0,0.9942,6.612,0.211,-0.003,1.44,54.5,,1,Copernicus CAMS via Open-Meteo,Sheikhupura_Monsoon_2024-07-10
Sheikhupura,Monsoon,8,27.4,93.0,3.9,977.9,1,109.785,19.868,1.116,0.2503,0.972,20.83,11.62,0.0005,0.0884,4.009,108.774,0.00011,55.0,0.9948,14.118,0.134,-0.003,0.58,24.0,,0,Copernicus CAMS via Open-Meteo,Sheikhupura_Monsoon_2024-08-05
Sheikhupura,Monsoon,7,28.6,81.0,6.1,977.2,2,171.51,11.139,-0.328,0.2593,1.019,53.884,12.165,0.0,0.0627,6.301,162.019,0.0001,45.0,1.0585,15.681,0.275,0.028,0.88,60.5,,1,Copernicus CAMS via Open-Meteo,Sheikhupura_Monsoon_2023-07-15
Sheikhupura,Autumn_Harvest,10,23.1,73.0,8.7,988.1,13,76.889,4.966,1.126,0.2342,0.77,26.23,7.97,0.0,0.324,1.207,76.889,0.0001,11.0,0.6771,3.796,-0.001,-0.193,0.52,34.6,,0,Copernicus CAMS via Open-Meteo,Sheikhupura_Autumn_Harvest_2023-10-15
Sheikhupura,Monsoon,8,32.2,59.0,8.2,980.5,1,98.449,12.038,0.676,0.2975,0.885,46.971,9.611,0.0,0.2167,2.015,98.447,0.00015,26.0,0.8935,6.008,0.09,-0.056,0.34,38.6,,1,Copernicus CAMS via Open-Meteo,Sheikhupura_Monsoon_2023-08-30
Sheikhupura,Monsoon,7,30.5,78.0,7.5,969.9,1,101.315,11.356,0.051,0.3166,0.933,57.214,17.248,0.0002,0.1198,3.089,100.85,0.00021,23.0,0.9019,17.072,0.097,-0.052,1.23,44.7,,1,Copernicus CAMS via Open-Meteo,Sheikhupura_Monsoon_2024-07-25
Sheikhupura,Autumn_Harvest,10,22.1,64.0,1.5,983.8,16,97.052,6.933,0.338,0.2981,0.823,64.459,8.94,0.0,0.2547,1.718,97.052,0.00017,12.0,0.7525,4.481,0.048,-0.141,0.32,68.2,,1,Copernicus CAMS via Open-Meteo,Sheikhupura_Autumn_Harvest_2023-10-05
Sheikhupura,Winter_Peak,11,14.4,94.0,8.6,994.3,11,141.522,15.697,0.826,0.2318,1.022,44.9,13.069,0.0022,0.0809,4.469,131.797,0.00013,49.0,1.0735,23.175,0.216,0.035,1.43,77.3,,2,Copernicus CAMS via Open-Meteo,Sheikhupura_Winter_Peak_2023-11-30
Sheikhupura,Winter_Peak,11,18.2,78.0,10.3,993.6,15,135.883,15.229,0.82,0.2389,0.993,57.859,13.768,0.0019,0.0477,5.963,133.555,0.00015,49.0,1.0044,23.259,0.188,0.002,1.4,64.7,,1,Copernicus CAMS via Open-Meteo,Sheikhupura_Winter_Peak_2023-11-30
Sheikhupura,Winter_Peak,1,4.7,96.0,3.2,993.4,6,192.955,1.37,-0.228,0.336,1.011,16.503,4.081,0.0,0.0573,7.194,184.364,2e-05,3.0,0.987,1.02,0.293,-0.007,1.21,141.6,,2,Copernicus CAMS via Open-Meteo,Sheikhupura_Winter_Peak_2024-01-05
Sheikhupura,Summer,5,29.9,48.0,7.4,980.2,2,131.984,29.083,-0.325,0.299,0.956,355.28,49.973,0.0829,0.0855,4.527,131.694,0.00104,109.0,0.9223,209.096,0.157,-0.04,0.6,33.9,,0,Copernicus CAMS via Open-Meteo,Sheikhupura_Summer_2023-05-25
Sheikhupura,Monsoon,7,33.2,66.0,4.6,978.3,1,158.388,16.976,0.057,0.1524,1.002,213.815,27.519,0.0497,0.0349,7.904,155.405,0.00048,58.0,1.0129,105.429,0.235,0.006,0.75,38.5,,1,Copernicus CAMS via Open-Meteo,Sheikhupura_Monsoon_2023-07-25
Sheikhupura,Autumn_Harvest,9,30.2,67.0,4.3,983.0,10,187.426,1.873,-0.025,0.2745,0.999,31.286,5.536,0.0,0.0168,11.314,186.091,4e-05,4.0,0.9947,1.699,0.286,-0.003,0.66,28.1,,0,Copernicus CAMS via Open-Meteo,Sheikhupura_Autumn_Harvest_2023-09-25
Sheikhupura,Winter_Peak,12,10.3,87.0,7.9,989.8,15,75.278,8.095,0.585,0.2626,0.872,75.087,23.06,0.0019,0.2398,1.377,75.23,0.00039,26.0,0.8858,27.704,0.049,-0.061,0.35,104.3,,2,Copernicus CAMS via Open-Meteo,Sheikhupura_Winter_Peak_2023-12-10
Sheikhupura,Summer,4,18.1,85.0,9.7,980.6,0,38.813,4.673,0.384,0.2545,0.584,33.345,9.828,0.0,0.5504,0.568,38.813,0.00026,14.0,0.4493,5.494,-0.097,-0.38,0.34,38.1,,1,Copernicus CAMS via Open-Meteo,Sheikhupura_Summer_2024-04-20
Sheikhupura,Winter_Peak,11,17.3,77.0,8.3,985.5,14,109.813,3.23,0.068,0.2953,0.957,58.884,8.26,0.0,0.0816,3.724,109.693,0.00018,8.0,0.9535,3.667,0.125,-0.024,0.09,35.7,,1,Copernicus CAMS via Open-Meteo,Sheikhupura_Winter_Peak_2024-11-01
Sheikhupura,Monsoon,7,36.0,51.0,8.4,967.6,3,90.746,10.219,0.061,0.3306,0.923,29.66,15.021,0.0004,0.1416,2.403,90.362,0.00013,20.0,0.9128,13.662,0.081,-0.046,1.16,57.6,,1,Copernicus CAMS via Open-Meteo,Sheikhupura_Monsoon_2024-07-25
Sheikhupura,Summer,6,31.1,42.0,7.2,970.0,2,110.691,9.835,2.894,0.1438,0.878,43.924,8.976,0.0029,0.2153,2.117,110.691,0.00013,26.0,0.7855,11.761,0.078,-0.12,0.56,45.1,,1,Copernicus CAMS via Open-Meteo,Sheikhupura_Summer_2024-06-20
Sheikhupura,Summer,6,33.0,22.0,6.4,976.6,2,71.518,5.986,-0.135,0.3095,0.746,69.838,10.949,0.0,0.3563,1.084,71.518,0.00026,15.0,0.6808,6.395,-0.006,-0.19,0.16,19.6,,0,Copernicus CAMS via Open-Meteo,Sheikhupura_Summer_2024-06-10
Sheikhupura,Winter_Peak,1,12.4,78.0,3.6,992.0,15,192.048,1.67,-0.021,0.3939,0.961,26.939,4.972,0.0,0.0737,6.622,192.048,3e-05,3.0,0.9603,1.318,0.281,-0.02,1.16,104.5,,2,Copernicus CAMS via Open-Meteo,Sheikhupura_Winter_Peak_2024-01-15
Sheikhupura,Summer,5,26.7,35.0,8.6,978.8,2,89.503,22.201,1.586,0.202,0.883,97.046,27.148,0.0224,0.2074,2.082,89.21,0.00059,56.0,0.8043,62.065,0.053,-0.108,0.38,25.0,,0,Copernicus CAMS via Open-Meteo,Sheikhupura_Summer_2024-05-18
Sheikhupura,Winter_Peak,12,12.1,95.0,7.2,994.8,12,92.264,9.484,0.655,0.2449,0.939,38.997,18.668,0.0,0.1316,2.42,91.724,0.00019,28.0,0.9518,20.095,0.092,-0.025,0.81,65.4,,1,Copernicus CAMS via Open-Meteo,Sheikhupura_Winter_Peak_2023-12-01
Sheikhupura,Summer,6,38.4,34.0,8.4,971.7,1,129.781,11.237,2.95,0.1367,0.846,51.775,10.117,0.0025,0.2325,2.374,129.781,0.0001,32.0,0.7684,15.774,0.098,-0.131,0.54,44.9,,1,Copernicus CAMS via Open-Meteo,Sheikhupura_Summer_2024-06-20
Sheikhupura,Winter_Peak,11,19.0,70.0,7.6,985.9,11,118.228,2.727,0.108,0.3018,0.987,24.623,6.021,0.0,0.039,5.601,117.574,7e-05,8.0,0.9669,2.022,0.144,-0.017,0.09,39.0,,1,Copernicus CAMS via Open-Meteo,Sheikhupura_Winter_Peak_2024-11-01
Sheikhupura,Monsoon,8,28.4,86.0,9.0,976.7,0,132.459,24.729,0.977,0.2725,0.984,76.139,15.177,0.0005,0.0631,5.331,130.377,0.00023,66.0,0.9737,21.877,0.173,-0.013,0.65,44.8,,1,Copernicus CAMS via Open-Meteo,Sheikhupura_Monsoon_2024-08-05
Sheikhupura,Winter_Peak,11,25.9,56.0,4.3,991.5,16,150.308,5.332,-1.047,0.4127,0.987,15.442,4.537,0.0,0.0258,8.151,150.166,4e-05,19.0,0.9828,1.198,0.21,-0.009,0.44,53.8,,1,Copernicus CAMS via Open-Meteo,Sheikhupura_Winter_Peak_2023-11-05
Sheikhupura,Summer,5,31.7,26.0,6.0,977.3,1,86.047,21.679,1.567,0.2047,0.831,185.602,30.592,0.0296,0.2706,1.653,86.04,0.00088,60.0,0.7381,74.006,0.029,-0.151,0.44,31.3,,0,Copernicus CAMS via Open-Meteo,Sheikhupura_Summer_2024-05-18
Sheikhupura,Winter_Peak,11,23.5,44.0,6.7,989.9,3,115.033,3.919,0.248,0.3387,1.022,80.167,9.796,0.0,0.0986,3.269,106.052,0.00025,10.0,1.0842,5.284,0.163,0.04,0.28,29.0,,0,Copernicus CAMS via Open-Meteo,Sheikhupura_Winter_Peak_2024-11-25
Sheikhupura,Summer,4,19.0,83.0,7.7,981.0,1,40.214,4.786,0.425,0.2819,0.577,25.325,9.87,0.0,0.5567,0.59,40.214,0.00018,14.0,0.4432,5.427,-0.1,-0.386,0.27,37.4,,1,Copernicus CAMS via Open-Meteo,Sheikhupura_Summer_2024-04-20
Sheikhupura,Monsoon,7,30.3,74.0,8.3,978.8,0,138.49,6.561,0.7,0.2959,0.945,40.237,8.876,0.0,0.1151,3.775,138.347,8e-05,17.0,0.9564,5.3,0.179,-0.022,0.84,59.5,,1,Copernicus CAMS via Open-Meteo,Sheikhupura_Monsoon_2024-07-10
Sheikhupura,Autumn_Harvest,10,30.2,48.0,4.9,991.5,15,172.545,3.813,-0.055,0.3285,1.015,52.106,7.254,0.0,0.0444,7.457,165.818,8e-05,11.0,1.0056,2.805,0.26,0.003,0.91,76.6,,2,Copernicus CAMS via Open-Meteo,Sheikhupura_Autumn_Harvest_2024-10-22
Sheikhupura,Autumn_Harvest,9,35.2,60.0,8.7,981.7,12,143.805,34.62,-0.308,0.2126,1.063,118.02,16.956,0.009,0.1379,3.243,125.133,0.00041,125.0,1.149,47.742,0.239,0.069,0.85,48.5,,1,Copernicus CAMS via Open-Meteo,Sheikhupura_Autumn_Harvest_2023-09-15
Sheikhupura,Monsoon,8,27.5,90.0,5.9,979.4,0,85.938,16.271,1.538,0.2123,0.91,61.805,25.971,0.0127,0.1919,1.892,85.62,0.00032,40.0,0.9341,43.351,0.077,-0.034,0.56,35.0,,0,Copernicus CAMS via Open-Meteo,Sheikhupura_Monsoon_2023-08-05
Sheikhupura,Monsoon,7,31.4,78.0,3.8,976.6,1,128.359,5.968,0.743,0.2736,0.974,22.488,7.241,0.0,0.0845,4.098,127.016,6e-05,14.0,0.9998,3.985,0.172,-0.0,0.97,109.7,,2,Copernicus CAMS via Open-Meteo,Sheikhupura_Monsoon_2024-07-10
Sheikhupura,Monsoon,8,26.4,94.0,4.0,978.5,0,129.756,14.318,2.415,0.1559,1.013,88.278,15.644,0.0049,0.1322,3.12,118.431,0.00028,45.0,1.0955,29.106,0.197,0.046,0.73,65.2,,1,Copernicus CAMS via Open-Meteo,Sheikhupura_Monsoon_2024-08-25
Sheikhupura,Autumn_Harvest,10,31.6,38.0,6.8,987.1,14,107.589,4.492,0.281,0.3174,0.876,63.85,9.222,0.0,0.1872,2.22,107.589,0.00016,11.0,0.8305,4.836,0.088,-0.093,0.31,39.3,,1,Copernicus CAMS via Open-Meteo,Sheikhupura_Autumn_Harvest_2024-10-15
Sheikhupura,Monsoon,8,34.7,59.0,6.8,978.1,1,78.037,15.245,1.699,0.2165,0.841,32.086,24.533,0.0096,0.2865,1.321,78.037,0.00022,40.0,0.8512,40.722,0.046,-0.08,0.73,47.0,,1,Copernicus CAMS via Open-Meteo,Sheikhupura_Monsoon_2023-08-05
Sheikhupura,Summer,5,15.2,68.0,8.5,979.2,0,71.615,11.403,1.762,0.2513,0.713,71.48,31.858,0.0136,0.4217,1.048,71.615,0.00033,32.0,0.5806,59.789,-0.041,-0.265,0.23,23.9,,0,Copernicus CAMS via Open-Meteo,Sheikhupura_Summer_2024-05-01
Sheikhupura,Winter_Peak,11,20.3,61.0,4.6,995.9,12,137.177,4.272,-0.351,0.3248,0.981,14.622,5.34,0.0,0.0485,5.824,136.663,3e-05,12.0,0.9892,1.715,0.186,-0.005,0.79,84.1,,2,Copernicus CAMS via Open-Meteo,Sheikhupura_Winter_Peak_2023-11-20
Sheikhupura,Winter_Peak,11,15.2,92.0,7.9,989.8,5,142.777,15.828,0.825,0.2362,1.014,37.211,12.701,0.0025,0.0518,5.872,136.724,0.00011,50.0,1.0426,22.25,0.211,0.021,1.31,97.1,,2,Copernicus CAMS via Open-Meteo,Sheikhupura_Winter_Peak_2023-11-30
Sheikhupura,Monsoon,7,35.4,53.0,6.1,973.5,1,193.699,12.909,-0.375,0.2556,1.018,75.426,13.844,0.0,0.044,8.649,185.895,0.0001,51.0,1.04,19.722,0.314,0.02,1.14,53.4,,1,Copernicus CAMS via Open-Meteo,Sheikhupura_Monsoon_2023-07-15
Sheikhupura,Monsoon,8,36.0,43.0,5.2,979.3,1,79.25,9.775,0.49,0.2942,0.84,72.678,10.296,0.0,0.2637,1.417,79.25,0.0003,22.0,0.8194,6.435,0.041,-0.099,0.43,37.8,,1,Copernicus CAMS via Open-Meteo,Sheikhupura_Monsoon_2023-08-30
Sheikhupura,Summer,6,28.3,33.0,10.1,976.3,0,77.735,6.456,-0.139,0.3322,0.716,47.496,10.714,0.0,0.4004,1.137,77.735,0.00015,17.0,0.6,6.182,-0.029,-0.25,0.21,28.1,,0,Copernicus CAMS via Open-Meteo,Sheikhupura_Summer_2024-06-10
Sheikhupura,Autumn_Harvest,10,25.8,58.0,6.6,989.1,12,157.76,3.73,-0.007,0.3349,1.026,60.556,7.739,0.0,0.0484,6.566,150.264,0.00011,11.0,1.044,3.166,0.242,0.022,1.2,134.6,,2,Copernicus CAMS via Open-Meteo,Sheikhupura_Autumn_Harvest_2024-10-22
Sheikhupura,Summer,6,34.8,27.0,2.5,978.1,2,98.996,6.847,-0.157,0.3224,0.879,63.922,12.373,0.0,0.184,2.096,98.996,0.00019,16.0,0.8219,8.894,0.072,-0.098,0.55,19.3,,0,Copernicus CAMS via Open-Meteo,Sheikhupura_Summer_2023-06-05
Sheikhupura,Summer,5,43.5,11.0,7.0,969.4,0,68.016,9.843,1.383,0.2584,0.739,55.463,24.798,0.0107,0.3777,1.018,68.016,0.00027,27.0,0.6248,38.559,-0.027,-0.231,0.17,10.2,,0,Copernicus CAMS via Open-Meteo,Sheikhupura_Summer_2024-05-28
Sheikhupura,Winter_Peak,12,8.0,98.0,5.4,994.8,13,59.029,9.014,0.721,0.2668,0.834,81.971,29.328,0.0694,0.2671,1.026,59.026,0.0007,30.0,0.8011,42.901,0.007,-0.11,0.18,92.2,,2,Copernicus CAMS via Open-Meteo,Sheikhupura_Winter_Peak_2023-12-20
Sheikhupura,Winter_Peak,12,7.7,93.0,10.8,993.9,12,57.952,8.962,0.659,0.2668,0.869,96.795,27.43,0.0671,0.2604,1.03,57.636,0.00085,29.0,0.8995,39.193,0.021,-0.053,0.14,65.4,,1,Copernicus CAMS via Open-Meteo,Sheikhupura_Winter_Peak_2023-12-20
Sheikhupura,Autumn_Harvest,9,27.4,75.0,5.5,981.9,11,55.035,1.059,0.015,0.3235,1.032,12.136,3.352,0.0,0.0575,2.109,51.892,0.00017,2.0,1.0512,0.595,0.033,0.025,0.4,40.0,,1,Copernicus CAMS via Open-Meteo,Sheikhupura_Autumn_Harvest_2024-09-28
Sheikhupura,Autumn_Harvest,10,24.1,69.0,9.2,989.7,12,71.268,6.366,0.157,0.276,0.764,85.783,14.963,0.0,0.3517,1.09,71.268,0.00036,16.0,0.6483,13.074,-0.016,-0.213,0.17,27.9,,0,Copernicus CAMS via Open-Meteo,Sheikhupura_Autumn_Harvest_2023-10-25
Sheikhupura,Monsoon,8,33.9,57.0,4.3,978.7,1,123.487,12.276,2.585,0.1528,1.0,64.383,13.823,0.0035,0.0992,3.708,117.068,0.00024,37.0,1.0534,21.219,0.174,0.026,0.89,46.3,,1,Copernicus CAMS via Open-Meteo,Sheikhupura_Monsoon_2024-08-25
Sheikhupura,Autumn_Harvest,10,24.1,69.0,9.2,989.7,9,86.781,6.899,0.251,0.2506,0.782,29.058,15.728,0.0,0.3446,1.331,86.781,0.0001,17.0,0.6556,13.903,0.001,-0.208,0.17,27.9,,0,Copernicus CAMS via Open-Meteo,Sheikhupura_Autumn_Harvest_2023-10-25
Sheikhupura,Summer,6,30.4,24.0,9.0,976.3,0,70.948,5.851,-0.162,0.3318,0.772,46.198,9.537,0.0,0.3297,1.108,70.948,0.0002,13.0,0.6709,4.986,-0.009,-0.197,0.15,22.9,,0,Copernicus CAMS via Open-Meteo,Sheikhupura_Summer_2024-06-10
Sheikhupura,Winter_Peak,12,12.2,56.0,8.7,989.0,7,104.552,7.328,0.349,0.27,1.013,62.405,12.464,0.0,0.1075,2.918,96.902,0.00025,21.0,1.0774,9.934,0.14,0.037,0.07,49.9,,1,Copernicus CAMS via Open-Meteo,Sheikhupura_Winter_Peak_2024-12-05
Sheikhupura,Autumn_Harvest,9,29.5,76.0,10.6,976.4,9,110.229,9.539,0.25,0.3116,0.983,72.463,15.755,0.0,0.2352,1.88,98.072,0.00022,26.0,1.1231,15.692,0.16,0.058,0.73,48.9,,1,Copernicus CAMS via Open-Meteo,Sheikhupura_Autumn_Harvest_2024-09-10
Sheikhupura,Winter_Peak,1,9.6,92.0,2.7,995.3,13,208.761,2.029,-0.117,0.3528,1.061,35.801,5.926,0.0,0.1091,5.175,185.98,4e-05,4.0,1.1225,1.989,0.374,0.058,1.23,136.9,,2,Copernicus CAMS via Open-Meteo,Sheikhupura_Winter_Peak_2024-01-05
Sheikhupura,Autumn_Harvest,10,17.1,77.0,8.0,989.4,11,70.207,5.818,0.208,0.2477,0.762,43.966,13.921,0.0,0.331,1.095,70.207,0.00019,15.0,0.6725,10.95,-0.009,-0.196,0.18,46.8,,1,Copernicus CAMS via Open-Meteo,Sheikhupura_Autumn_Harvest_2023-10-25
Sheikhupura,Autumn_Harvest,10,24.1,62.0,6.2,985.4,7,74.354,4.755,0.983,0.2692,0.789,18.814,7.353,0.0,0.3256,1.164,74.354,8e-05,10.0,0.6742,3.325,-0.005,-0.195,0.4,39.8,,1,Copernicus CAMS via Open-Meteo,Sheikhupura_Autumn_Harvest_2023-10-15
Sheikhupura,Summer,6,28.2,71.0,14.4,973.4,1,118.462,11.298,2.667,0.135,0.951,77.361,11.358,0.004,0.0898,3.922,118.285,0.00023,29.0,0.9155,15.897,0.131,-0.044,0.45,39.8,,1,Copernicus CAMS via Open-Meteo,Sheikhupura_Summer_2024-06-20
Sheikhupura,Monsoon,7,31.1,68.0,2.7,975.0,0,180.558,11.743,-0.31,0.2631,1.01,70.527,13.066,0.0,0.0324,9.159,175.851,0.00011,47.0,1.0179,17.174,0.28,0.009,1.23,58.1,,1,Copernicus CAMS via Open-Meteo,Sheikhupura_Monsoon_2023-07-15
Sheikhupura,Winter_Peak,11,11.7,91.0,4.8,989.6,20,128.878,3.658,0.366,0.3062,1.013,50.751,8.588,0.0,0.0768,4.229,121.506,0.00013,10.0,1.0604,4.113,0.187,0.029,0.44,112.5,,2,Copernicus CAMS via Open-Meteo,Sheikhupura_Winter_Peak_2024-11-25
Sheikhupura,Summer,6,31.5,57.0,5.5,973.3,0,133.552,12.015,2.817,0.145,0.944,73.011,11.15,0.0031,0.1004,4.118,133.467,0.00017,30.0,0.9022,16.205,0.153,-0.051,0.5,34.1,,0,Copernicus CAMS via Open-Meteo,Sheikhupura_Summer_2024-06-20
Sheikhupura,Autumn_Harvest,10,25.4,54.0,5.4,985.5,6,120.692,4.225,0.423,0.3102,0.893,17.571,6.807,0.0,0.1668,2.641,120.692,4e-05,11.0,0.8336,2.906,0.109,-0.091,0.26,65.7,,1,Copernicus CAMS via Open-Meteo,Sheikhupura_Autumn_Harvest_2024-10-15
Sheikhupura,Summer,5,23.3,74.0,12.6,979.8,0,119.813,27.252,-0.368,0.3051,0.973,239.053,43.214,0.0755,0.0593,5.011,119.243,0.0009,101.0,0.9638,171.763,0.146,-0.018,0.68,38.5,,1,Copernicus CAMS via Open-Meteo,Sheikhupura_Summer_2023-05-25
Sheikhupura,Winter_Peak,11,11.7,91.0,4.8,989.6,11,115.511,3.207,0.745,0.2298,1.009,24.034,6.349,0.0,0.0359,5.517,112.295,8e-05,9.0,1.0024,2.388,0.147,0.001,0.44,112.5,,2,Copernicus CAMS via Open-Meteo,Sheikhupura_Winter_Peak_2024-11-25
Sheikhupura,Monsoon,7,30.8,72.0,9.5,978.5,0,125.949,6.274,0.595,0.2651,0.961,65.514,9.881,0.0,0.0867,4.1,125.464,0.00015,15.0,0.968,6.186,0.159,-0.016,0.81,65.4,,1,Copernicus CAMS via Open-Meteo,Sheikhupura_Monsoon_2024-07-10
Sheikhupura,Summer,4,17.8,80.0,12.1,981.9,0,39.751,5.296,0.283,0.282,0.601,76.948,11.971,0.0,0.53,0.578,39.751,0.00059,15.0,0.4696,7.781,-0.09,-0.361,0.22,31.9,,0,Copernicus CAMS via Open-Meteo,Sheikhupura_Summer_2024-04-20
Sheikhupura,Summer,6,37.3,41.0,12.1,973.4,1,128.822,12.032,2.785,0.1439,0.877,69.389,11.479,0.0039,0.1899,2.654,128.822,0.00016,34.0,0.8116,18.753,0.114,-0.104,0.57,45.5,,1,Copernicus CAMS via Open-Meteo,Sheikhupura_Summer_2024-06-20
Sheikhupura,Winter_Peak,11,14.9,80.0,7.5,994.5,12,133.786,5.083,-0.182,0.3116,0.945,80.297,9.613,0.0,0.0996,4.029,133.722,0.00016,13.0,0.9388,5.021,0.165,-0.032,0.8,97.3,,2,Copernicus CAMS via Open-Meteo,Sheikhupura_Winter_Peak_2023-11-20
Sheikhupura,Monsoon,7,29.1,84.0,4.3,978.9,0,154.021,16.213,-0.003,0.1443,1.001,177.45,24.658,0.0479,0.0777,5.127,147.634,0.00044,54.0,1.043,92.042,0.234,0.021,0.47,70.3,,1,Copernicus CAMS via Open-Meteo,Sheikhupura_Monsoon_2023-07-25
Sheikhupura,Summer,6,33.0,22.0,6.4,976.6,0,84.555,6.532,-0.154,0.3235,0.791,16.194,8.442,0.0,0.2979,1.376,84.555,6e-05,15.0,0.7027,4.199,0.016,-0.175,0.16,19.6,,0,Copernicus CAMS via Open-Meteo,Sheikhupura_Summer_2024-06-10
Sheikhupura,Winter_Peak,1,8.6,95.0,3.3,993.8,14,185.774,1.333,0.006,0.2886,1.012,17.52,4.027,0.0,0.0441,7.86,178.633,2e-05,3.0,0.9968,0.861,0.283,-0.002,1.32,111.8,,2,Copernicus CAMS via Open-Meteo,Sheikhupura_Winter_Peak_2024-01-15
Sheikhupura,Winter_Peak,11,12.3,90.0,5.2,989.4,15,129.404,3.723,0.492,0.2625,1.042,47.595,8.366,0.0,0.0919,3.685,117.698,0.00013,10.0,1.0326,3.834,0.182,0.016,0.39,101.7,,2,Copernicus CAMS via Open-Meteo,Sheikhupura_Winter_Peak_2024-11-25
Sheikhupura,Monsoon,7,29.5,76.0,5.8,978.4,0,145.218,6.819,0.757,0.2894,0.964,26.011,8.262,0.0,0.0972,4.303,144.264,5e-05,18.0,0.99,5.013,0.202,-0.005,0.91,54.9,,1,Copernicus CAMS via Open-Meteo,Sheikhupura_Monsoon_2024-07-10
Sheikhupura,Autumn_Harvest,9,26.1,87.0,6.6,976.8,12,101.307,8.782,0.244,0.3029,0.989,55.347,13.756,0.0,0.1763,2.205,93.028,0.00022,24.0,1.0857,12.539,0.134,0.041,0.69,61.9,,1,Copernicus CAMS via Open-Meteo,Sheikhupura_Autumn_Harvest_2024-09-10
Sheikhupura,Winter_Peak,12,22.0,51.0,10.7,993.3,13,81.286,8.435,0.637,0.2582,0.9,27.635,17.531,0.0,0.1959,1.661,81.225,0.00015,26.0,0.9153,17.325,0.065,-0.044,0.55,62.9,,1,Copernicus CAMS via Open-Meteo,Sheikhupura_Winter_Peak_2023-12-01
Sheikhupura,Summer,5,26.8,35.0,9.8,970.0,1,66.37,9.507,1.33,0.2333,0.721,74.354,26.053,0.0122,0.4203,0.965,66.37,0.00037,26.0,0.5819,39.878,-0.043,-0.264,0.14,41.3,,1,Copernicus CAMS via Open-Meteo,Sheikhupura_Summer_2024-05-28
Sheikhupura,Monsoon,8,32.3,74.0,5.2,978.7,1,136.832,28.721,0.135,0.3152,1.041,21.987,11.811,0.0,0.0961,4.14,124.988,0.00015,90.0,1.0847,12.795,0.209,0.041,0.77,67.8,,1,Copernicus CAMS via Open-Meteo,Sheikhupura_Monsoon_2023-08-20
Sheikhupura,Winter_Peak,1,13.7,72.0,7.6,990.5,16,175.061,2.975,0.009,0.313,0.976,81.029,8.648,0.0,0.0922,5.331,172.258,0.0001,7.0,0.9223,3.97,0.234,-0.04,0.83,100.8,,2,Copernicus CAMS via Open-Meteo,Sheikhupura_Winter_Peak_2024-01-15
Sheikhupura,Winter_Peak,12,17.6,76.0,8.4,995.8,13,87.895,9.45,0.691,0.2592,0.97,54.299,18.014,0.0006,0.0958,2.809,86.256,0.0003,26.0,0.9241,17.884,0.078,-0.039,0.72,57.7,,1,Copernicus CAMS via Open-Meteo,Sheikhupura_Winter_Peak_2023-12-01
Sheikhupura,Winter_Peak,11,14.6,93.0,7.2,990.3,14,122.356,13.821,0.823,0.2128,0.973,49.071,12.522,0.0021,0.1114,3.349,119.582,0.00015,47.0,1.0151,18.981,0.163,0.007,1.3,96.9,,2,Copernicus CAMS via Open-Meteo,Sheikhupura_Winter_Peak_2023-11-30
Sheikhupura,Winter_Peak,1,4.3,99.0,5.4,991.9,17,188.985,2.151,-0.078,0.2364,1.101,40.456,6.308,0.0,0.1442,3.833,161.722,6e-05,4.0,1.1628,2.133,0.342,0.075,0.75,210.9,,3,Copernicus CAMS via Open-Meteo,Sheikhupura_Winter_Peak_2024-01-05
Sheikhupura,Monsoon,8,32.8,73.0,9.2,982.0,0,120.363,24.508,0.113,0.3198,1.03,64.272,12.63,0.0,0.113,3.568,109.724,0.00026,79.0,1.0958,12.008,0.177,0.046,0.77,52.0,,1,Copernicus CAMS via Open-Meteo,Sheikhupura_Monsoon_2023-08-20
Sheikhupura,Autumn_Harvest,10,19.7,73.0,5.9,987.0,13,107.948,3.957,0.366,0.3241,0.859,25.973,7.215,0.0,0.2185,2.031,107.948,6e-05,11.0,0.8239,3.099,0.086,-0.097,0.32,37.6,,1,Copernicus CAMS via Open-Meteo,Sheikhupura_Autumn_Harvest_2024-10-15
Sheikhupura,Autumn_Harvest,9,29.8,70.0,7.1,981.0,9,120.882,3.933,1.302,0.2418,0.956,20.24,5.677,0.0,0.0772,4.1,120.881,5e-05,13.0,0.9424,1.926,0.143,-0.03,0.62,56.2,,1,Copernicus CAMS via Open-Meteo,Sheikhupura_Autumn_Harvest_2024-09-18
Sheikhupura,Summer,6,36.4,27.0,6.3,980.3,0,98.028,6.65,-0.181,0.3205,0.835,46.546,12.174,0.0,0.2493,1.733,98.028,0.00013,16.0,0.7514,8.604,0.049,-0.142,0.46,26.1,,0,Copernicus CAMS via Open-Meteo,Sheikhupura_Summer_2023-06-05
Sheikhupura,Autumn_Harvest,10,23.6,69.0,7.0,991.3,17,169.109,3.554,0.023,0.375,1.042,34.455,5.983,0.0,0.0764,5.33,156.196,6e-05,10.0,1.0457,1.921,0.266,0.022,0.89,77.8,,2,Copernicus CAMS via Open-Meteo,Sheikhupura_Autumn_Harvest_2024-10-22
Sheikhupura,Winter_Peak,1,5.6,100.0,4.1,992.1,7,167.503,2.182,-0.07,0.3228,0.999,42.43,6.434,0.0,0.0296,8.629,165.268,6e-05,5.0,0.9863,2.256,0.244,-0.007,0.74,215.6,,3,Copernicus CAMS via Open-Meteo,Sheikhupura_Winter_Peak_2024-01-05
Sheikhupura,Summer,6,28.2,71.0,14.4,973.4,0,123.399,11.54,2.768,0.1345,0.961,63.416,10.709,0.0039,0.0802,4.291,123.072,0.00019,29.0,0.9245,14.994,0.142,-0.039,0.45,39.8,,1,Copernicus CAMS via Open-Meteo,Sheikhupura_Summer_2024-06-20
Sheikhupura,Winter_Peak,11,11.7,91.0,4.8,989.6,19,105.104,3.007,0.432,0.2962,1.016,33.288,6.976,0.0,0.0521,4.269,100.558,0.00013,8.0,1.0046,2.698,0.127,0.002,0.44,112.5,,2,Copernicus CAMS via Open-Meteo,Sheikhupura_Winter_Peak_2024-11-25
Sheikhupura,Winter_Peak,11,17.3,88.0,22.9,990.6,18,46.231,1.856,0.004,0.2447,0.968,32.365,5.468,0.0,0.1033,1.404,45.342,0.00057,4.0,0.9153,1.587,0.002,-0.044,2.06,228.6,,3,Copernicus CAMS via Open-Meteo,Sheikhupura_Winter_Peak_2024-11-15
Sheikhupura,Summer,6,28.5,45.0,8.0,978.6,4,93.723,5.955,-0.175,0.3372,0.852,15.911,9.824,0.0,0.233,1.711,93.723,5e-05,14.0,0.7675,6.019,0.048,-0.132,0.45,23.9,,0,Copernicus CAMS via Open-Meteo,Sheikhupura_Summer_2023-06-05
Sheikhupura,Summer,4,22.1,59.0,7.9,982.3,1,39.718,4.703,0.416,0.2433,0.592,28.453,9.48,0.0,0.5416,0.579,39.718,0.00022,14.0,0.4582,5.238,-0.094,-0.372,0.12,20.1,,0,Copernicus CAMS via Open-Meteo,Sheikhupura_Summer_2024-04-20
Sheikhupura,Monsoon,8,27.4,94.0,3.8,977.3,0,114.96,20.958,0.984,0.2601,1.003,85.908,14.769,0.0005,0.0771,4.224,110.336,0.00032,56.0,1.03,18.369,0.152,0.015,0.58,31.1,,0,Copernicus CAMS via Open-Meteo,Sheikhupura_Monsoon_2024-08-05
Sheikhupura,Winter_Peak,11,26.8,57.0,4.0,988.7,11,141.719,5.309,-0.858,0.3432,0.998,34.534,6.111,0.0,0.0746,4.738,136.53,8e-05,18.0,0.9607,2.03,0.186,-0.02,0.6,55.5,,1,Copernicus CAMS via Open-Meteo,Sheikhupura_Winter_Peak_2023-11-05
Sheikhupura,Autumn_Harvest,10,22.2,65.0,11.6,981.2,11,108.754,7.359,0.406,0.2931,0.878,61.88,8.972,0.0,0.1875,2.321,108.754,0.00015,11.0,0.8392,4.602,0.092,-0.087,0.28,64.5,,1,Copernicus CAMS via Open-Meteo,Sheikhupura_Autumn_Harvest_2023-10-05
Sheikhupura,Monsoon,8,29.0,79.0,10.3,979.9,0,129.935,19.902,0.441,0.3075,0.993,32.205,20.651,0.0005,0.0392,6.264,128.409,0.00016,61.0,0.992,31.88,0.173,-0.004,0.23,7.6,,0,Copernicus CAMS via Open-Meteo,Sheikhupura_Monsoon_2024-08-12
Sheikhupura,Monsoon,7,37.6,47.0,4.4,968.1,0,109.572,12.404,0.105,0.3155,0.935,33.502,18.702,0.0005,0.1142,3.502,109.12,0.00012,25.0,0.9058,19.861,0.113,-0.049,0.85,53.4,,1,Copernicus CAMS via Open-Meteo,Sheikhupura_Monsoon_2024-07-25
Sheikhupura,Winter_Peak,11,22.4,54.0,5.4,995.6,15,133.402,5.155,-0.184,0.3607,0.986,70.632,9.057,0.0,0.0457,5.974,132.091,0.00016,13.0,0.9898,4.475,0.179,-0.005,0.79,78.5,,2,Copernicus CAMS via Open-Meteo,Sheikhupura_Winter_Peak_2023-11-20
Sheikhupura,Monsoon,7,27.1,88.0,4.5,978.9,4,144.135,15.426,0.059,0.1524,0.978,169.753,24.877,0.051,0.0686,5.191,143.053,0.00047,54.0,0.9391,94.037,0.184,-0.031,1.3,38.3,,1,Copernicus CAMS via Open-Meteo,Sheikhupura_Monsoon_2023-07-25
Sheikhupura,Summer,6,36.4,27.0,6.3,980.3,1,96.31,6.8,-0.163,0.3371,0.876,71.198,12.627,0.0,0.1874,2.022,96.31,0.00023,16.0,0.8197,9.055,0.067,-0.099,0.46,26.1,,0,Copernicus CAMS via Open-Meteo,Sheikhupura_Summer_2023-06-05
Sheikhupura,Autumn_Harvest,9,28.6,80.0,12.4,981.2,12,133.567,30.476,-0.238,0.1977,1.022,70.465,14.644,0.0077,0.0946,4.199,123.908,0.00027,118.0,1.0779,43.419,0.201,0.037,1.0,58.4,,1,Copernicus CAMS via Open-Meteo,Sheikhupura_Autumn_Harvest_2023-09-15
Sheikhupura,Winter_Peak,1,5.2,99.0,4.4,991.7,9,207.225,2.518,-0.057,0.3028,1.021,55.844,7.397,0.0,0.048,8.521,197.556,6e-05,5.0,1.0487,2.973,0.345,0.024,0.79,186.3,,3,Copernicus CAMS via Open-Meteo,Sheikhupura_Winter_Peak_2024-01-05
Sheikhupura,Monsoon,7,32.7,68.0,9.5,976.3,2,145.645,15.488,0.006,0.1498,1.038,146.914,23.03,0.0495,0.0792,4.556,134.161,0.00047,49.0,1.033,80.602,0.215,0.016,0.91,39.2,,1,Copernicus CAMS via Open-Meteo,Sheikhupura_Monsoon_2023-07-25
Sheikhupura,Autumn_Harvest,10,21.4,72.0,6.6,985.0,9,104.184,3.729,0.397,0.2443,0.925,17.753,6.165,0.0,0.1358,2.581,104.183,6e-05,9.0,0.8641,2.397,0.092,-0.073,0.23,78.9,,2,Copernicus CAMS via Open-Meteo,Sheikhupura_Autumn_Harvest_2024-10-15
Sheikhupura,Autumn_Harvest,10,23.8,76.0,5.9,980.7,13,141.052,6.653,0.753,0.2597,1.015,38.399,7.905,0.0,0.1005,3.867,130.655,8e-05,20.0,1.0796,3.693,0.217,0.038,0.5,78.7,,2,Copernicus CAMS via Open-Meteo,Sheikhupura_Autumn_Harvest_2024-10-05
Sheikhupura,Monsoon,7,33.1,65.0,8.9,977.6,1,160.378,10.572,-0.324,0.2634,0.984,71.346,12.531,0.0,0.0408,7.502,159.538,0.00012,43.0,0.9716,14.226,0.225,-0.014,1.0,53.9,,1,Copernicus CAMS via Open-Meteo,Sheikhupura_Monsoon_2023-07-15
Sheikhupura,Winter_Peak,12,13.1,67.0,5.8,989.3,11,91.268,6.297,0.456,0.2766,0.991,16.355,9.631,0.0,0.1462,2.079,85.277,9e-05,18.0,1.0696,6.095,0.111,0.034,0.1,122.9,,2,Copernicus CAMS via Open-Meteo,Sheikhupura_Winter_Peak_2024-12-05
Sheikhupura,Autumn_Harvest,10,25.6,67.0,8.9,981.4,12,110.693,7.543,0.408,0.295,0.859,72.909,9.666,0.0,0.2144,2.169,110.693,0.00016,12.0,0.8194,5.261,0.089,-0.099,0.32,56.6,,1,Copernicus CAMS via Open-Meteo,Sheikhupura_Autumn_Harvest_2023-10-05
Sheikhupura,Winter_Peak,11,14.9,80.0,7.5,994.5,12,119.516,4.391,-0.203,0.346,0.925,40.253,7.266,0.0,0.1427,2.872,119.512,9e-05,13.0,0.9275,2.922,0.136,-0.038,0.8,97.3,,2,Copernicus CAMS via Open-Meteo,Sheikhupura_Winter_Peak_2023-11-20
Sheikhupura,Autumn_Harvest,10,20.5,64.0,7.5,985.7,13,114.558,4.233,0.437,0.2919,0.909,23.558,6.811,0.0,0.1594,2.582,114.558,6e-05,11.0,0.8405,2.929,0.102,-0.087,0.33,38.0,,1,Copernicus CAMS via Open-Meteo,Sheikhupura_Autumn_Harvest_2024-10-15
Sheikhupura,Monsoon,7,29.3,83.0,4.3,979.7,1,154.328,16.461,0.115,0.1576,0.993,189.992,25.934,0.0512,0.0263,8.457,153.354,0.00047,56.0,0.9892,101.348,0.219,-0.005,0.88,36.6,,1,Copernicus CAMS via Open-Meteo,Sheikhupura_Monsoon_2023-07-25
Sheikhupura,Winter_Peak,12,19.8,64.0,9.7,995.4,16,89.57,10.472,0.684,0.2614,0.891,92.848,21.395,0.0002,0.1952,1.872,89.5,0.00038,31.0,0.8866,24.609,0.073,-0.06,0.68,58.8,,1,Copernicus CAMS via Open-Meteo,Sheikhupura_Winter_Peak_2023-12-01
Sheikhupura,Summer,4,21.4,70.0,5.1,983.1,0,43.047,5.52,0.366,0.2995,0.563,66.53,12.082,0.0,0.5874,0.646,43.047,0.00039,16.0,0.4123,8.109,-0.116,-0.416,0.24,34.3,,0,Copernicus CAMS via Open-Meteo,Sheikhupura_Summer_2024-04-20
Sheikhupura,Monsoon,7,27.8,83.0,17.7,979.1,4,140.899,6.684,0.734,0.2723,1.031,29.203,7.907,0.0,0.0637,5.078,131.965,7e-05,15.0,1.0673,4.548,0.214,0.033,0.94,54.1,,1,Copernicus CAMS via Open-Meteo,Sheikhupura_Monsoon_2024-07-10
Sheikhupura,Winter_Peak,11,14.8,93.0,9.1,990.8,12,126.913,13.999,0.795,0.2281,0.961,47.857,12.5,0.002,0.0856,4.18,126.654,0.00014,47.0,0.9161,20.422,0.146,-0.044,1.42,70.3,,1,Copernicus CAMS via Open-Meteo,Sheikhupura_Winter_Peak_2023-11-30
Sheikhupura,Autumn_Harvest,10,28.5,47.0,1.1,988.4,15,92.874,3.591,0.431,0.2938,0.828,25.086,6.517,0.0,0.2471,1.636,92.874,7e-05,10.0,0.7564,2.626,0.043,-0.139,0.31,39.6,,1,Copernicus CAMS via Open-Meteo,Sheikhupura_Autumn_Harvest_2024-10-15
Sheikhupura,Autumn_Harvest,9,27.3,86.0,5.4,978.2,19,93.328,7.941,0.337,0.2788,0.97,14.55,11.56,0.0003,0.2374,1.603,84.644,7e-05,22.0,1.1018,9.239,0.12,0.048,0.6,71.9,,1,Copernicus CAMS via Open-Meteo,Sheikhupura_Autumn_Harvest_2024-09-10
Sheikhupura,Summer,6,28.0,67.0,4.5,973.9,3,181.527,6.914,-2.636,0.2291,0.994,73.127,9.481,0.0,0.0275,9.697,180.145,0.0001,16.0,0.9938,6.133,0.274,-0.003,0.64,35.4,,1,Copernicus CAMS via Open-Meteo,Sheikhupura_Summer_2023-06-15
Sheikhupura,Autumn_Harvest,9,28.3,78.0,7.0,977.6,12,87.561,7.885,0.211,0.2968,0.97,86.455,14.395,0.0,0.1471,2.189,83.834,0.00041,22.0,1.0252,12.659,0.096,0.012,0.63,68.7,,1,Copernicus CAMS via Open-Meteo,Sheikhupura_Autumn_Harvest_2024-09-10
Sheikhupura,Summer,5,18.3,63.0,9.8,980.4,0,63.206,10.221,1.43,0.2601,0.703,122.924,31.177,0.0198,0.4186,0.928,63.206,0.00061,30.0,0.5837,53.35,-0.044,-0.263,0.33,24.4,,0,Copernicus CAMS via Open-Meteo,Sheikhupura_Summer_2024-05-01
Sheikhupura,Winter_Peak,12,15.5,61.0,10.1,988.3,11,74.466,7.931,0.615,0.2661,0.906,42.858,20.674,0.0025,0.1595,1.725,74.453,0.00027,24.0,0.8789,22.695,0.046,-0.064,0.22,51.1,,1,Copernicus CAMS via Open-Meteo,Sheikhupura_Winter_Peak_2023-12-10
Sheikhupura,Autumn_Harvest,10,21.8,62.0,7.9,986.1,5,109.675,4.012,0.416,0.297,0.92,23.345,6.641,0.0,0.1272,2.828,109.675,6e-05,10.0,0.8914,2.776,0.109,-0.057,0.27,54.5,,1,Copernicus CAMS via Open-Meteo,Sheikhupura_Autumn_Harvest_2024-10-15
Sheikhupura,Summer,5,29.6,49.0,11.0,980.3,1,140.059,30.295,-0.316,0.2915,0.97,381.822,51.268,0.0792,0.0739,5.188,139.175,0.00102,111.0,0.9374,224.131,0.176,-0.032,0.55,33.5,,0,Copernicus CAMS via Open-Meteo,Sheikhupura_Summer_2023-05-25
Sheikhupura,Winter_Peak,11,25.8,56.0,3.1,991.0,19,47.103,1.393,-0.012,0.3869,0.942,19.27,4.204,0.0,0.0985,1.454,47.086,0.0003,3.0,0.91,0.941,0.003,-0.047,1.5,181.1,,3,Copernicus CAMS via Open-Meteo,Sheikhupura_Winter_Peak_2024-11-15
Sheikhupura,Monsoon,8,32.2,59.0,8.2,980.5,4,83.682,9.941,0.503,0.306,0.844,36.629,8.293,0.0,0.2461,1.532,83.682,0.00015,23.0,0.8056,4.494,0.044,-0.108,0.34,38.6,,1,Copernicus CAMS via Open-Meteo,Sheikhupura_Monsoon_2023-08-30
Sheikhupura,Autumn_Harvest,9,24.4,96.0,5.5,980.6,6,192.907,2.352,-0.033,0.2443,0.989,48.854,6.904,0.0,0.0688,6.805,188.967,5e-05,5.0,1.0198,2.599,0.306,0.01,0.52,39.2,,1,Copernicus CAMS via Open-Meteo,Sheikhupura_Autumn_Harvest_2023-09-25
Sheikhupura,Monsoon,8,33.6,63.0,4.6,979.5,0,82.105,16.008,1.626,0.2103,0.935,43.4,23.451,0.0134,0.1508,2.092,81.532,0.0003,38.0,0.9531,36.781,0.073,-0.024,0.68,45.2,,1,Copernicus CAMS via Open-Meteo,Sheikhupura_Monsoon_2023-08-05
Sheikhupura,Autumn_Harvest,9,22.6,91.0,14.4,984.2,16,200.136,1.582,-0.112,0.4031,1.027,22.399,4.718,0.0,0.0854,5.858,184.076,2e-05,4.0,0.9974,1.241,0.311,-0.001,0.56,31.9,,0,Copernicus CAMS via Open-Meteo,Sheikhupura_Autumn_Harvest_2023-09-25
Sheikhupura,Autumn_Harvest,9,28.1,87.0,25.2,979.3,13,118.455,27.124,-0.317,0.2383,0.995,109.08,16.044,0.0091,0.059,5.088,115.806,0.00042,103.25,0.9996,39.821,0.152,-0.0,0.85,45.4,,1,Copernicus CAMS via Open-Meteo,Sheikhupura_Autumn_Harvest_2023-09-15
Sheikhupura,Monsoon,7,31.6,70.0,14.4,977.8,1,168.917,10.915,-0.369,0.245,1.033,73.922,12.844,0.0,0.0591,6.399,159.115,0.00013,42.0,1.0472,14.692,0.266,0.023,0.96,56.5,,1,Copernicus CAMS via Open-Meteo,Sheikhupura_Monsoon_2023-07-15
Sheikhupura,Winter_Peak,11,20.2,73.0,1.7,989.2,11,46.185,1.239,0.01,0.3952,0.976,15.252,3.789,0.0,0.063,1.82,45.805,0.00027,3.0,0.9477,0.754,0.006,-0.027,1.81,243.1,,3,Copernicus CAMS via Open-Meteo,Sheikhupura_Winter_Peak_2024-11-15
Sheikhupura,Winter_Peak,11,25.9,56.0,4.3,991.5,17,167.714,6.095,-1.028,0.3887,1.001,24.84,5.571,0.0,0.0233,9.28,165.528,5e-05,20.0,1.0104,1.735,0.252,0.005,0.44,53.8,,1,Copernicus CAMS via Open-Meteo,Sheikhupura_Winter_Peak_2023-11-05
Sheikhupura,Monsoon,7,33.1,65.0,8.9,977.6,1,173.58,11.233,-0.331,0.2595,1.019,51.759,12.12,0.0,0.0755,5.682,162.613,9e-05,46.0,1.0674,15.89,0.282,0.033,1.0,53.9,,1,Copernicus CAMS via Open-Meteo,Sheikhupura_Monsoon_2023-07-15
Sheikhupura,Autumn_Harvest,10,16.6,78.0,7.9,989.2,11,87.74,7.369,0.181,0.2663,0.793,75.709,16.774,0.0,0.2927,1.447,87.74,0.00023,19.0,0.7242,16.602,0.027,-0.16,0.18,41.8,,1,Copernicus CAMS via Open-Meteo,Sheikhupura_Autumn_Harvest_2023-10-25
Sheikhupura,Summer,6,32.3,56.0,10.9,977.5,0,168.533,6.923,-2.555,0.2445,0.965,76.93,9.668,0.0,0.0901,5.268,167.848,0.00011,18.0,0.9862,6.485,0.246,-0.007,0.66,29.6,,0,Copernicus CAMS via Open-Meteo,Sheikhupura_Summer_2023-06-15
Sheikhupura,Winter_Peak,11,19.3,74.0,5.3,988.7,9,170.177,6.152,-1.022,0.3497,1.017,16.848,4.759,0.0,0.0682,5.747,160.153,4e-05,20.0,0.9925,1.313,0.251,-0.004,0.26,65.0,,1,Copernicus CAMS via Open-Meteo,Sheikhupura_Winter_Peak_2023-11-05
Sheikhupura,Monsoon,7,36.2,52.0,3.4,969.7,1,92.665,10.219,0.018,0.31,0.946,41.411,15.661,0.0,0.1075,2.942,91.915,0.00019,21.0,0.9143,13.95,0.085,-0.045,0.99,56.1,,1,Copernicus CAMS via Open-Meteo,Sheikhupura_Monsoon_2024-07-25
Sheikhupura,Summer,6,32.4,40.0,6.3,981.1,2,94.664,6.309,-0.169,0.3497,0.879,33.651,10.642,0.0,0.1941,1.927,94.664,0.00012,14.0,0.8065,6.685,0.061,-0.107,0.39,25.1,,0,Copernicus CAMS via Open-Meteo,Sheikhupura_Summer_2023-06-05
Sheikhupura,Monsoon,8,32.1,75.0,1.8,975.3,1,100.584,18.828,1.202,0.2453,0.935,58.103,12.665,0.0007,0.1453,2.6,100.302,0.00025,55.0,0.9533,14.066,0.108,-0.024,0.66,33.4,,0,Copernicus CAMS via Open-Meteo,Sheikhupura_Monsoon_2024-08-05
Sheikhupura,Winter_Peak,11,31.1,31.0,10.1,987.4,11,112.316,2.856,0.084,0.3288,0.947,36.356,6.866,0.0,0.1081,3.178,112.272,0.0001,8.0,0.9558,2.63,0.13,-0.023,0.16,24.3,,0,Copernicus CAMS via Open-Meteo,Sheikhupura_Winter_Peak_2024-11-01
Sheikhupura,Autumn_Harvest,10,28.8,43.0,6.8,984.5,9,85.446,5.405,1.123,0.2225,0.785,25.557,8.452,0.0,0.3179,1.351,85.446,8e-05,12.0,0.682,4.34,0.009,-0.189,0.6,39.9,,1,Copernicus CAMS via Open-Meteo,Sheikhupura_Autumn_Harvest_2023-10-15
Sheikhupura,Summer,6,31.4,51.0,4.0,973.8,3,126.083,11.449,2.839,0.1433,0.867,50.352,10.347,0.0032,0.1951,2.537,126.083,0.00013,33.0,0.8187,18.799,0.112,-0.1,0.57,55.2,,1,Copernicus CAMS via Open-Meteo,Sheikhupura_Summer_2024-06-20
Sheikhupura,Monsoon,8,31.9,67.0,0.8,975.6,1,131.087,19.802,0.479,0.3035,1.003,77.582,19.914,0.0004,0.0926,4.136,124.465,0.00025,60.0,1.0518,29.121,0.19,0.025,0.57,27.1,,0,Copernicus CAMS via Open-Meteo,Sheikhupura_Monsoon_2024-08-12
Sheikhupura,Autumn_Harvest,10,27.9,48.0,5.9,986.7,9,72.038,5.059,0.726,0.2715,0.746,61.212,9.902,0.0,0.3525,1.097,72.038,0.00023,12.0,0.65,5.526,-0.015,-0.212,0.56,36.6,,1,Copernicus CAMS via Open-Meteo,Sheikhupura_Autumn_Harvest_2023-10-15
Sheikhupura,Autumn_Harvest,9,26.1,87.0,6.6,976.8,12,96.427,8.367,0.233,0.2997,1.016,71.35,14.558,0.0,0.1914,1.883,84.36,0.00031,22.0,1.1424,12.943,0.133,0.066,0.69,61.9,,1,Copernicus CAMS via Open-Meteo,Sheikhupura_Autumn_Harvest_2024-09-10
Sheikhupura,Autumn_Harvest,10,20.4,73.0,3.7,991.9,7,69.785,5.536,0.188,0.2705,0.757,24.471,13.139,0.0,0.3476,1.066,69.785,0.00011,14.0,0.6527,10.176,-0.016,-0.21,0.18,47.5,,1,Copernicus CAMS via Open-Meteo,Sheikhupura_Autumn_Harvest_2023-10-25
Sheikhupura,Winter_Peak,11,22.8,64.0,1.2,988.3,13,48.734,1.161,0.023,0.2475,0.995,13.359,3.51,0.0,0.0382,2.354,47.983,0.00022,2.0,0.9904,0.655,0.015,-0.005,1.8,214.2,,3,Copernicus CAMS via Open-Meteo,Sheikhupura_Winter_Peak_2024-11-15
Sheikhupura,Monsoon,7,29.2,86.0,5.5,969.7,2,90.0,10.521,0.136,0.3076,0.858,54.768,18.481,0.0006,0.2193,1.776,89.998,0.0002,23.0,0.8182,19.107,0.057,-0.1,1.15,44.2,,1,Copernicus CAMS via Open-Meteo,Sheikhupura_Monsoon_2024-07-25
Sheikhupura,Winter_Peak,11,14.9,80.0,7.5,994.5,9,139.251,5.036,-0.231,0.3469,0.981,60.803,8.569,0.0,0.0452,6.302,138.664,0.00013,14.0,0.9649,4.066,0.183,-0.018,0.8,97.3,,2,Copernicus CAMS via Open-Meteo,Sheikhupura_Winter_Peak_2023-11-20
Sheikhupura,Autumn_Harvest,10,22.2,73.0,9.4,990.0,10,76.487,6.282,0.185,0.2779,0.743,52.317,15.542,0.0004,0.3518,1.164,76.487,0.00018,17.0,0.6524,13.878,-0.01,-0.21,0.17,36.3,,1,Copernicus CAMS via Open-Meteo,Sheikhupura_Autumn_Harvest_2023-10-25
Sheikhupura,Winter_Peak,1,13.9,74.0,4.0,993.2,11,170.356,2.491,-0.025,0.3206,0.999,56.219,7.359,0.0,0.0402,7.852,167.136,8e-05,6.0,0.9798,2.912,0.247,-0.01,0.89,123.4,,2,Copernicus CAMS via Open-Meteo,Sheikhupura_Winter_Peak_2024-01-05
Sheikhupura,Summer,6,31.1,42.0,7.2,970.0,0,130.207,12.034,2.763,0.1328,0.933,40.312,9.571,0.0042,0.1168,3.653,130.191,0.00011,31.0,0.8846,16.757,0.142,-0.061,0.56,45.1,,1,Copernicus CAMS via Open-Meteo,Sheikhupura_Summer_2024-06-20
Sheikhupura,Winter_Peak,12,6.8,96.0,9.6,993.7,17,60.251,9.233,0.681,0.2772,0.905,76.637,25.889,0.0537,0.2121,1.211,59.592,0.00071,29.0,0.9395,35.633,0.031,-0.031,0.13,61.5,,1,Copernicus CAMS via Open-Meteo,Sheikhupura_Winter_Peak_2023-12-20
Sheikhupura,Summer,6,29.3,68.0,4.2,977.3,2,163.923,6.136,-2.569,0.23,0.983,57.321,8.416,0.0,0.0355,8.065,163.612,9e-05,13.0,0.9739,4.84,0.233,-0.013,0.6,24.1,,0,Copernicus CAMS via Open-Meteo,Sheikhupura_Summer_2023-06-15
Sheikhupura,Summer,4,25.2,45.0,10.7,981.2,1,39.262,5.027,0.317,0.3046,0.586,67.536,11.263,0.0,0.5509,0.576,39.262,0.0005,15.0,0.4486,7.061,-0.098,-0.381,0.13,18.9,,0,Copernicus CAMS via Open-Meteo,Sheikhupura_Summer_2024-04-20
Sheikhupura,Winter_Peak,1,5.6,94.0,2.5,992.8,16,209.403,2.002,0.015,0.2892,1.016,37.023,5.914,0.0,0.061,7.554,198.36,3e-05,4.0,1.0557,1.829,0.352,0.027,1.01,117.6,,2,Copernicus CAMS via Open-Meteo,Sheikhupura_Winter_Peak_2024-01-15
Sheikhupura,Autumn_Harvest,10,22.2,65.0,11.6,981.2,4,106.948,7.077,0.373,0.2939,0.839,50.799,8.257,0.0,0.245,1.929,106.948,0.00011,12.0,0.7976,4.045,0.076,-0.113,0.28,64.5,,1,Copernicus CAMS via Open-Meteo,Sheikhupura_Autumn_Harvest_2023-10-05
Sheikhupura,Autumn_Harvest,10,21.1,78.0,8.3,990.5,8,156.8,4.006,0.03,0.3434,0.967,77.693,8.753,0.0,0.0709,5.674,156.522,0.00012,12.0,0.931,4.055,0.205,-0.036,0.88,80.6,,2,Copernicus CAMS via Open-Meteo,Sheikhupura_Autumn_Harvest_2024-10-22
Sheikhupura,Winter_Peak,11,14.5,93.0,10.2,991.4,16,136.87,15.527,0.825,0.2399,0.976,97.607,15.647,0.0025,0.1165,3.654,132.713,0.00022,51.0,1.0232,26.055,0.194,0.011,1.55,89.4,,2,Copernicus CAMS via Open-Meteo,Sheikhupura_Winter_Peak_2023-11-30
Sheikhupura,Winter_Peak,11,28.2,41.0,6.4,986.8,8,106.843,2.301,0.234,0.367,0.992,19.836,5.23,0.0,0.0267,5.765,106.211,7e-05,7.0,0.9924,1.553,0.128,-0.004,0.16,38.2,,1,Copernicus CAMS via Open-Meteo,Sheikhupura_Winter_Peak_2024-11-01
Sheikhupura,Monsoon,8,35.6,54.0,6.6,978.1,2,130.103,26.97,0.086,0.3258,0.995,58.115,13.857,0.0,0.0923,4.867,125.256,0.0002,88.0,1.0319,15.541,0.183,0.016,0.81,50.6,,1,Copernicus CAMS via Open-Meteo,Sheikhupura_Monsoon_2023-08-20
Sheikhupura,Winter_Peak,11,14.4,92.0,8.7,988.4,9,159.176,4.116,-0.665,0.3104,0.969,33.768,6.063,0.0,0.0608,6.126,159.125,6e-05,14.0,0.9693,1.996,0.222,-0.016,0.29,77.5,,2,Copernicus CAMS via Open-Meteo,Sheikhupura_Winter_Peak_2023-11-05
Sheikhupura,Autumn_Harvest,9,24.7,95.0,6.1,981.1,13,182.89,3.051,0.018,0.296,1.012,84.041,8.946,0.0,0.0355,8.777,177.403,0.0001,7.0,1.0264,4.234,0.288,0.013,0.46,36.2,,1,Copernicus CAMS via Open-Meteo,Sheikhupura_Autumn_Harvest_2023-09-25
Sheikhupura,Monsoon,8,30.7,59.0,8.8,980.4,1,88.455,10.642,0.567,0.3183,0.892,26.413,7.991,0.0,0.1975,1.913,88.454,0.00011,22.0,0.8898,4.436,0.072,-0.058,0.33,49.7,,1,Copernicus CAMS via Open-Meteo,Sheikhupura_Monsoon_2023-08-30
Sheikhupura,Winter_Peak,11,18.7,64.0,8.4,992.4,9,121.561,4.432,-0.155,0.3418,0.994,72.92,8.928,0.0,0.041,5.67,119.652,0.0002,11.0,0.9905,4.276,0.156,-0.005,0.71,81.0,,2,Copernicus CAMS via Open-Meteo,Sheikhupura_Winter_Peak_2023-11-20
Sheikhupura,Winter_Peak,11,15.8,89.0,9.5,986.1,13,126.349,3.829,0.04,0.2824,1.005,82.065,9.537,0.0,0.078,4.223,120.383,0.00022,10.0,0.9708,4.841,0.16,-0.015,0.1,37.8,,1,Copernicus CAMS via Open-Meteo,Sheikhupura_Winter_Peak_2024-11-01
Sheikhupura,Winter_Peak,11,14.3,82.0,7.7,990.0,6,115.22,3.294,0.356,0.3264,1.032,41.634,7.611,0.0,0.0829,3.531,106.206,0.00014,9.0,1.0165,3.225,0.15,0.008,0.45,111.1,,2,Copernicus CAMS via Open-Meteo,Sheikhupura_Winter_Peak_2024-11-25
Sheikhupura,Autumn_Harvest,9,27.4,75.0,5.5,981.9,15,49.976,2.618,-0.014,0.2787,1.001,63.043,7.725,0.0,0.0914,1.617,47.511,0.00101,6.0,1.0256,3.118,0.02,0.013,0.4,40.0,,1,Copernicus CAMS via Open-Meteo,Sheikhupura_Autumn_Harvest_2024-09-28
Sheikhupura,Winter_Peak,12,16.9,70.0,8.7,992.3,7,75.881,7.82,0.62,0.2748,0.942,48.001,16.442,0.0001,0.1209,2.14,75.38,0.00031,22.0,0.9454,15.276,0.06,-0.028,0.23,53.6,,1,Copernicus CAMS via Open-Meteo,Sheikhupura_Winter_Peak_2023-12-01
Sheikhupura,Winter_Peak,12,19.1,53.0,2.1,993.9,10,60.512,9.046,0.722,0.2502,0.849,49.174,28.458,0.0574,0.2891,1.006,60.466,0.00043,31.0,0.8815,41.739,0.023,-0.063,0.16,40.3,,1,Copernicus CAMS via Open-Meteo,Sheikhupura_Winter_Peak_2023-12-20
Sheikhupura,Monsoon,8,31.4,80.0,5.4,976.5,2,82.541,15.78,1.547,0.226,0.932,58.479,24.956,0.0153,0.1786,1.86,81.441,0.00036,38.0,0.9761,42.265,0.078,-0.012,0.79,59.8,,1,Copernicus CAMS via Open-Meteo,Sheikhupura_Monsoon_2023-08-05
Sheikhupura,Summer,6,28.8,32.0,10.6,976.3,1,84.093,6.988,-0.134,0.3126,0.783,69.408,11.359,0.0,0.3092,1.351,84.093,0.00022,16.0,0.6926,6.944,0.012,-0.182,0.2,28.5,,0,Copernicus CAMS via Open-Meteo,Sheikhupura_Summer_2024-06-10
Sheikhupura,Autumn_Harvest,10,27.8,54.0,4.6,990.0,14,73.727,5.877,0.253,0.2705,0.789,22.284,12.434,0.0,0.3005,1.2,73.727,0.0001,15.0,0.7008,9.276,0.003,-0.176,0.27,24.4,,0,Copernicus CAMS via Open-Meteo,Sheikhupura_Autumn_Harvest_2023-10-25
Sheikhupura,Autumn_Harvest,10,24.3,78.0,3.9,983.8,7,138.249,6.882,0.637,0.2798,0.981,55.009,8.867,0.0,0.0426,6.37,137.818,0.00011,22.0,0.9679,4.644,0.182,-0.016,0.86,66.1,,1,Copernicus CAMS via Open-Meteo,Sheikhupura_Autumn_Harvest_2024-10-05
Sheikhupura,Winter_Peak,11,12.4,92.0,8.0,993.0,11,123.083,4.195,-0.232,0.2957,0.973,52.074,7.746,0.0,0.0969,3.688,121.239,0.00013,11.0,0.9166,3.317,0.139,-0.044,0.81,85.4,,2,Copernicus CAMS via Open-Meteo,Sheikhupura_Winter_Peak_2023-11-20
Sheikhupura,Autumn_Harvest,10,28.8,43.0,6.8,984.5,11,80.5,5.117,1.121,0.2155,0.762,25.012,8.309,0.0,0.3339,1.247,80.5,8e-05,12.0,0.6962,4.232,0.009,-0.179,0.6,39.9,,1,Copernicus CAMS via Open-Meteo,Sheikhupura_Autumn_Harvest_2023-10-15
Sheikhupura,Summer,5,21.7,43.0,6.2,981.5,0,69.022,11.296,1.682,0.2663,0.712,117.784,31.235,0.0124,0.4157,1.016,69.022,0.00051,31.0,0.5865,58.072,-0.04,-0.261,0.2,39.1,,1,Copernicus CAMS via Open-Meteo,Sheikhupura_Summer_2024-05-01
Sheikhupura,Autumn_Harvest,10,21.2,63.0,7.2,982.6,12,93.281,6.405,0.396,0.2934,0.811,58.841,8.649,0.0,0.2889,1.546,93.281,0.00016,11.0,0.7747,4.266,0.05,-0.127,0.28,66.4,,1,Copernicus CAMS via Open-Meteo,Sheikhupura_Autumn_Harvest_2023-10-05
Sheikhupura,Monsoon,7,32.1,69.0,9.1,969.6,1,104.316,12.023,0.161,0.3108,0.894,41.115,19.664,0.0007,0.2192,2.013,103.642,0.00013,25.0,0.9203,22.327,0.107,-0.041,1.05,60.3,,1,Copernicus CAMS via Open-Meteo,Sheikhupura_Monsoon_2024-07-25
Sheikhupura,Autumn_Harvest,10,20.5,64.0,7.5,985.7,21,110.56,4.306,0.337,0.3041,0.87,46.644,8.472,0.0,0.207,2.147,110.56,0.00011,11.0,0.7929,4.305,0.08,-0.116,0.33,38.0,,1,Copernicus CAMS via Open-Meteo,Sheikhupura_Autumn_Harvest_2024-10-15
Sheikhupura,Winter_Peak,11,15.9,93.0,3.0,992.1,8,132.414,14.807,0.862,0.2208,1.02,26.246,11.327,0.0023,0.1276,3.076,119.795,0.0001,47.0,1.1053,19.088,0.204,0.05,1.57,70.8,,1,Copernicus CAMS via Open-Meteo,Sheikhupura_Winter_Peak_2023-11-30
Sheikhupura,Winter_Peak,1,8.5,88.0,2.4,995.8,16,188.231,2.535,-0.038,0.3056,1.054,57.394,7.428,0.0,0.1147,4.532,166.635,7e-05,5.0,1.1296,2.959,0.331,0.061,1.16,137.8,,2,Copernicus CAMS via Open-Meteo,Sheikhupura_Winter_Peak_2024-01-05
Sheikhupura,Summer,5,31.2,44.0,16.1,982.1,1,129.978,28.893,-0.325,0.2929,1.012,277.228,44.568,0.0766,0.0584,5.257,124.561,0.00098,103.0,1.039,175.269,0.184,0.019,0.8,40.3,,1,Copernicus CAMS via Open-Meteo,Sheikhupura_Summer_2023-05-25
Sheikhupura,Winter_Peak,12,13.0,55.0,9.4,989.4,12,99.493,7.084,0.378,0.2654,0.964,55.473,12.028,0.0,0.1248,2.645,97.318,0.00021,21.0,1.0067,9.069,0.116,0.003,0.07,55.4,,1,Copernicus CAMS via Open-Meteo,Sheikhupura_Winter_Peak_2024-12-05
Sheikhupura,Summer,4,28.8,41.0,11.8,982.4,1,39.25,4.797,0.368,0.2933,0.603,36.348,9.988,0.0,0.5299,0.569,39.25,0.00029,13.0,0.4698,5.548,-0.09,-0.361,0.22,29.5,,0,Copernicus CAMS via Open-Meteo,Sheikhupura_Summer_2024-04-20
Sheikhupura,Monsoon,8,28.6,93.0,6.8,980.7,0,143.008,30.781,0.013,0.3361,1.014,62.033,14.084,0.0,0.078,5.636,135.545,0.0002,96.0,1.0438,15.937,0.212,0.021,0.82,59.5,,1,Copernicus CAMS via Open-Meteo,Sheikhupura_Monsoon_2023-08-20
Sheikhupura,Summer,6,33.0,22.0,6.4,976.6,0,73.527,5.666,-0.136,0.2965,0.761,26.69,8.443,0.0,0.3592,1.109,73.527,0.00011,14.0,0.6412,4.038,-0.016,-0.219,0.16,19.6,,0,Copernicus CAMS via Open-Meteo,Sheikhupura_Summer_2024-06-10
Sheikhupura,Monsoon,8,27.1,90.0,6.1,978.9,2,140.105,15.797,2.348,0.1501,1.023,60.937,15.387,0.0057,0.0694,4.91,131.257,0.00019,49.0,1.0652,35.009,0.212,0.032,0.64,69.4,,1,Copernicus CAMS via Open-Meteo,Sheikhupura_Monsoon_2024-08-25
Sheikhupura,Monsoon,8,30.8,71.0,2.9,976.7,2,123.089,18.69,0.518,0.2926,0.994,70.977,19.478,0.0003,0.0676,4.808,119.903,0.00025,57.0,1.0188,28.46,0.166,0.009,0.51,30.4,,0,Copernicus CAMS via Open-Meteo,Sheikhupura_Monsoon_2024-08-12
Sheikhupura,Winter_Peak,11,28.3,43.0,6.6,989.1,9,161.436,5.718,-0.826,0.3268,0.997,57.179,7.763,0.0,0.0502,6.739,157.855,0.0001,19.0,1.02,3.276,0.243,0.01,0.58,53.4,,1,Copernicus CAMS via Open-Meteo,Sheikhupura_Winter_Peak_2023-11-05
Sheikhupura,Summer,5,26.8,35.0,9.8,970.0,0,69.533,9.971,1.312,0.2477,0.692,78.621,27.962,0.0126,0.4501,1.0,69.533,0.00032,29.0,0.552,46.68,-0.054,-0.289,0.14,41.3,,1,Copernicus CAMS via Open-Meteo,Sheikhupura_Summer_2024-05-28
Sheikhupura,Winter_Peak,12,17.9,67.0,5.4,992.4,9,58.512,8.766,0.721,0.2759,0.858,55.119,26.477,0.0518,0.2544,1.043,58.476,0.00051,28.0,0.8602,37.09,0.016,-0.075,0.17,39.1,,1,Copernicus CAMS via Open-Meteo,Sheikhupura_Winter_Peak_2023-12-20
Sheikhupura,Autumn_Harvest,10,24.4,66.0,8.9,981.6,6,105.285,7.208,0.373,0.315,0.859,65.9,9.109,0.0,0.2103,2.086,105.285,0.00016,12.0,0.8115,4.681,0.078,-0.104,0.3,58.2,,1,Copernicus CAMS via Open-Meteo,Sheikhupura_Autumn_Harvest_2023-10-05
Sheikhupura,Winter_Peak,11,24.8,57.0,2.6,988.4,12,52.961,2.067,-0.0,0.3976,1.005,40.214,6.118,0.0,0.0661,2.005,50.876,0.00058,4.0,1.0188,1.978,0.026,0.009,1.45,129.0,,2,Copernicus CAMS via Open-Meteo,Sheikhupura_Winter_Peak_2024-11-15
Sheikhupura,Autumn_Harvest,9,28.3,75.0,6.0,981.3,10,46.382,1.13,-0.008,0.4597,0.978,12.913,3.475,0.0,0.0601,1.86,46.025,0.00023,3.0,0.949,0.638,0.006,-0.026,0.42,27.8,,0,Copernicus CAMS via Open-Meteo,Sheikhupura_Autumn_Harvest_2024-09-28
Sheikhupura,Monsoon,8,27.6,91.0,7.1,977.9,0,113.975,21.4,1.116,0.2556,0.939,39.258,12.69,0.0005,0.1109,3.354,113.951,0.00018,61.0,0.9112,17.016,0.122,-0.046,0.54,22.2,,0,Copernicus CAMS via Open-Meteo,Sheikhupura_Monsoon_2024-08-05
Sheikhupura,Monsoon,8,30.6,78.0,14.1,982.1,0,155.923,31.848,0.085,0.3284,1.056,25.148,13.271,0.0,0.1952,2.757,129.271,0.00011,100.0,1.2062,15.494,0.278,0.093,0.8,52.3,,1,Copernicus CAMS via Open-Meteo,Sheikhupura_Monsoon_2023-08-20
Sheikhupura,Autumn_Harvest,9,26.8,80.0,4.6,981.8,17,130.669,4.766,0.835,0.2254,0.949,72.183,9.256,0.0,0.0908,4.149,130.639,0.00015,14.0,0.9131,4.7,0.152,-0.045,0.49,71.9,,1,Copernicus CAMS via Open-Meteo,Sheikhupura_Autumn_Harvest_2024-09-18
Sheikhupura,Winter_Peak,12,11.5,58.0,8.3,988.9,20,99.18,7.046,0.527,0.2857,0.978,20.004,11.217,0.0,0.1169,2.691,95.969,9e-05,20.0,1.0285,8.027,0.12,0.014,0.07,45.4,,1,Copernicus CAMS via Open-Meteo,Sheikhupura_Winter_Peak_2024-12-05
Sheikhupura,Monsoon,8,27.9,88.0,5.5,980.2,0,133.776,14.565,2.463,0.1449,1.024,60.796,14.947,0.0055,0.1438,2.942,119.293,0.0002,45.0,1.1214,32.085,0.211,0.057,0.74,53.2,,1,Copernicus CAMS via Open-Meteo,Sheikhupura_Monsoon_2024-08-25
Sheikhupura,Monsoon,8,34.3,51.0,3.9,982.2,2,82.196,9.438,0.555,0.3191,0.829,16.856,7.03,0.0,0.3068,1.342,82.196,7e-05,22.0,0.8471,3.676,0.052,-0.083,0.5,50.1,,1,Copernicus CAMS via Open-Meteo,Sheikhupura_Monsoon_2023-08-30
Sheikhupura,Monsoon,7,35.2,56.0,3.1,970.1,2,90.596,10.316,0.137,0.3097,0.891,47.871,17.373,0.0005,0.2216,1.741,90.044,0.00019,22.0,0.9143,17.072,0.081,-0.045,1.01,53.9,,1,Copernicus CAMS via Open-Meteo,Sheikhupura_Monsoon_2024-07-25
Sheikhupura,Summer,5,25.3,34.0,8.9,968.7,1,75.9,10.784,1.37,0.2376,0.769,57.146,26.59,0.0122,0.3661,1.147,75.9,0.00027,29.0,0.6365,43.67,-0.016,-0.222,0.13,36.3,,1,Copernicus CAMS via Open-Meteo,Sheikhupura_Summer_2024-05-28
Sheikhupura,Monsoon,7,28.2,91.0,6.5,978.5,1,144.106,15.712,0.001,0.1615,1.013,132.335,22.939,0.0493,0.0375,6.847,139.4,0.00041,51.0,1.0325,89.179,0.211,0.016,1.02,48.3,,1,Copernicus CAMS via Open-Meteo,Sheikhupura_Monsoon_2023-07-25
Sheikhupura,Winter_Peak,12,18.3,56.0,5.4,991.2,7,75.579,8.096,0.575,0.276,0.874,65.852,23.79,0.0036,0.2284,1.42,75.557,0.00035,25.0,0.8778,28.187,0.048,-0.065,0.22,56.8,,1,Copernicus CAMS via Open-Meteo,Sheikhupura_Winter_Peak_2023-12-10
Sheikhupura,Winter_Peak,11,23.1,48.0,5.5,992.1,10,116.234,3.461,0.493,0.331,1.055,45.0,7.916,0.0,0.117,2.807,102.696,0.00015,9.0,1.1318,3.456,0.174,0.062,0.28,38.0,,1,Copernicus CAMS via Open-Meteo,Sheikhupura_Winter_Peak_2024-11-25
Sheikhupura,Autumn_Harvest,10,16.6,78.0,7.9,989.2,16,75.226,5.934,0.175,0.2446,0.765,22.246,13.043,0.0,0.3233,1.18,75.226,9e-05,15.0,0.6856,10.756,-0.0,-0.187,0.18,41.8,,1,Copernicus CAMS via Open-Meteo,Sheikhupura_Autumn_Harvest_2023-10-25
Sheikhupura,Winter_Peak,11,21.8,54.0,4.0,993.2,12,116.092,2.705,0.593,0.2662,1.043,12.448,5.473,0.0,0.0845,3.427,106.297,4e-05,7.0,1.0395,1.782,0.156,0.019,0.3,55.5,,1,Copernicus CAMS via Open-Meteo,Sheikhupura_Winter_Peak_2024-11-25
Sheikhupura,Winter_Peak,1,12.4,78.0,3.6,992.0,13,220.102,1.99,0.002,0.2388,1.036,36.886,5.848,0.0,0.0577,8.102,207.378,3e-05,4.0,1.0594,1.808,0.376,0.029,1.16,104.5,,2,Copernicus CAMS via Open-Meteo,Sheikhupura_Winter_Peak_2024-01-15
Sheikhupura,Autumn_Harvest,10,27.5,52.0,3.0,992.9,18,85.688,7.32,0.164,0.2653,0.798,76.234,15.84,0.0,0.2991,1.403,85.688,0.00025,17.0,0.7014,14.648,0.016,-0.175,0.19,31.2,,0,Copernicus CAMS via Open-Meteo,Sheikhupura_Autumn_Harvest_2023-10-25
Sheikhupura,Winter_Peak,11,19.0,70.0,7.6,985.9,13,119.213,3.032,0.114,0.3282,1.011,49.583,7.581,0.0,0.0399,5.526,115.519,0.00015,8.0,1.0064,3.108,0.155,0.003,0.09,39.0,,1,Copernicus CAMS via Open-Meteo,Sheikhupura_Winter_Peak_2024-11-01
Sheikhupura,Winter_Peak,11,18.4,86.0,8.6,990.2,14,156.678,5.445,-0.641,0.3265,1.008,80.713,9.011,0.0,0.0691,5.511,149.575,0.00015,17.0,0.9782,4.349,0.22,-0.011,0.72,111.5,,2,Copernicus CAMS via Open-Meteo,Sheikhupura_Winter_Peak_2023-11-05
Sheikhupura,Autumn_Harvest,10,19.3,81.0,7.6,985.6,14,70.919,5.263,0.611,0.2761,0.76,83.205,10.743,0.0,0.3394,1.098,70.919,0.00034,12.0,0.6629,6.403,-0.012,-0.203,0.62,25.6,,0,Copernicus CAMS via Open-Meteo,Sheikhupura_Autumn_Harvest_2023-10-15
Sheikhupura,Autumn_Harvest,10,20.2,78.0,7.4,985.1,10,77.181,5.042,1.052,0.2635,0.775,47.001,9.008,0.0,0.3327,1.2,77.181,0.00017,11.0,0.667,4.743,-0.004,-0.2,0.38,37.4,,1,Copernicus CAMS via Open-Meteo,Sheikhupura_Autumn_Harvest_2023-10-15
Sheikhupura,Winter_Peak,11,16.0,92.0,4.4,989.8,9,140.125,5.334,-0.684,0.3658,0.991,64.211,8.077,0.0,0.0673,5.099,136.851,0.00014,17.0,0.9553,3.479,0.182,-0.023,0.32,83.4,,2,Copernicus CAMS via Open-Meteo,Sheikhupura_Winter_Peak_2023-11-05
Sheikhupura,Monsoon,7,32.5,63.0,6.4,977.0,0,147.831,15.719,0.156,0.1592,1.015,181.941,24.858,0.0524,0.0343,7.23,143.09,0.00051,52.0,1.0158,87.533,0.214,0.008,0.49,37.1,,1,Copernicus CAMS via Open-Meteo,Sheikhupura_Monsoon_2023-07-25
Sheikhupura,Autumn_Harvest,9,33.0,54.0,4.7,980.0,15,112.97,3.782,1.06,0.2656,0.914,28.622,6.463,0.0,0.1685,2.457,112.969,7e-05,12.0,0.9276,2.477,0.124,-0.038,0.64,48.9,,1,Copernicus CAMS via Open-Meteo,Sheikhupura_Autumn_Harvest_2024-09-18
Sheikhupura,Summer,5,26.7,35.0,8.6,978.8,1,93.838,23.727,1.593,0.2015,0.838,184.503,33.405,0.0293,0.2444,1.875,93.816,0.00078,66.0,0.7793,90.997,0.052,-0.124,0.38,25.0,,0,Copernicus CAMS via Open-Meteo,Sheikhupura_Summer_2024-05-18
Sheikhupura,Winter_Peak,11,25.8,56.0,3.1,991.0,10,54.46,1.118,-0.004,0.1688,0.989,12.501,3.381,0.0,0.0387,2.613,53.986,0.00016,2.0,0.9759,0.613,0.024,-0.012,1.5,181.1,,3,Copernicus CAMS via Open-Meteo,Sheikhupura_Winter_Peak_2024-11-15
Sheikhupura,Winter_Peak,12,6.8,96.0,9.6,993.7,10,55.845,8.694,0.626,0.2603,0.868,101.273,26.282,0.0665,0.2345,1.063,55.735,0.00096,28.0,0.8574,35.993,0.011,-0.077,0.13,61.5,,1,Copernicus CAMS via Open-Meteo,Sheikhupura_Winter_Peak_2023-12-20
Sheikhupura,Monsoon,7,28.3,90.0,1.5,969.2,0,92.399,10.615,0.122,0.3259,0.876,36.274,17.138,0.0008,0.2055,1.887,92.382,0.00014,23.0,0.8564,17.555,0.071,-0.077,1.11,44.1,,1,Copernicus CAMS via Open-Meteo,Sheikhupura_Monsoon_2024-07-25
Sheikhupura,Summer,6,28.1,67.0,6.1,974.2,1,199.017,5.347,-1.307,0.1954,1.032,53.17,7.985,0.0,0.0704,6.597,185.101,6e-05,8.0,1.0239,4.86,0.319,0.012,0.61,33.9,,0,Copernicus CAMS via Open-Meteo,Sheikhupura_Summer_2023-06-15
Sheikhupura,Winter_Peak,11,26.8,57.0,4.0,988.7,16,156.677,5.092,-0.985,0.3331,1.047,20.202,4.929,0.0,0.0841,4.639,143.501,5e-05,17.0,1.0918,1.361,0.253,0.044,0.6,55.5,,1,Copernicus CAMS via Open-Meteo,Sheikhupura_Winter_Peak_2023-11-05
Sheikhupura,Winter_Peak,11,14.3,82.0,7.7,990.0,9,119.585,3.434,0.513,0.2605,1.015,39.96,7.786,0.0,0.0866,3.625,111.861,0.00012,9.0,1.0689,3.375,0.17,0.033,0.45,111.1,,2,Copernicus CAMS via Open-Meteo,Sheikhupura_Winter_Peak_2024-11-25
Sheikhupura,Autumn_Harvest,9,26.4,85.0,6.1,976.7,14,91.988,7.744,0.256,0.3073,0.997,29.216,12.795,0.0,0.1638,2.095,84.189,0.00014,21.0,1.0908,10.222,0.115,0.043,0.66,66.8,,1,Copernicus CAMS via Open-Meteo,Sheikhupura_Autumn_Harvest_2024-09-10
Sheikhupura,Winter_Peak,11,14.8,93.0,9.1,990.8,11,128.238,14.518,0.808,0.2211,0.961,81.319,14.198,0.0024,0.0727,4.71,127.994,0.00021,49.0,0.9509,21.573,0.158,-0.025,1.42,70.3,,1,Copernicus CAMS via Open-Meteo,Sheikhupura_Winter_Peak_2023-11-30
Sheikhupura,Autumn_Harvest,10,23.1,73.0,8.7,988.1,12,75.285,4.507,1.289,0.2387,0.733,12.985,7.163,0.0,0.3606,1.132,75.285,4e-05,10.0,0.6472,3.258,-0.013,-0.214,0.52,34.6,,0,Copernicus CAMS via Open-Meteo,Sheikhupura_Autumn_Harvest_2023-10-15
Sheikhupura,Monsoon,8,31.9,66.0,2.9,978.3,1,130.084,20.129,0.423,0.3005,1.012,39.848,20.244,0.0005,0.0435,5.847,125.644,0.00017,60.0,1.0184,30.953,0.18,0.009,0.35,12.9,,0,Copernicus CAMS via Open-Meteo,Sheikhupura_Monsoon_2024-08-12
Sheikhupura,Autumn_Harvest,10,24.3,78.0,3.9,983.8,9,120.412,5.546,0.806,0.2466,0.948,18.24,6.416,0.0,0.1315,3.007,120.139,5e-05,19.0,0.985,2.586,0.153,-0.008,0.86,66.1,,1,Copernicus CAMS via Open-Meteo,Sheikhupura_Autumn_Harvest_2024-10-05
Sheikhupura,Winter_Peak,12,17.1,68.0,10.0,991.7,12,91.678,10.027,0.748,0.2553,1.006,40.269,18.036,0.0001,0.064,3.497,88.155,0.00023,26.0,1.0197,17.499,0.103,0.01,0.3,47.8,,1,Copernicus CAMS via Open-Meteo,Sheikhupura_Winter_Peak_2023-12-01
Sheikhupura,Winter_Peak,1,5.6,94.0,2.5,992.8,16,195.601,2.417,0.006,0.3552,0.982,53.874,7.108,0.0,0.0537,7.931,194.514,5e-05,6.0,0.9515,2.654,0.284,-0.025,1.01,117.6,,2,Copernicus CAMS via Open-Meteo,Sheikhupura_Winter_Peak_2024-01-15
Sheikhupura,Monsoon,7,35.4,53.0,6.1,973.5,3,188.995,12.562,-0.352,0.2618,1.071,47.667,11.6,0.0,0.1512,3.741,160.553,8e-05,46.0,1.1771,14.337,0.346,0.081,1.14,53.4,,1,Copernicus CAMS via Open-Meteo,Sheikhupura_Monsoon_2023-07-15
Sheikhupura,Monsoon,8,26.2,77.0,6.7,979.7,2,78.281,9.634,0.485,0.2954,0.794,58.959,10.004,0.0,0.323,1.253,78.281,0.00022,22.0,0.7642,6.328,0.026,-0.134,0.43,55.3,,1,Copernicus CAMS via Open-Meteo,Sheikhupura_Monsoon_2023-08-30
Sheikhupura,Summer,5,14.1,69.0,7.6,978.9,0,64.191,10.153,1.689,0.2521,0.686,72.316,30.194,0.0135,0.4449,0.929,64.191,0.00036,30.0,0.5572,53.115,-0.054,-0.284,0.27,23.1,,0,Copernicus CAMS via Open-Meteo,Sheikhupura_Summer_2024-05-01
Sheikhupura,Winter_Peak,1,5.8,95.0,2.5,992.7,5,181.882,2.217,0.007,0.3867,0.927,45.26,6.542,0.0,0.1166,4.88,181.882,4e-05,5.0,0.9061,2.242,0.24,-0.049,1.07,115.9,,2,Copernicus CAMS via Open-Meteo,Sheikhupura_Winter_Peak_2024-01-15
Sheikhupura,Winter_Peak,11,30.0,36.0,6.7,988.2,16,107.101,2.887,0.097,0.3027,0.97,38.192,6.882,0.0,0.055,4.424,106.987,0.00013,8.0,0.9603,2.577,0.121,-0.02,0.15,27.6,,0,Copernicus CAMS via Open-Meteo,Sheikhupura_Winter_Peak_2024-11-01
Sheikhupura,Autumn_Harvest,10,22.5,67.0,1.4,990.7,15,85.069,6.819,0.208,0.2627,0.765,39.899,15.373,0.0,0.3251,1.335,85.069,0.00012,17.0,0.6783,14.27,0.008,-0.192,0.16,55.4,,1,Copernicus CAMS via Open-Meteo,Sheikhupura_Autumn_Harvest_2023-10-25
Sheikhupura,Autumn_Harvest,10,23.1,63.0,6.8,985.4,8,101.024,4.011,0.282,0.252,0.857,45.323,8.254,0.0,0.2117,1.938,101.024,0.00012,11.0,0.7936,3.979,0.067,-0.115,0.25,72.4,,1,Copernicus CAMS via Open-Meteo,Sheikhupura_Autumn_Harvest_2024-10-15
Sheikhupura,Monsoon,7,28.1,85.0,5.1,979.6,0,146.225,15.697,-0.021,0.148,0.972,206.278,26.56,0.0489,0.0784,5.064,145.077,0.00049,55.0,0.9896,99.302,0.204,-0.005,1.13,37.0,,1,Copernicus CAMS via Open-Meteo,Sheikhupura_Monsoon_2023-07-25
Sheikhupura,Summer,6,36.4,44.0,8.9,973.7,2,115.981,10.906,2.6,0.1452,0.848,78.991,11.798,0.004,0.2225,2.18,115.981,0.00019,32.0,0.7821,19.138,0.084,-0.122,0.62,41.9,,1,Copernicus CAMS via Open-Meteo,Sheikhupura_Summer_2024-06-20
Sheikhupura,Winter_Peak,12,11.6,98.0,5.8,994.0,15,85.438,9.879,0.646,0.2533,0.913,24.206,16.701,0.0,0.1419,2.172,85.427,0.00015,29.0,0.8646,16.782,0.061,-0.073,1.13,63.1,,1,Copernicus CAMS via Open-Meteo,Sheikhupura_Winter_Peak_2023-12-01
Sheikhupura,Summer,6,35.8,32.0,3.3,978.7,1,79.811,6.807,-0.119,0.2965,0.748,81.984,11.706,0.0,0.3793,1.187,79.811,0.00026,16.0,0.6209,7.491,-0.019,-0.234,0.23,27.1,,0,Copernicus CAMS via Open-Meteo,Sheikhupura_Summer_2024-06-10
Sheikhupura,Monsoon,8,35.6,55.0,6.0,979.0,3,132.437,27.216,0.099,0.3185,1.006,32.985,13.191,0.0,0.0882,5.134,125.97,0.00016,87.0,1.0494,15.005,0.192,0.024,0.82,51.2,,1,Copernicus CAMS via Open-Meteo,Sheikhupura_Monsoon_2023-08-20
Gujranwala,Autumn_Harvest,9,24.9,78.0,0.8,979.1,15,116.449,3.854,0.962,0.2245,0.928,17.707,5.633,0.0,0.1583,2.626,116.411,4e-05,12.0,0.9573,1.932,0.138,-0.022,0.5,65.2,,1,Copernicus CAMS via Open-Meteo (cached),Gujranwala_Autumn_Harvest_2024-09-18
Gujranwala,Summer,5,25.0,31.0,7.6,966.8,1,65.259,11.643,2.748,0.2131,0.72,91.83,26.431,0.0161,0.4372,0.945,65.259,0.00055,30.0,0.5656,48.045,-0.05,-0.277,0.11,22.8,,0,Copernicus CAMS via Open-Meteo (cached),Gujranwala_Summer_2024-05-28
Gujranwala,Winter_Peak,1,5.2,100.0,2.5,989.4,8,201.051,1.994,0.001,0.2317,1.028,36.555,5.883,0.0,0.0469,8.274,191.597,4e-05,5.0,1.0412,1.809,0.33,0.02,0.78,169.5,,3,Copernicus CAMS via Open-Meteo (cached),Gujranwala_Winter_Peak_2024-01-15
Gujranwala,Summer,5,26.2,64.0,3.3,978.0,0,92.307,36.037,0.377,0.3172,0.893,342.684,49.967,0.1141,0.1948,2.33,92.282,0.00174,100.0,0.8601,200.554,0.072,-0.075,0.75,39.3,,1,Copernicus CAMS via Open-Meteo (cached),Gujranwala_Summer_2023-05-25
Gujranwala,Summer,5,25.7,50.0,5.4,977.6,0,49.336,8.881,0.62,0.2658,0.71,92.094,23.735,0.0263,0.4059,0.738,49.336,0.00073,27.0,0.6017,30.485,-0.047,-0.249,0.22,18.3,,0,Copernicus CAMS via Open-Meteo (cached),Gujranwala_Summer_2024-05-01
Gujranwala,Autumn_Harvest,10,25.0,53.0,5.8,983.4,8,110.901,5.408,0.086,0.2956,0.909,78.192,9.997,0.0,0.171,2.439,110.864,0.0002,13.0,0.9145,5.624,0.117,-0.045,0.2,68.2,,1,Copernicus CAMS via Open-Meteo (cached),Gujranwala_Autumn_Harvest_2024-10-15
Gujranwala,Winter_Peak,11,15.5,100.0,2.8,988.6,13,153.534,6.513,1.649,0.2119,0.977,26.627,7.046,0.0,0.0409,7.028,153.52,5e-05,23.0,0.9593,7.915,0.208,-0.021,1.83,291.5,,3,Copernicus CAMS via Open-Meteo (cached),Gujranwala_Winter_Peak_2024-11-15
Gujranwala,Summer,5,33.4,36.0,9.3,978.5,3,114.626,32.905,0.667,0.2724,0.908,370.228,45.117,0.0536,0.1623,3.542,114.585,0.00135,88.0,0.853,194.561,0.106,-0.079,0.48,26.5,,0,Copernicus CAMS via Open-Meteo (cached),Gujranwala_Summer_2024-05-18
Gujranwala,Winter_Peak,11,21.3,65.0,1.8,989.5,10,125.549,6.964,0.457,0.2613,1.007,49.128,8.11,0.0,0.0639,4.661,120.231,0.00014,17.0,1.0422,3.796,0.176,0.021,0.33,63.1,,1,Copernicus CAMS via Open-Meteo (cached),Gujranwala_Winter_Peak_2023-11-05
Gujranwala,Winter_Peak,11,15.6,94.0,5.5,990.6,7,93.246,23.743,0.953,0.1818,0.925,113.18,23.991,0.0229,0.1437,2.617,92.78,0.00068,82.0,0.9142,62.028,0.086,-0.045,1.47,58.2,,1,Copernicus CAMS via Open-Meteo (cached),Gujranwala_Winter_Peak_2023-11-30
Gujranwala,Autumn_Harvest,9,32.3,69.0,4.0,976.7,8,89.774,10.514,0.381,0.2796,0.937,52.034,13.244,0.0004,0.2465,1.602,84.809,0.00023,27.0,1.0497,11.583,0.104,0.024,0.75,55.5,,1,Copernicus CAMS via Open-Meteo (cached),Gujranwala_Autumn_Harvest_2024-09-10
Gujranwala,Winter_Peak,12,9.0,86.0,8.9,987.6,9,84.98,9.99,0.279,0.3016,0.881,89.027,24.86,0.0046,0.1944,1.777,84.968,0.00039,30.0,0.8518,33.259,0.058,-0.08,0.3,83.8,,2,Copernicus CAMS via Open-Meteo (cached),Gujranwala_Winter_Peak_2023-12-10
Gujranwala,Summer,6,33.2,32.0,11.6,978.0,0,90.551,8.331,-0.047,0.2865,0.808,62.163,13.566,0.0,0.2737,1.542,90.551,0.00019,20.0,0.7381,11.369,0.035,-0.151,0.51,21.8,,0,Copernicus CAMS via Open-Meteo (cached),Gujranwala_Summer_2023-06-05
Gujranwala,Monsoon,8,32.2,71.0,4.4,977.7,0,150.297,17.255,0.721,0.3042,0.973,286.238,36.993,0.0564,0.0931,4.685,148.187,0.00071,59.0,1.002,121.996,0.215,0.001,0.88,43.3,,1,Copernicus CAMS via Open-Meteo (cached),Gujranwala_Monsoon_2024-08-25
Gujranwala,Summer,6,33.0,35.0,10.2,968.9,2,109.922,3.948,0.006,0.3396,0.913,59.187,8.767,0.0,0.1465,2.627,109.922,0.00016,12.0,0.854,4.355,0.099,-0.079,0.58,40.7,,1,Copernicus CAMS via Open-Meteo (cached),Gujranwala_Summer_2024-06-20
Gujranwala,Winter_Peak,11,27.9,44.0,7.8,987.5,10,119.405,6.31,0.31,0.2984,1.005,38.422,7.152,0.0,0.036,5.786,116.693,0.00013,16.0,1.002,2.953,0.155,0.001,0.44,48.8,,1,Copernicus CAMS via Open-Meteo (cached),Gujranwala_Winter_Peak_2023-11-05
Gujranwala,Summer,6,31.0,53.0,2.1,972.0,1,125.579,4.353,-0.054,0.3261,0.906,61.262,9.36,0.0,0.147,2.979,125.579,0.00013,13.0,0.8563,4.929,0.125,-0.077,0.5,33.6,,0,Copernicus CAMS via Open-Meteo (cached),Gujranwala_Summer_2024-06-20
Gujranwala,Autumn_Harvest,10,16.5,88.0,8.4,987.2,17,78.715,9.779,0.255,0.2696,0.755,80.111,21.633,0.0022,0.3397,1.233,78.715,0.00029,26.0,0.6757,26.862,0.0,-0.194,0.17,38.2,,1,Copernicus CAMS via Open-Meteo (cached),Gujranwala_Autumn_Harvest_2023-10-25
Gujranwala,Monsoon,7,27.4,92.0,7.3,974.4,2,176.372,19.408,0.731,0.2983,1.012,78.04,13.663,0.022,0.0544,6.789,168.353,0.00018,46.0,0.9917,41.668,0.263,-0.004,1.16,49.5,,1,Copernicus CAMS via Open-Meteo (cached),Gujranwala_Monsoon_2023-07-15
Gujranwala,Autumn_Harvest,10,18.7,79.0,8.0,980.9,12,111.419,5.776,0.195,0.2903,0.953,50.578,8.173,0.0,0.1021,3.392,110.987,0.00014,12.0,0.962,3.787,0.13,-0.019,0.31,61.5,,1,Copernicus CAMS via Open-Meteo (cached),Gujranwala_Autumn_Harvest_2023-10-05
Gujranwala,Winter_Peak,1,7.1,98.0,2.9,991.9,18,199.124,2.255,0.001,0.2694,1.019,47.503,6.636,0.0,0.0667,6.853,187.429,5e-05,5.0,0.9958,2.321,0.309,-0.002,1.23,109.7,,2,Copernicus CAMS via Open-Meteo (cached),Gujranwala_Winter_Peak_2024-01-15
Gujranwala,Summer,6,29.0,59.0,4.7,971.4,1,120.885,3.997,-0.046,0.3385,0.932,44.497,8.255,0.0,0.1425,2.918,120.839,0.00011,12.0,0.8574,3.922,0.118,-0.077,0.5,32.5,,0,Copernicus CAMS via Open-Meteo (cached),Gujranwala_Summer_2024-06-20
Gujranwala,Monsoon,7,29.2,79.0,6.9,976.9,2,179.331,11.114,0.223,0.2392,0.985,126.863,22.841,0.0,0.0441,7.937,178.266,0.00024,48.0,0.9954,49.796,0.27,-0.002,0.91,62.2,,1,Copernicus CAMS via Open-Meteo (cached),Gujranwala_Monsoon_2024-07-10
Gujranwala,Autumn_Harvest,10,23.9,92.0,6.6,980.6,6,145.939,4.087,0.17,0.333,1.007,81.161,9.286,0.0,0.0995,4.116,136.929,0.00015,11.0,1.0656,4.57,0.224,0.032,0.53,61.9,,1,Copernicus CAMS via Open-Meteo (cached),Gujranwala_Autumn_Harvest_2024-10-05
Gujranwala,Autumn_Harvest,10,20.9,81.0,4.3,985.9,14,127.033,4.195,0.249,0.2683,1.018,69.806,9.305,0.0,0.0609,4.827,120.584,0.00018,10.0,1.0512,4.63,0.181,0.025,0.87,103.4,,2,Copernicus CAMS via Open-Meteo (cached),Gujranwala_Autumn_Harvest_2024-10-22
Gujranwala,Autumn_Harvest,9,32.5,51.0,10.6,979.5,15,55.547,1.154,0.016,0.1967,0.974,14.0,3.605,0.0,0.0538,2.337,55.414,0.00017,3.0,0.9518,0.687,0.023,-0.025,0.76,30.2,,0,Copernicus CAMS via Open-Meteo (cached),Gujranwala_Autumn_Harvest_2024-09-28
Gujranwala,Summer,5,28.5,26.0,8.3,977.7,1,55.293,9.631,0.693,0.2404,0.715,47.756,24.044,0.0184,0.4319,0.812,55.293,0.00035,28.0,0.5695,31.587,-0.054,-0.274,0.24,17.6,,0,Copernicus CAMS via Open-Meteo (cached),Gujranwala_Summer_2024-05-01
Gujranwala,Winter_Peak,11,17.6,67.0,7.5,983.1,5,111.864,10.716,1.779,0.1853,0.944,75.876,11.627,0.0,0.0973,3.507,111.734,0.00022,26.0,0.9242,10.666,0.121,-0.039,0.09,29.0,,0,Copernicus CAMS via Open-Meteo (cached),Gujranwala_Winter_Peak_2024-11-01
Gujranwala,Autumn_Harvest,10,18.5,79.0,7.9,980.6,10,107.606,5.659,0.105,0.2959,0.872,34.14,7.424,0.0,0.2188,2.034,107.606,9e-05,12.0,0.7811,3.246,0.072,-0.123,0.31,61.5,,1,Copernicus CAMS via Open-Meteo (cached),Gujranwala_Autumn_Harvest_2023-10-05
Gujranwala,Monsoon,8,28.1,86.0,4.2,975.0,0,104.937,17.38,0.358,0.313,0.961,68.126,22.776,0.0036,0.2001,2.192,98.896,0.00028,46.0,1.0532,40.047,0.136,0.026,0.52,37.1,,1,Copernicus CAMS via Open-Meteo (cached),Gujranwala_Monsoon_2024-08-12
Gujranwala,Winter_Peak,11,15.1,87.0,9.8,988.8,15,93.227,23.887,1.019,0.1711,0.925,61.424,21.928,0.0225,0.1316,2.799,92.923,0.00052,82.0,0.8825,57.404,0.078,-0.062,1.07,53.4,,1,Copernicus CAMS via Open-Meteo (cached),Gujranwala_Winter_Peak_2023-11-30
Gujranwala,Monsoon,8,31.0,75.0,3.1,978.7,1,165.61,19.027,0.73,0.2918,1.024,320.683,38.746,0.0554,0.0705,5.919,155.245,0.00074,61.0,1.0653,132.226,0.265,0.032,0.88,42.0,,1,Copernicus CAMS via Open-Meteo (cached),Gujranwala_Monsoon_2024-08-25
Gujranwala,Winter_Peak,1,8.1,97.0,2.2,991.6,8,184.623,2.579,0.01,0.3658,0.961,61.035,7.583,0.0,0.0748,6.392,184.602,6e-05,6.0,0.9594,3.011,0.267,-0.021,1.38,108.5,,2,Copernicus CAMS via Open-Meteo (cached),Gujranwala_Winter_Peak_2024-01-15
Gujranwala,Summer,5,25.4,30.0,9.2,966.5,2,59.724,9.535,1.766,0.246,0.754,56.375,21.197,0.0131,0.3763,0.898,59.724,0.00041,27.0,0.6262,30.016,-0.033,-0.23,0.11,23.6,,0,Copernicus CAMS via Open-Meteo (cached),Gujranwala_Summer_2024-05-28
Gujranwala,Winter_Peak,11,22.2,75.0,0.5,990.4,9,161.811,6.656,1.754,0.1954,1.009,28.634,7.153,0.0,0.0655,5.664,154.207,5e-05,24.0,1.0493,7.76,0.252,0.024,1.63,238.4,,3,Copernicus CAMS via Open-Meteo (cached),Gujranwala_Winter_Peak_2024-11-15
Gujranwala,Autumn_Harvest,9,29.7,66.0,2.6,981.4,17,166.375,28.681,-0.241,0.3449,1.024,141.584,39.537,0.0106,0.12,4.09,150.588,0.00038,85.0,1.1048,120.56,0.277,0.05,0.63,27.5,,0,Copernicus CAMS via Open-Meteo (cached),Gujranwala_Autumn_Harvest_2023-09-25
Gujranwala,Autumn_Harvest,9,29.5,65.0,0.8,981.6,6,52.262,1.166,-0.016,0.4189,0.972,14.347,3.666,0.0,0.0623,2.048,52.088,0.00019,3.0,0.9741,0.707,0.02,-0.013,0.77,25.6,,0,Copernicus CAMS via Open-Meteo (cached),Gujranwala_Autumn_Harvest_2024-09-28
Gujranwala,Autumn_Harvest,10,29.2,46.0,6.1,982.0,8,113.164,5.386,0.06,0.3172,0.903,77.946,10.137,0.0,0.1511,2.685,113.163,0.00019,13.0,0.8643,5.769,0.107,-0.073,0.27,34.5,,0,Copernicus CAMS via Open-Meteo (cached),Gujranwala_Autumn_Harvest_2024-10-15
Gujranwala,Autumn_Harvest,10,23.7,86.0,6.3,979.1,10,158.651,4.397,0.499,0.293,1.002,60.994,8.404,0.0,0.0479,6.785,154.453,0.0001,13.0,1.0249,3.698,0.239,0.012,0.45,70.1,,1,Copernicus CAMS via Open-Meteo (cached),Gujranwala_Autumn_Harvest_2024-10-05
Gujranwala,Winter_Peak,11,25.3,49.0,0.9,985.7,16,101.5,9.573,1.815,0.1825,0.934,37.929,9.369,0.0,0.1082,2.946,101.48,0.00014,24.0,0.8977,7.865,0.096,-0.054,0.13,52.9,,1,Copernicus CAMS via Open-Meteo (cached),Gujranwala_Winter_Peak_2024-11-01
Gujranwala,Autumn_Harvest,10,18.7,79.0,8.0,980.9,8,104.745,5.288,0.224,0.3,0.876,57.225,8.302,0.0,0.1967,2.114,104.744,0.00015,12.0,0.8036,3.845,0.075,-0.109,0.31,61.5,,1,Copernicus CAMS via Open-Meteo (cached),Gujranwala_Autumn_Harvest_2023-10-05
Gujranwala,Summer,5,16.3,64.0,7.6,977.5,0,59.67,10.552,0.632,0.2661,0.713,82.538,28.795,0.0291,0.4166,0.885,59.67,0.0005,32.0,0.5853,42.473,-0.046,-0.262,0.33,21.8,,0,Copernicus CAMS via Open-Meteo (cached),Gujranwala_Summer_2024-05-01
Gujranwala,Autumn_Harvest,10,27.6,54.0,2.2,986.6,7,125.227,3.41,0.316,0.3177,0.999,12.828,6.006,0.0,0.0211,7.153,124.019,4e-05,9.0,0.9981,1.983,0.165,-0.001,1.34,125.7,,2,Copernicus CAMS via Open-Meteo (cached),Gujranwala_Autumn_Harvest_2024-10-22
Gujranwala,Monsoon,7,29.3,84.0,6.2,975.5,1,156.402,17.323,0.714,0.3005,1.017,89.238,13.667,0.0222,0.0774,5.036,146.806,0.00023,42.0,1.0654,35.148,0.245,0.032,1.14,61.7,,1,Copernicus CAMS via Open-Meteo (cached),Gujranwala_Monsoon_2023-07-15
Gujranwala,Monsoon,8,26.9,96.0,3.3,975.3,0,132.883,18.303,1.274,0.2064,0.981,58.493,15.674,0.0022,0.1155,3.787,128.334,0.0002,58.0,1.0316,22.792,0.189,0.016,0.48,23.3,,0,Copernicus CAMS via Open-Meteo (cached),Gujranwala_Monsoon_2024-08-05
Gujranwala,Monsoon,8,35.3,46.0,6.0,977.8,0,84.265,11.12,1.318,0.2165,0.843,62.179,11.284,0.0,0.2882,1.465,84.255,0.00023,26.0,0.864,8.411,0.059,-0.073,0.47,43.0,,1,Copernicus CAMS via Open-Meteo (cached),Gujranwala_Monsoon_2023-08-30
Gujranwala,Summer,5,34.0,34.0,12.2,979.1,1,96.528,38.617,0.42,0.3108,0.961,323.29,47.744,0.1151,0.1259,3.512,94.329,0.00178,101.0,0.9336,176.673,0.096,-0.034,0.77,38.2,,1,Copernicus CAMS via Open-Meteo (cached),Gujranwala_Summer_2023-05-25
Gujranwala,Winter_Peak,12,11.6,83.0,10.5,990.3,7,94.141,14.803,0.171,0.3103,0.982,65.727,23.897,0.0073,0.0952,3.136,91.356,0.00041,40.0,1.0081,34.442,0.106,0.004,0.17,73.3,,1,Copernicus CAMS via Open-Meteo (cached),Gujranwala_Winter_Peak_2023-12-20
Gujranwala,Winter_Peak,11,13.4,80.0,7.6,988.4,12,119.774,4.354,1.176,0.2694,1.006,24.753,7.8,0.0,0.0882,3.628,113.234,8e-05,12.0,1.0574,3.803,0.168,0.028,0.37,101.0,,2,Copernicus CAMS via Open-Meteo (cached),Gujranwala_Winter_Peak_2024-11-25
Gujranwala,Monsoon,8,30.0,89.0,3.2,974.8,1,91.798,17.207,1.426,0.2276,0.959,79.231,30.641,0.0396,0.1829,1.98,87.831,0.0005,47.0,1.0371,62.34,0.106,0.018,0.64,51.1,,1,Copernicus CAMS via Open-Meteo (cached),Gujranwala_Monsoon_2023-08-05
Gujranwala,Winter_Peak,11,17.9,75.0,4.7,988.6,11,125.836,6.266,0.607,0.3049,1.008,14.203,5.393,0.0,0.0403,5.775,121.926,5e-05,15.0,1.0311,1.885,0.174,0.015,0.31,75.9,,2,Copernicus CAMS via Open-Meteo (cached),Gujranwala_Winter_Peak_2023-11-05
Gujranwala,Autumn_Harvest,9,21.2,89.0,10.0,981.6,13,154.488,26.624,-0.244,0.3471,0.997,130.658,37.318,0.0108,0.0313,8.25,152.678,0.00038,81.0,0.9994,105.877,0.223,-0.0,0.63,43.0,,1,Copernicus CAMS via Open-Meteo (cached),Gujranwala_Autumn_Harvest_2023-09-25
Gujranwala,Autumn_Harvest,9,31.9,56.0,11.1,978.8,11,47.887,2.461,-0.005,0.2549,0.996,55.535,7.172,0.0,0.0816,1.656,46.0,0.00096,6.0,0.9918,2.715,0.013,-0.004,0.74,29.9,,0,Copernicus CAMS via Open-Meteo (cached),Gujranwala_Autumn_Harvest_2024-09-28
Gujranwala,Monsoon,7,30.2,75.0,8.7,976.4,2,155.055,11.258,-0.188,0.2375,1.028,135.705,21.774,0.0,0.0817,4.884,143.535,0.00032,44.0,1.0802,36.524,0.247,0.039,0.78,67.1,,1,Copernicus CAMS via Open-Meteo (cached),Gujranwala_Monsoon_2024-07-10
Gujranwala,Summer,4,29.0,45.0,8.1,980.2,2,68.073,5.723,0.26,0.2894,0.685,21.659,9.687,0.0,0.436,0.982,68.073,8e-05,14.0,0.5637,5.631,-0.05,-0.279,0.23,30.9,,0,Copernicus CAMS via Open-Meteo (cached),Gujranwala_Summer_2024-04-20
Gujranwala,Monsoon,8,25.2,93.0,6.8,975.7,1,89.131,14.237,0.428,0.2902,0.949,61.61,18.949,0.0028,0.1552,2.313,87.079,0.00033,38.0,0.9866,30.38,0.092,-0.007,0.62,18.7,,0,Copernicus CAMS via Open-Meteo (cached),Gujranwala_Monsoon_2024-08-12
Gujranwala,Winter_Peak,11,16.3,89.0,7.5,990.4,10,116.872,28.756,1.083,0.1757,0.918,78.206,25.573,0.0161,0.1359,3.49,116.776,0.00036,100.0,0.8782,73.817,0.117,-0.065,1.92,53.6,,1,Copernicus CAMS via Open-Meteo (cached),Gujranwala_Winter_Peak_2023-11-30
Gujranwala,Summer,6,25.9,36.0,8.7,974.4,2,66.293,5.539,-0.171,0.2867,0.727,32.187,10.458,0.0,0.369,0.991,66.293,0.00014,18.0,0.643,6.52,-0.022,-0.217,0.25,31.9,,0,Copernicus CAMS via Open-Meteo (cached),Gujranwala_Summer_2024-06-10
Gujranwala,Winter_Peak,1,8.7,93.0,7.7,991.3,9,167.716,2.908,-0.006,0.2688,1.029,76.799,8.479,0.0,0.0866,4.978,154.392,0.00012,7.0,1.0863,3.786,0.275,0.041,0.6,135.5,,2,Copernicus CAMS via Open-Meteo (cached),Gujranwala_Winter_Peak_2024-01-05
Gujranwala,Summer,6,24.2,92.0,5.1,976.2,1,97.4,24.404,1.201,0.2366,0.859,35.461,18.016,0.0093,0.2309,2.016,97.397,0.00024,62.0,0.7785,30.37,0.057,-0.125,0.78,29.3,,0,Copernicus CAMS via Open-Meteo (cached),Gujranwala_Summer_2023-06-15
Gujranwala,Autumn_Harvest,10,19.9,88.0,6.2,986.2,8,130.872,3.646,0.29,0.2988,0.996,23.544,6.929,0.0,0.089,3.95,125.525,6e-05,10.0,1.0423,2.636,0.187,0.021,0.95,103.1,,2,Copernicus CAMS via Open-Meteo (cached),Gujranwala_Autumn_Harvest_2024-10-22
Gujranwala,Monsoon,8,31.7,69.0,8.6,975.7,2,151.126,17.53,0.721,0.2991,0.998,311.253,37.613,0.0553,0.097,4.625,143.948,0.00078,57.0,1.048,116.909,0.23,0.023,0.74,44.9,,1,Copernicus CAMS via Open-Meteo (cached),Gujranwala_Monsoon_2024-08-25
Gujranwala,Monsoon,8,34.8,61.0,4.1,976.4,1,153.747,15.876,0.422,0.3339,0.966,74.916,17.673,0.0004,0.0784,5.34,153.252,0.00015,48.0,0.9737,26.83,0.213,-0.013,0.75,48.4,,1,Copernicus CAMS via Open-Meteo (cached),Gujranwala_Monsoon_2023-08-20
Gujranwala,Winter_Peak,12,14.8,69.0,6.9,987.1,13,113.115,7.515,-0.092,0.3401,0.992,28.325,8.514,0.0,0.0501,4.848,111.126,0.0001,19.0,0.977,4.593,0.137,-0.012,0.09,92.4,,2,Copernicus CAMS via Open-Meteo (cached),Gujranwala_Winter_Peak_2024-12-05
Gujranwala,Summer,5,29.1,49.0,9.2,978.9,1,97.283,37.082,0.365,0.3215,0.914,295.467,49.481,0.1098,0.16,3.128,97.278,0.00153,99.0,0.8655,200.722,0.081,-0.072,0.49,28.3,,0,Copernicus CAMS via Open-Meteo (cached),Gujranwala_Summer_2023-05-25
Gujranwala,Monsoon,7,25.8,94.0,11.5,977.8,1,184.837,11.648,0.257,0.2541,1.018,128.924,24.607,0.0,0.0374,8.548,178.336,0.00025,46.0,1.0233,53.352,0.291,0.011,1.05,52.0,,1,Copernicus CAMS via Open-Meteo (cached),Gujranwala_Monsoon_2024-07-10
Gujranwala,Summer,6,33.7,29.0,9.1,976.9,4,88.936,8.038,-0.078,0.2943,0.826,32.853,12.11,0.0,0.2503,1.586,88.936,0.00011,19.0,0.7661,9.501,0.041,-0.132,0.42,16.1,,0,Copernicus CAMS via Open-Meteo (cached),Gujranwala_Summer_2023-06-05
Gujranwala,Autumn_Harvest,9,31.4,57.0,2.4,981.1,9,49.302,2.783,0.004,0.3325,1.01,71.591,8.135,0.0,0.0972,1.532,46.295,0.0012,6.0,1.0366,3.511,0.02,0.018,0.76,27.1,,0,Copernicus CAMS via Open-Meteo (cached),Gujranwala_Autumn_Harvest_2024-09-28
Gujranwala,Monsoon,8,29.8,65.0,6.1,978.5,2,79.225,10.151,1.359,0.2037,0.844,60.904,10.415,0.0,0.2659,1.417,79.223,0.00026,25.0,0.8327,6.816,0.044,-0.091,0.33,51.6,,1,Copernicus CAMS via Open-Meteo (cached),Gujranwala_Monsoon_2023-08-30
Gujranwala,Autumn_Harvest,10,31.6,56.0,9.9,982.5,7,145.577,4.109,0.442,0.272,1.035,35.798,6.649,0.0,0.1238,3.366,129.394,8e-05,11.0,1.1251,2.324,0.237,0.059,0.52,64.7,,1,Copernicus CAMS via Open-Meteo (cached),Gujranwala_Autumn_Harvest_2024-10-05
Gujranwala,Monsoon,7,29.8,86.0,4.9,974.8,0,168.951,11.961,-0.148,0.2385,1.068,109.011,20.343,0.0,0.1178,4.026,149.182,0.00027,45.0,1.1325,38.035,0.29,0.062,0.76,96.6,,2,Copernicus CAMS via Open-Meteo (cached),Gujranwala_Monsoon_2024-07-10
Gujranwala,Monsoon,8,25.4,92.0,6.0,975.9,0,104.294,15.889,0.289,0.2936,0.963,31.397,19.173,0.002,0.1804,2.353,99.249,0.00017,43.0,1.0424,30.141,0.133,0.021,0.58,19.8,,0,Copernicus CAMS via Open-Meteo (cached),Gujranwala_Monsoon_2024-08-12
Gujranwala,Autumn_Harvest,9,22.7,97.0,5.0,980.5,14,50.329,2.173,-0.002,0.294,0.992,44.124,6.378,0.0,0.0712,1.864,48.861,0.00069,5.0,0.9788,2.161,0.017,-0.011,1.21,27.2,,0,Copernicus CAMS via Open-Meteo (cached),Gujranwala_Autumn_Harvest_2024-09-28
Gujranwala,Summer,5,29.9,50.0,3.3,978.6,2,101.491,39.677,0.39,0.311,0.906,404.59,54.046,0.1105,0.177,2.816,101.407,0.00172,110.0,0.879,235.828,0.092,-0.064,0.73,39.9,,1,Copernicus CAMS via Open-Meteo (cached),Gujranwala_Summer_2023-05-25
Gujranwala,Autumn_Harvest,9,27.0,95.0,9.2,977.9,14,129.982,17.126,1.206,0.2294,0.99,97.815,14.313,0.0042,0.0582,5.287,127.548,0.00033,57.0,1.0029,22.11,0.176,0.001,1.44,69.2,,1,Copernicus CAMS via Open-Meteo (cached),Gujranwala_Autumn_Harvest_2023-09-15
Gujranwala,Monsoon,7,31.3,76.0,4.7,977.9,1,196.518,3.713,-1.087,0.2514,0.988,39.357,7.235,0.0,0.0261,10.639,196.165,4e-05,13.0,0.9868,3.368,0.3,-0.007,0.83,40.2,,1,Copernicus CAMS via Open-Meteo (cached),Gujranwala_Monsoon_2023-07-25
Gujranwala,Winter_Peak,12,9.7,90.0,7.1,987.7,11,70.369,8.188,0.395,0.2807,0.831,37.622,21.38,0.0044,0.2561,1.237,70.369,0.00023,26.0,0.7833,26.168,0.02,-0.122,0.32,92.0,,2,Copernicus CAMS via Open-Meteo (cached),Gujranwala_Winter_Peak_2023-12-10
Gujranwala,Summer,6,33.4,19.0,7.1,974.5,2,63.255,5.321,-0.093,0.34,0.695,27.761,10.463,0.0,0.4267,0.912,63.255,0.00013,18.0,0.5735,6.621,-0.048,-0.271,0.17,14.9,,0,Copernicus CAMS via Open-Meteo (cached),Gujranwala_Summer_2024-06-10
Gujranwala,Summer,5,37.1,16.0,15.6,975.0,0,109.453,30.564,0.725,0.2668,0.889,345.561,43.32,0.0506,0.1887,2.582,109.401,0.00128,87.0,0.8607,184.474,0.1,-0.075,0.45,25.8,,0,Copernicus CAMS via Open-Meteo (cached),Gujranwala_Summer_2024-05-18
Gujranwala,Winter_Peak,12,5.7,84.0,9.4,992.4,7,88.417,15.144,0.375,0.3291,0.941,40.577,25.765,0.0133,0.1125,2.709,88.317,0.00036,42.0,0.9192,39.186,0.078,-0.042,0.22,105.9,,2,Copernicus CAMS via Open-Meteo (cached),Gujranwala_Winter_Peak_2023-12-20
Gujranwala,Autumn_Harvest,10,21.4,85.0,6.0,988.4,9,117.011,3.921,0.176,0.3379,0.996,68.594,9.087,0.0,0.0676,4.305,113.464,0.0002,10.0,1.0255,4.403,0.155,0.013,1.01,95.2,,2,Copernicus CAMS via Open-Meteo (cached),Gujranwala_Autumn_Harvest_2024-10-22
Gujranwala,Monsoon,7,28.5,86.0,4.8,975.5,3,174.066,19.428,0.578,0.3359,0.989,81.082,13.524,0.0213,0.1344,4.077,164.204,0.00017,47.0,1.0601,41.5,0.281,0.029,1.1,52.0,,1,Copernicus CAMS via Open-Meteo (cached),Gujranwala_Monsoon_2023-07-15
Gujranwala,Autumn_Harvest,10,27.4,49.0,5.2,990.2,9,79.102,9.473,0.298,0.2762,0.799,56.266,18.649,0.0014,0.2971,1.322,79.102,0.00023,24.0,0.7053,21.39,0.01,-0.173,0.2,29.6,,0,Copernicus CAMS via Open-Meteo (cached),Gujranwala_Autumn_Harvest_2023-10-25
Gujranwala,Monsoon,7,32.7,63.0,2.3,975.2,1,171.82,3.39,-0.938,0.2719,1.007,33.783,6.659,0.0,0.0289,8.827,167.921,5e-05,11.0,0.9992,2.829,0.257,-0.0,0.47,35.5,,1,Copernicus CAMS via Open-Meteo (cached),Gujranwala_Monsoon_2023-07-25
Gujranwala,Winter_Peak,1,8.1,97.0,2.2,991.6,14,215.231,1.462,0.004,0.4255,1.038,20.946,4.393,0.0,0.0598,7.737,202.316,2e-05,3.0,1.0531,1.024,0.363,0.026,1.38,108.5,,2,Copernicus CAMS via Open-Meteo (cached),Gujranwala_Winter_Peak_2024-01-15
Gujranwala,Monsoon,8,27.2,87.0,3.8,977.4,3,98.273,16.002,0.445,0.2925,0.961,87.296,20.982,0.0027,0.1713,2.372,94.073,0.00038,43.0,1.0268,33.665,0.118,0.013,0.53,42.4,,1,Copernicus CAMS via Open-Meteo (cached),Gujranwala_Monsoon_2024-08-12
Gujranwala,Summer,4,25.4,54.0,7.2,981.8,2,66.233,5.568,0.218,0.2548,0.722,68.164,11.096,0.0,0.3868,0.983,66.233,0.00029,14.0,0.6139,6.803,-0.032,-0.239,0.27,35.3,,1,Copernicus CAMS via Open-Meteo (cached),Gujranwala_Summer_2024-04-20
Gujranwala,Monsoon,7,29.9,79.0,10.0,967.4,0,130.934,20.129,0.413,0.2849,0.982,256.564,49.811,0.0854,0.0653,5.102,129.528,0.00086,66.0,1.0012,157.191,0.177,0.001,1.27,77.5,,2,Copernicus CAMS via Open-Meteo (cached),Gujranwala_Monsoon_2024-07-25
Gujranwala,Monsoon,7,26.0,95.0,11.7,968.4,0,126.191,18.503,0.515,0.2742,0.976,214.692,47.259,0.0815,0.0513,5.405,125.863,0.00076,62.0,0.9622,147.302,0.158,-0.019,1.82,66.1,,1,Copernicus CAMS via Open-Meteo (cached),Gujranwala_Monsoon_2024-07-25
Gujranwala,Autumn_Harvest,10,24.2,61.0,3.9,983.3,8,81.096,9.309,1.028,0.2195,0.748,63.883,12.86,0.0,0.3534,1.256,81.096,0.0002,20.0,0.6804,10.054,0.004,-0.19,0.29,43.8,,1,Copernicus CAMS via Open-Meteo (cached),Gujranwala_Autumn_Harvest_2023-10-15
Gujranwala,Autumn_Harvest,9,25.6,82.0,5.6,980.6,7,49.424,2.583,-0.017,0.3384,0.967,61.821,7.633,0.0,0.0951,1.614,48.525,0.00094,5.0,0.9395,3.05,0.011,-0.031,0.34,42.1,,1,Copernicus CAMS via Open-Meteo (cached),Gujranwala_Autumn_Harvest_2024-09-28
Gujranwala,Summer,5,16.2,60.0,8.0,977.2,1,54.845,9.558,0.66,0.2531,0.71,44.736,26.075,0.0287,0.424,0.808,54.845,0.00035,29.0,0.5777,34.98,-0.051,-0.268,0.29,24.7,,0,Copernicus CAMS via Open-Meteo (cached),Gujranwala_Summer_2024-05-01
Gujranwala,Summer,6,31.5,52.0,9.5,975.2,1,96.175,24.624,1.113,0.2404,0.874,45.233,18.057,0.0116,0.2115,2.158,96.139,0.00028,61.0,0.7989,30.742,0.061,-0.112,0.67,26.4,,0,Copernicus CAMS via Open-Meteo (cached),Gujranwala_Summer_2023-06-15
Gujranwala,Winter_Peak,12,10.9,89.0,7.7,988.3,8,80.002,9.02,0.41,0.2756,0.84,42.93,24.264,0.0043,0.2404,1.446,80.002,0.00022,29.0,0.7849,33.86,0.034,-0.121,0.32,111.8,,2,Copernicus CAMS via Open-Meteo (cached),Gujranwala_Winter_Peak_2023-12-10
Gujranwala,Autumn_Harvest,10,32.1,41.0,11.5,980.0,10,159.279,4.829,0.335,0.2897,0.983,82.272,9.463,0.0,0.0562,6.458,157.714,0.00013,14.0,0.9974,4.769,0.231,-0.001,0.57,44.5,,1,Copernicus CAMS via Open-Meteo (cached),Gujranwala_Autumn_Harvest_2024-10-05
Gujranwala,Winter_Peak,1,4.6,99.0,7.8,989.7,9,201.376,1.513,0.008,0.2255,0.929,21.78,4.544,0.0,0.1097,5.572,201.376,2e-05,3.0,0.8899,1.079,0.266,-0.058,1.04,192.3,,3,Copernicus CAMS via Open-Meteo (cached),Gujranwala_Winter_Peak_2024-01-15
Gujranwala,Winter_Peak,12,21.5,40.0,12.0,985.7,17,81.285,9.32,0.34,0.2915,0.893,50.402,24.176,0.0061,0.1769,1.786,81.279,0.00028,28.0,0.8649,31.827,0.054,-0.072,0.19,33.6,,0,Copernicus CAMS via Open-Meteo (cached),Gujranwala_Winter_Peak_2023-12-10
Gujranwala,Winter_Peak,11,22.9,50.0,6.2,990.4,12,134.62,7.822,2.992,0.1993,0.956,67.301,10.185,0.0,0.0974,4.127,134.325,0.00014,16.0,0.9044,8.454,0.156,-0.05,0.5,48.4,,1,Copernicus CAMS via Open-Meteo (cached),Gujranwala_Winter_Peak_2023-11-20
Gujranwala,Summer,6,34.3,47.0,7.9,974.6,2,101.824,25.368,1.075,0.2457,0.84,46.389,20.31,0.0108,0.2407,2.031,101.824,0.00024,67.0,0.7805,39.561,0.064,-0.123,0.68,32.5,,0,Copernicus CAMS via Open-Meteo (cached),Gujranwala_Summer_2023-06-15
Gujranwala,Autumn_Harvest,9,27.1,79.0,7.1,980.5,16,136.124,23.607,-0.218,0.353,0.99,101.593,32.226,0.0098,0.0563,5.381,133.734,0.00037,72.0,0.9621,83.733,0.176,-0.019,0.46,28.1,,0,Copernicus CAMS via Open-Meteo (cached),Gujranwala_Autumn_Harvest_2023-09-25
Gujranwala,Winter_Peak,11,18.3,89.0,3.8,987.1,11,183.972,7.804,1.614,0.192,1.024,76.846,10.706,0.0,0.0751,5.922,171.439,0.00011,27.0,1.0016,12.159,0.281,0.001,2.13,237.0,,3,Copernicus CAMS via Open-Meteo (cached),Gujranwala_Winter_Peak_2024-11-15
Gujranwala,Autumn_Harvest,10,18.1,86.0,9.9,988.2,13,77.523,9.444,0.259,0.2558,0.789,50.683,19.638,0.0018,0.3062,1.274,77.523,0.00022,24.0,0.7317,23.319,0.016,-0.155,0.14,51.5,,1,Copernicus CAMS via Open-Meteo (cached),Gujranwala_Autumn_Harvest_2023-10-25
Gujranwala,Autumn_Harvest,10,25.3,55.0,6.9,983.0,12,111.091,4.835,0.083,0.2786,0.847,31.346,7.718,0.0,0.222,2.077,111.091,7e-05,12.0,0.787,3.704,0.079,-0.119,0.23,51.8,,1,Copernicus CAMS via Open-Meteo (cached),Gujranwala_Autumn_Harvest_2024-10-15
Gujranwala,Monsoon,8,28.1,87.0,4.6,975.7,1,139.965,16.082,0.711,0.2933,1.047,183.383,30.293,0.0543,0.0997,3.824,126.227,0.00067,50.0,1.1087,84.142,0.221,0.052,0.76,69.8,,1,Copernicus CAMS via Open-Meteo (cached),Gujranwala_Monsoon_2024-08-25
Gujranwala,Monsoon,8,27.5,93.0,3.1,976.1,0,106.177,14.103,1.334,0.209,0.939,56.207,14.583,0.0027,0.1277,2.822,105.665,0.0002,48.0,0.9453,20.15,0.116,-0.028,0.44,37.0,,1,Copernicus CAMS via Open-Meteo (cached),Gujranwala_Monsoon_2024-08-05
Gujranwala,Autumn_Harvest,9,30.7,73.0,10.2,975.4,12,93.618,11.824,0.75,0.2982,1.025,62.231,13.518,0.0021,0.1643,2.071,82.792,0.00034,26.0,1.1286,13.197,0.124,0.06,0.71,52.9,,1,Copernicus CAMS via Open-Meteo (cached),Gujranwala_Autumn_Harvest_2024-09-10
Gujranwala,Winter_Peak,1,8.1,99.0,4.0,991.7,13,182.271,1.317,-0.003,0.4289,1.036,17.063,3.963,0.0,0.0712,5.935,169.284,2e-05,3.0,1.0352,0.835,0.29,0.017,0.59,191.4,,3,Copernicus CAMS via Open-Meteo (cached),Gujranwala_Winter_Peak_2024-01-05
Gujranwala,Autumn_Harvest,10,18.5,79.0,7.9,980.6,14,120.617,6.133,0.098,0.3105,0.925,17.44,6.38,0.0,0.1383,2.986,120.613,4e-05,13.0,0.8619,2.554,0.119,-0.074,0.31,61.5,,1,Copernicus CAMS via Open-Meteo (cached),Gujranwala_Autumn_Harvest_2023-10-05
Gujranwala,Autumn_Harvest,10,24.8,73.0,2.6,981.7,8,156.589,4.315,0.438,0.2694,1.012,21.131,5.672,0.0,0.0512,6.241,150.075,4e-05,13.0,1.0434,1.71,0.24,0.021,0.71,65.4,,1,Copernicus CAMS via Open-Meteo (cached),Gujranwala_Autumn_Harvest_2024-10-05
Gujranwala,Winter_Peak,11,15.8,81.0,6.7,986.2,18,120.584,6.298,0.578,0.2947,1.02,13.192,5.192,0.0,0.0555,4.598,114.562,6e-05,16.0,1.009,1.703,0.159,0.005,0.23,54.1,,1,Copernicus CAMS via Open-Meteo (cached),Gujranwala_Winter_Peak_2023-11-05
Gujranwala,Winter_Peak,11,16.7,70.0,9.0,988.1,9,105.028,3.559,0.915,0.2706,1.026,13.865,6.192,0.0,0.0483,4.352,100.045,6e-05,10.0,1.0364,2.424,0.133,0.018,0.12,66.8,,1,Copernicus CAMS via Open-Meteo (cached),Gujranwala_Winter_Peak_2024-11-25
Gujranwala,Monsoon,8,25.6,96.0,6.9,976.5,2,94.794,17.12,1.469,0.2243,0.9,81.432,31.003,0.029,0.2332,1.781,94.154,0.00043,50.0,0.9587,65.217,0.098,-0.021,0.83,28.0,,0,Copernicus CAMS via Open-Meteo (cached),Gujranwala_Monsoon_2023-08-05
Gujranwala,Winter_Peak,12,9.2,89.0,7.8,986.7,7,74.346,8.345,0.34,0.2766,0.847,37.469,22.881,0.0052,0.2409,1.349,74.346,0.00022,27.0,0.8128,27.949,0.032,-0.103,0.3,80.6,,2,Copernicus CAMS via Open-Meteo (cached),Gujranwala_Winter_Peak_2023-12-10
Gujranwala,Summer,5,27.9,27.0,8.6,977.6,1,57.435,10.647,0.608,0.2619,0.72,98.87,26.455,0.0218,0.3972,0.866,57.435,0.0006,32.0,0.608,37.7,-0.04,-0.244,0.23,17.5,,0,Copernicus CAMS via Open-Meteo (cached),Gujranwala_Summer_2024-05-01
Gujranwala,Winter_Peak,12,12.7,76.0,5.6,987.4,7,110.257,6.845,-0.007,0.326,1.02,60.795,9.598,0.0,0.072,3.923,103.938,0.00022,16.0,1.0556,5.42,0.148,0.027,0.1,125.7,,2,Copernicus CAMS via Open-Meteo (cached),Gujranwala_Winter_Peak_2024-12-05
Gujranwala,Winter_Peak,12,13.9,72.0,6.3,987.3,11,101.661,5.96,-0.161,0.342,0.944,17.879,7.251,0.0,0.105,2.989,101.63,7e-05,16.0,0.9396,3.585,0.107,-0.031,0.09,109.2,,2,Copernicus CAMS via Open-Meteo (cached),Gujranwala_Winter_Peak_2024-12-05
Gujranwala,Winter_Peak,12,19.6,43.0,6.1,990.6,10,89.253,14.703,0.434,0.2991,0.899,39.06,25.796,0.0094,0.179,1.965,89.244,0.00034,45.0,0.8877,40.133,0.073,-0.059,0.18,43.0,,1,Copernicus CAMS via Open-Meteo (cached),Gujranwala_Winter_Peak_2023-12-20
Gujranwala,Autumn_Harvest,10,18.4,89.0,6.9,984.8,9,72.283,8.071,1.116,0.201,0.774,33.139,10.186,0.0,0.3252,1.153,72.282,0.00015,17.0,0.6799,6.717,-0.005,-0.191,0.5,38.6,,1,Copernicus CAMS via Open-Meteo (cached),Gujranwala_Autumn_Harvest_2023-10-15
Gujranwala,Winter_Peak,11,17.6,67.0,7.5,983.1,18,121.926,11.39,2.423,0.1743,1.019,28.456,8.83,0.0004,0.0461,5.348,116.793,0.0001,24.0,1.0399,7.567,0.168,0.02,0.09,29.0,,0,Copernicus CAMS via Open-Meteo (cached),Gujranwala_Winter_Peak_2024-11-01
Gujranwala,Monsoon,7,29.5,81.0,4.5,974.4,1,184.526,20.392,0.712,0.3051,1.033,103.388,15.172,0.0221,0.1036,4.818,166.94,0.00021,48.0,1.1053,45.412,0.316,0.05,1.16,65.2,,1,Copernicus CAMS via Open-Meteo (cached),Gujranwala_Monsoon_2023-07-15
Gujranwala,Autumn_Harvest,9,22.7,97.0,5.0,980.5,7,45.088,2.475,0.0,0.2843,0.976,56.617,7.253,0.0,0.1062,1.371,43.655,0.00103,6.0,0.9973,2.777,0.008,-0.001,1.21,27.2,,0,Copernicus CAMS via Open-Meteo (cached),Gujranwala_Autumn_Harvest_2024-09-28
Gujranwala,Autumn_Harvest,9,22.1,95.0,14.9,979.2,11,49.437,1.419,-0.012,0.2208,0.981,19.79,4.306,0.0,0.0585,2.02,48.891,0.00031,3.0,0.9867,0.976,0.016,-0.007,1.53,30.2,,0,Copernicus CAMS via Open-Meteo (cached),Gujranwala_Autumn_Harvest_2024-09-28
Gujranwala,Summer,5,33.1,13.0,14.6,966.6,1,59.51,10.4,2.716,0.2312,0.735,52.673,23.755,0.0167,0.3774,0.894,59.51,0.0004,28.0,0.6264,41.48,-0.033,-0.23,0.11,26.9,,0,Copernicus CAMS via Open-Meteo (cached),Gujranwala_Summer_2024-05-28
Gujranwala,Autumn_Harvest,10,32.0,38.0,3.2,986.7,8,128.252,4.058,0.18,0.2754,0.999,53.654,8.725,0.0,0.0485,5.504,125.187,0.00013,11.0,1.0187,4.081,0.176,0.009,0.84,73.8,,1,Copernicus CAMS via Open-Meteo (cached),Gujranwala_Autumn_Harvest_2024-10-22
Gujranwala,Autumn_Harvest,9,31.9,64.0,5.0,978.1,14,102.183,3.604,0.665,0.301,0.895,38.784,6.919,0.0,0.1754,2.18,102.183,0.00011,11.0,0.8781,2.69,0.093,-0.065,0.58,48.0,,1,Copernicus CAMS via Open-Meteo (cached),Gujranwala_Autumn_Harvest_2024-09-18
Gujranwala,Monsoon,8,29.8,65.0,6.1,978.5,0,73.8,9.561,1.385,0.2095,0.817,31.582,9.418,0.0,0.3181,1.205,73.8,0.00014,24.0,0.8275,6.04,0.035,-0.094,0.33,51.6,,1,Copernicus CAMS via Open-Meteo (cached),Gujranwala_Monsoon_2023-08-30
Gujranwala,Autumn_Harvest,10,28.4,43.0,4.0,983.9,11,80.803,8.98,1.1,0.2006,0.746,34.612,11.646,0.0,0.3544,1.241,80.803,0.00012,20.0,0.6524,8.645,-0.006,-0.21,0.52,39.1,,1,Copernicus CAMS via Open-Meteo (cached),Gujranwala_Autumn_Harvest_2023-10-15
Gujranwala,Summer,4,29.0,45.0,8.1,980.2,1,62.551,5.758,0.534,0.2587,0.729,63.156,10.825,0.0,0.3868,0.932,62.551,0.00031,13.0,0.6129,6.413,-0.035,-0.24,0.23,30.9,,0,Copernicus CAMS via Open-Meteo (cached),Gujranwala_Summer_2024-04-20
Gujranwala,Monsoon,8,26.3,79.0,1.6,979.2,1,76.427,10.245,1.273,0.2145,0.824,64.852,10.886,0.0,0.3011,1.291,76.425,0.00027,25.0,0.8238,7.415,0.038,-0.097,0.6,54.1,,1,Copernicus CAMS via Open-Meteo (cached),Gujranwala_Monsoon_2023-08-30
Gujranwala,Summer,6,35.0,35.0,5.2,970.7,0,114.33,3.97,-0.012,0.2902,0.933,52.913,8.545,0.0,0.1532,2.643,114.094,0.00014,12.0,0.8481,4.212,0.104,-0.082,0.5,35.5,,1,Copernicus CAMS via Open-Meteo (cached),Gujranwala_Summer_2024-06-20
Gujranwala,Autumn_Harvest,9,33.8,66.0,8.4,979.1,13,152.429,19.839,1.182,0.2265,1.0,106.82,16.27,0.0049,0.1014,4.485,144.406,0.00027,66.0,1.054,28.693,0.234,0.026,0.88,46.9,,1,Copernicus CAMS via Open-Meteo (cached),Gujranwala_Autumn_Harvest_2023-09-15
Gujranwala,Winter_Peak,12,20.0,44.0,3.2,987.8,14,99.415,7.186,-0.088,0.2873,0.978,83.174,10.978,0.0,0.0834,3.48,97.545,0.00033,18.0,0.9965,7.155,0.114,-0.002,0.12,24.9,,0,Copernicus CAMS via Open-Meteo (cached),Gujranwala_Winter_Peak_2024-12-05
Gujranwala,Summer,6,31.3,37.0,5.7,976.8,0,97.121,8.611,-0.101,0.2676,0.817,17.976,12.666,0.0,0.2761,1.635,97.121,6e-05,21.0,0.7253,10.339,0.038,-0.159,0.35,21.5,,0,Copernicus CAMS via Open-Meteo (cached),Gujranwala_Summer_2023-06-05
Gujranwala,Autumn_Harvest,10,20.9,81.0,4.3,985.9,9,125.418,3.642,0.272,0.2636,1.036,32.825,7.24,0.0,0.0821,3.856,115.313,9e-05,9.0,1.0876,2.799,0.186,0.042,0.87,103.4,,2,Copernicus CAMS via Open-Meteo (cached),Gujranwala_Autumn_Harvest_2024-10-22
Gujranwala,Monsoon,7,27.9,85.0,10.4,967.8,0,135.182,20.11,0.482,0.2742,0.985,234.716,50.06,0.0831,0.0422,6.211,134.587,0.00075,66.0,0.9675,164.883,0.176,-0.017,1.18,49.9,,1,Copernicus CAMS via Open-Meteo (cached),Gujranwala_Monsoon_2024-07-25
Gujranwala,Monsoon,8,28.4,90.0,6.1,976.6,1,116.034,16.066,1.232,0.2102,0.953,85.453,15.797,0.0019,0.097,3.706,115.611,0.00027,53.0,0.948,21.264,0.135,-0.027,0.39,20.8,,0,Copernicus CAMS via Open-Meteo (cached),Gujranwala_Monsoon_2024-08-05
Gujranwala,Monsoon,8,29.5,91.0,5.5,979.4,1,146.225,14.616,0.386,0.3442,1.007,63.228,15.056,0.0004,0.0391,6.837,142.289,0.00014,41.0,1.011,19.251,0.21,0.005,0.78,58.3,,1,Copernicus CAMS via Open-Meteo (cached),Gujranwala_Monsoon_2023-08-20
Gujranwala,Summer,5,28.3,34.0,12.8,976.7,0,106.527,31.106,0.736,0.262,0.883,451.886,46.035,0.0597,0.1941,2.605,106.487,0.00165,89.0,0.8397,195.007,0.089,-0.087,0.32,23.5,,0,Copernicus CAMS via Open-Meteo (cached),Gujranwala_Summer_2024-05-18
Gujranwala,Winter_Peak,1,5.0,100.0,6.6,989.7,11,173.813,1.847,-0.005,0.3535,1.027,32.45,5.505,0.0,0.1218,4.084,156.185,4e-05,4.0,1.1129,1.596,0.295,0.053,0.65,182.1,,3,Copernicus CAMS via Open-Meteo (cached),Gujranwala_Winter_Peak_2024-01-05
Gujranwala,Autumn_Harvest,9,23.8,86.0,5.1,978.8,11,117.403,4.482,0.604,0.2757,0.905,62.911,8.491,0.0,0.1702,2.56,117.401,0.00014,13.0,0.9022,4.074,0.125,-0.051,0.49,63.8,,1,Copernicus CAMS via Open-Meteo (cached),Gujranwala_Autumn_Harvest_2024-09-18
Gujranwala,Autumn_Harvest,9,30.3,63.0,4.0,980.5,9,139.403,23.645,-0.254,0.3359,1.006,116.851,33.154,0.012,0.0572,5.358,134.112,0.0004,71.0,0.9834,85.449,0.189,-0.008,0.63,28.8,,0,Copernicus CAMS via Open-Meteo (cached),Gujranwala_Autumn_Harvest_2023-09-25
Gujranwala,Winter_Peak,12,15.3,67.0,10.0,986.1,17,82.02,9.644,0.271,0.2988,0.828,100.532,26.06,0.005,0.2591,1.439,82.02,0.0004,30.0,0.7731,37.512,0.034,-0.128,0.23,52.9,,1,Copernicus CAMS via Open-Meteo (cached),Gujranwala_Winter_Peak_2023-12-10
Gujranwala,Summer,6,29.4,65.0,4.4,975.5,1,101.949,26.067,1.088,0.2475,0.871,85.614,20.871,0.0122,0.2274,2.131,101.78,0.00037,66.0,0.8574,38.253,0.087,-0.077,0.7,36.9,,1,Copernicus CAMS via Open-Meteo (cached),Gujranwala_Summer_2023-06-15
Gujranwala,Autumn_Harvest,9,31.3,71.0,4.0,974.6,17,100.813,11.269,0.33,0.2858,0.967,66.905,13.648,0.0001,0.1794,2.345,95.353,0.00026,28.0,1.0473,11.73,0.127,0.023,0.7,51.6,,1,Copernicus CAMS via Open-Meteo (cached),Gujranwala_Autumn_Harvest_2024-09-10
Gujranwala,Monsoon,7,32.3,73.0,4.3,974.0,2,177.599,12.274,-0.108,0.2349,1.027,130.64,22.472,0.0,0.0626,6.473,166.764,0.00027,50.0,1.0649,45.929,0.289,0.031,0.87,78.2,,2,Copernicus CAMS via Open-Meteo (cached),Gujranwala_Monsoon_2024-07-10
Gujranwala,Autumn_Harvest,9,25.2,94.0,5.3,978.6,10,52.618,1.632,0.004,0.291,0.998,25.181,4.847,0.0,0.0612,2.071,51.032,0.00036,4.0,1.0194,1.237,0.025,0.01,0.73,43.8,,1,Copernicus CAMS via Open-Meteo (cached),Gujranwala_Autumn_Harvest_2024-09-28
Gujranwala,Summer,5,41.1,14.0,8.8,968.8,1,66.15,11.872,2.7,0.214,0.735,88.976,27.69,0.0203,0.3924,0.983,66.15,0.00053,31.0,0.6109,54.56,-0.033,-0.242,0.2,15.5,,0,Copernicus CAMS via Open-Meteo (cached),Gujranwala_Summer_2024-05-28
Gujranwala,Summer,6,40.3,16.0,5.7,976.3,0,70.922,6.022,-0.148,0.3433,0.747,32.337,10.348,0.0,0.3712,1.059,70.922,0.00014,19.0,0.629,6.395,-0.023,-0.228,0.25,14.6,,0,Copernicus CAMS via Open-Meteo (cached),Gujranwala_Summer_2024-06-10
Gujranwala,Winter_Peak,1,5.8,99.0,4.4,992.0,12,178.488,1.599,0.001,0.2598,1.042,24.337,4.757,0.0,0.072,5.792,165.631,3e-05,3.0,1.0774,1.195,0.295,0.037,0.99,134.1,,2,Copernicus CAMS via Open-Meteo (cached),Gujranwala_Winter_Peak_2024-01-05
Gujranwala,Autumn_Harvest,10,24.7,66.0,11.5,979.5,12,105.26,5.661,0.101,0.2816,0.871,51.168,8.302,0.0,0.2075,2.057,105.26,0.00014,12.0,0.7926,3.981,0.072,-0.116,0.26,56.8,,1,Copernicus CAMS via Open-Meteo (cached),Gujranwala_Autumn_Harvest_2023-10-05
Gujranwala,Summer,5,27.9,27.0,8.6,977.6,2,58.16,10.13,0.702,0.2439,0.723,58.525,25.799,0.0226,0.4085,0.868,58.16,0.00039,29.0,0.5932,35.683,-0.044,-0.255,0.23,17.5,,0,Copernicus CAMS via Open-Meteo (cached),Gujranwala_Summer_2024-05-01
Gujranwala,Autumn_Harvest,10,26.3,56.0,1.9,983.1,16,99.115,4.799,0.237,0.3006,0.859,19.065,5.855,0.0,0.2191,1.869,99.115,6e-05,10.0,0.781,2.113,0.06,-0.123,0.29,62.9,,1,Copernicus CAMS via Open-Meteo (cached),Gujranwala_Autumn_Harvest_2023-10-05
Gujranwala,Winter_Peak,11,18.7,63.0,9.2,983.7,13,112.035,10.75,1.775,0.1905,0.951,78.892,11.7,0.0,0.0998,3.468,111.722,0.00024,26.0,0.9047,10.579,0.117,-0.05,0.08,31.3,,0,Copernicus CAMS via Open-Meteo (cached),Gujranwala_Winter_Peak_2024-11-01
Gujranwala,Summer,6,33.4,48.0,2.1,972.0,2,99.759,3.195,-0.066,0.2871,0.849,24.246,6.55,0.0,0.2193,1.869,99.759,7e-05,11.0,0.7859,2.666,0.062,-0.12,0.54,35.4,,1,Copernicus CAMS via Open-Meteo (cached),Gujranwala_Summer_2024-06-20
Gujranwala,Autumn_Harvest,9,31.7,72.0,5.5,977.1,7,106.638,12.76,0.633,0.288,0.985,42.455,13.78,0.0013,0.1128,3.269,102.333,0.00018,29.0,1.023,14.264,0.134,0.011,0.75,55.3,,1,Copernicus CAMS via Open-Meteo (cached),Gujranwala_Autumn_Harvest_2024-09-10
Gujranwala,Summer,5,37.1,16.0,15.6,975.0,1,115.846,33.386,0.66,0.2776,0.877,424.157,46.75,0.0529,0.2431,2.339,115.766,0.0014,92.0,0.7699,219.893,0.079,-0.13,0.45,25.8,,0,Copernicus CAMS via Open-Meteo (cached),Gujranwala_Summer_2024-05-18
Gujranwala,Winter_Peak,11,23.9,57.0,3.7,989.6,7,124.549,6.419,0.319,0.3075,0.991,22.284,6.175,0.0,0.0419,5.718,123.222,7e-05,17.0,0.972,2.414,0.157,-0.014,0.36,53.6,,1,Copernicus CAMS via Open-Meteo (cached),Gujranwala_Winter_Peak_2023-11-05
Gujranwala,Summer,5,42.6,15.0,13.8,976.5,1,109.998,32.472,0.722,0.2678,0.921,358.042,43.778,0.0557,0.1512,3.698,109.613,0.00143,87.0,0.8677,179.329,0.103,-0.071,0.66,23.8,,0,Copernicus CAMS via Open-Meteo (cached),Gujranwala_Summer_2024-05-18
Gujranwala,Winter_Peak,12,12.5,92.0,5.5,991.9,8,88.648,7.742,0.171,0.286,0.931,26.101,19.501,0.0026,0.1267,2.385,88.437,0.00013,23.0,0.9225,23.142,0.079,-0.04,1.38,70.8,,1,Copernicus CAMS via Open-Meteo (cached),Gujranwala_Winter_Peak_2023-12-01
Gujranwala,Summer,5,16.2,60.0,8.0,977.2,1,56.613,9.954,0.672,0.252,0.735,54.405,25.274,0.0261,0.407,0.844,56.613,0.00041,29.0,0.5947,33.632,-0.045,-0.254,0.29,24.7,,0,Copernicus CAMS via Open-Meteo (cached),Gujranwala_Summer_2024-05-01
Gujranwala,Autumn_Harvest,10,22.7,76.0,11.5,979.6,9,101.974,5.114,0.18,0.302,0.882,26.428,6.377,0.0,0.1908,2.083,101.974,8e-05,11.0,0.8094,2.382,0.073,-0.105,0.26,61.2,,1,Copernicus CAMS via Open-Meteo (cached),Gujranwala_Autumn_Harvest_2023-10-05
Gujranwala,Monsoon,8,28.2,97.0,6.1,978.4,1,146.763,14.935,0.41,0.3309,1.014,52.329,15.553,0.0003,0.0624,5.582,139.766,0.00013,42.0,1.0491,21.035,0.221,0.024,0.77,56.3,,1,Copernicus CAMS via Open-Meteo (cached),Gujranwala_Monsoon_2023-08-20
Gujranwala,Monsoon,8,34.1,63.0,4.8,973.5,1,94.656,16.994,1.413,0.2261,0.976,93.514,29.675,0.0372,0.1398,2.508,90.562,0.00056,46.0,1.033,60.725,0.112,0.016,0.68,40.7,,1,Copernicus CAMS via Open-Meteo (cached),Gujranwala_Monsoon_2023-08-05
Gujranwala,Monsoon,8,27.1,94.0,3.3,975.4,0,109.078,14.325,1.408,0.2009,0.947,45.153,13.12,0.0013,0.1819,2.277,106.205,0.00016,47.0,1.0206,16.145,0.138,0.01,0.47,32.0,,0,Copernicus CAMS via Open-Meteo (cached),Gujranwala_Monsoon_2024-08-05
Gujranwala,Summer,6,40.8,11.0,16.7,973.8,2,70.975,5.675,-0.178,0.3363,0.714,21.037,10.508,0.0,0.3868,1.045,70.975,8e-05,19.0,0.6362,6.794,-0.02,-0.222,0.18,8.3,,0,Copernicus CAMS via Open-Meteo (cached),Gujranwala_Summer_2024-06-10
Gujranwala,Summer,5,31.5,16.0,10.5,966.4,1,60.717,9.399,2.153,0.2479,0.72,48.886,22.826,0.013,0.4051,0.891,60.717,0.00039,27.0,0.5974,35.082,-0.041,-0.252,0.11,20.8,,0,Copernicus CAMS via Open-Meteo (cached),Gujranwala_Summer_2024-05-28
Gujranwala,Monsoon,8,25.6,96.0,6.9,976.5,1,101.883,19.043,1.399,0.2296,0.929,149.089,35.427,0.0396,0.1635,2.474,101.189,0.00063,54.0,0.9507,83.472,0.109,-0.025,0.83,28.0,,0,Copernicus CAMS via Open-Meteo (cached),Gujranwala_Monsoon_2023-08-05
Gujranwala,Autumn_Harvest,10,27.2,79.0,7.7,981.8,9,137.855,3.537,0.586,0.2494,0.968,12.959,4.667,0.0,0.0521,5.667,137.854,3e-05,11.0,0.9549,1.188,0.178,-0.023,0.51,66.4,,1,Copernicus CAMS via Open-Meteo (cached),Gujranwala_Autumn_Harvest_2024-10-05
Gujranwala,Autumn_Harvest,9,26.3,74.0,6.9,979.4,9,132.892,4.637,0.791,0.2337,0.998,46.162,7.535,0.0,0.0549,5.445,129.414,0.0001,13.0,1.0219,3.247,0.186,0.011,0.46,63.6,,1,Copernicus CAMS via Open-Meteo (cached),Gujranwala_Autumn_Harvest_2024-09-18
Gujranwala,Summer,5,27.1,57.0,9.4,978.1,0,107.12,40.389,0.357,0.3147,0.961,351.15,51.558,0.1086,0.1366,3.4,104.053,0.00165,102.0,0.9108,212.854,0.109,-0.047,0.5,31.5,,0,Copernicus CAMS via Open-Meteo (cached),Gujranwala_Summer_2023-05-25
Gujranwala,Winter_Peak,12,13.2,63.0,3.3,988.9,16,102.608,5.788,-0.43,0.3489,0.969,26.642,7.686,0.0,0.0775,3.659,102.012,0.0001,15.0,0.9811,4.133,0.117,-0.01,0.1,72.2,,1,Copernicus CAMS via Open-Meteo (cached),Gujranwala_Winter_Peak_2024-12-05
Gujranwala,Summer,5,29.9,29.0,10.5,968.9,1,64.369,11.441,2.585,0.2163,0.727,65.541,26.763,0.0192,0.3922,0.956,64.369,0.00043,31.0,0.6112,51.511,-0.034,-0.241,0.13,43.0,,1,Copernicus CAMS via Open-Meteo (cached),Gujranwala_Summer_2024-05-28
Gujranwala,Autumn_Harvest,9,33.5,67.0,8.7,980.6,11,132.046,16.999,1.156,0.2337,0.98,67.986,13.512,0.0047,0.0626,5.109,130.687,0.00023,59.0,0.9923,22.373,0.177,-0.004,0.88,45.6,,1,Copernicus CAMS via Open-Meteo (cached),Gujranwala_Autumn_Harvest_2023-09-15
Gujranwala,Autumn_Harvest,9,29.7,66.0,2.6,981.4,10,151.822,26.229,-0.254,0.3529,1.045,178.554,36.562,0.0121,0.0798,4.832,139.933,0.00051,75.0,1.0691,99.962,0.237,0.033,0.63,27.5,,0,Copernicus CAMS via Open-Meteo (cached),Gujranwala_Autumn_Harvest_2023-09-25
Gujranwala,Winter_Peak,1,13.7,74.0,2.3,991.0,9,180.854,2.302,-0.006,0.2366,1.086,49.472,6.804,0.0,0.143,3.7,154.954,7e-05,6.0,1.1671,2.433,0.325,0.077,0.83,122.9,,2,Copernicus CAMS via Open-Meteo (cached),Gujranwala_Winter_Peak_2024-01-05
Gujranwala,Summer,6,30.9,59.0,6.2,976.9,1,113.381,28.373,1.033,0.2537,0.915,73.032,22.06,0.0146,0.1493,3.488,112.926,0.00029,68.0,0.8858,42.945,0.114,-0.061,0.64,33.9,,0,Copernicus CAMS via Open-Meteo (cached),Gujranwala_Summer_2023-06-15
Gujranwala,Winter_Peak,12,18.2,61.0,7.8,989.7,15,86.595,8.041,0.277,0.2902,0.976,54.273,18.356,0.0027,0.0922,2.796,84.599,0.0003,22.0,0.9942,20.31,0.089,-0.003,0.21,45.8,,1,Copernicus CAMS via Open-Meteo (cached),Gujranwala_Winter_Peak_2023-12-01
Gujranwala,Monsoon,8,31.3,67.0,4.7,978.5,0,70.73,9.443,1.254,0.2138,0.786,70.914,11.042,0.0,0.324,1.124,70.73,0.00031,24.0,0.7319,7.584,0.008,-0.155,0.33,40.6,,1,Copernicus CAMS via Open-Meteo (cached),Gujranwala_Monsoon_2023-08-30
Gujranwala,Monsoon,7,31.9,68.0,5.6,973.1,3,151.81,16.67,0.764,0.2967,0.989,96.647,14.185,0.0213,0.0695,5.499,148.628,0.00024,42.0,1.0184,33.104,0.223,0.009,1.15,55.2,,1,Copernicus CAMS via Open-Meteo (cached),Gujranwala_Monsoon_2023-07-15
Gujranwala,Monsoon,8,28.1,86.0,4.2,975.0,2,105.092,17.73,0.36,0.3237,0.956,49.085,21.611,0.0029,0.1482,2.915,102.675,0.00021,47.0,0.9988,37.953,0.126,-0.001,0.52,37.1,,1,Copernicus CAMS via Open-Meteo (cached),Gujranwala_Monsoon_2024-08-12
Gujranwala,Winter_Peak,11,18.5,63.0,8.9,983.4,14,94.72,9.19,2.0,0.1758,0.934,44.515,9.146,0.0,0.1224,2.572,94.672,0.00019,22.0,0.8789,7.209,0.08,-0.064,0.08,30.0,,0,Copernicus CAMS via Open-Meteo (cached),Gujranwala_Winter_Peak_2024-11-01
Gujranwala,Autumn_Harvest,10,24.8,73.0,2.6,981.7,12,148.332,3.685,0.469,0.22,1.012,19.418,5.312,0.0,0.0365,6.935,143.548,4e-05,11.0,1.0331,1.542,0.22,0.016,0.71,65.4,,1,Copernicus CAMS via Open-Meteo (cached),Gujranwala_Autumn_Harvest_2024-10-05
Gujranwala,Autumn_Harvest,9,32.3,69.0,6.0,976.1,12,92.081,10.938,0.676,0.3023,0.946,17.232,11.531,0.0005,0.2065,1.867,88.227,0.0001,26.0,1.0346,10.567,0.107,0.017,0.73,54.8,,1,Copernicus CAMS via Open-Meteo (cached),Gujranwala_Autumn_Harvest_2024-09-10
Gujranwala,Autumn_Harvest,10,20.9,65.0,8.0,983.7,16,118.066,5.613,0.038,0.3117,0.931,79.774,10.143,0.0,0.1146,3.345,118.05,0.00019,12.0,0.9056,5.695,0.127,-0.05,0.23,41.2,,1,Copernicus CAMS via Open-Meteo (cached),Gujranwala_Autumn_Harvest_2024-10-15
Gujranwala,Monsoon,7,31.1,75.0,6.9,967.8,0,144.793,22.449,0.389,0.2735,0.996,341.416,54.733,0.0836,0.0985,4.351,138.282,0.00091,72.0,1.0459,188.872,0.216,0.022,1.31,69.8,,1,Copernicus CAMS via Open-Meteo (cached),Gujranwala_Monsoon_2024-07-25
Gujranwala,Autumn_Harvest,9,23.7,97.0,4.0,979.0,16,158.977,27.172,-0.267,0.3444,0.999,209.791,40.612,0.0132,0.1223,4.059,149.152,0.00049,84.0,1.0656,122.271,0.251,0.032,0.53,40.7,,1,Copernicus CAMS via Open-Meteo (cached),Gujranwala_Autumn_Harvest_2023-09-25
Gujranwala,Autumn_Harvest,10,25.2,64.0,5.1,987.2,8,134.927,3.697,0.422,0.3024,0.983,23.76,7.003,0.0,0.0434,6.128,134.464,5e-05,10.0,0.9607,2.692,0.174,-0.02,1.26,146.2,,2,Copernicus CAMS via Open-Meteo (cached),Gujranwala_Autumn_Harvest_2024-10-22
Gujranwala,Autumn_Harvest,10,25.2,64.0,5.1,987.2,10,132.748,3.697,0.363,0.2877,0.966,29.531,7.396,0.0,0.0601,5.201,132.684,6e-05,10.0,0.9574,2.941,0.169,-0.022,1.26,146.2,,2,Copernicus CAMS via Open-Meteo (cached),Gujranwala_Autumn_Harvest_2024-10-22
Gujranwala,Summer,5,40.2,20.0,10.2,978.0,1,119.8,35.138,0.717,0.2702,0.895,462.85,49.911,0.0604,0.1938,3.078,119.778,0.00148,95.0,0.8202,230.328,0.103,-0.099,0.7,22.4,,0,Copernicus CAMS via Open-Meteo (cached),Gujranwala_Summer_2024-05-18
Gujranwala,Winter_Peak,12,10.4,84.0,7.6,991.1,12,81.867,14.039,0.394,0.3239,0.889,54.378,24.348,0.0102,0.1855,1.776,81.865,0.00035,43.0,0.8601,37.234,0.054,-0.075,0.2,95.0,,2,Copernicus CAMS via Open-Meteo (cached),Gujranwala_Winter_Peak_2023-12-20
Gujranwala,Winter_Peak,12,10.5,77.0,5.7,986.7,10,125.134,8.32,-0.155,0.3132,1.039,68.378,10.891,0.0,0.0801,4.027,115.531,0.00021,19.0,1.0707,7.262,0.182,0.034,0.07,49.0,,1,Copernicus CAMS via Open-Meteo (cached),Gujranwala_Winter_Peak_2024-12-05
Gujranwala,Winter_Peak,12,10.4,83.0,6.1,991.2,17,88.174,15.037,0.365,0.3138,0.992,74.511,24.408,0.0137,0.0863,3.075,85.075,0.00053,39.0,1.0098,34.987,0.095,0.005,0.21,96.9,,2,Copernicus CAMS via Open-Meteo (cached),Gujranwala_Winter_Peak_2023-12-20
Gujranwala,Monsoon,8,27.5,89.0,5.5,978.4,3,135.621,15.67,0.745,0.293,1.007,222.954,32.525,0.056,0.1212,3.482,125.801,0.00071,52.0,1.0779,95.114,0.205,0.038,1.02,53.6,,1,Copernicus CAMS via Open-Meteo (cached),Gujranwala_Monsoon_2024-08-25
Gujranwala,Monsoon,8,31.6,78.0,5.2,976.8,0,169.664,16.973,0.329,0.3425,1.008,60.683,16.28,0.0004,0.0532,7.074,163.543,0.00011,49.0,1.0355,23.635,0.264,0.017,0.72,68.5,,1,Copernicus CAMS via Open-Meteo (cached),Gujranwala_Monsoon_2023-08-20
Gujranwala,Winter_Peak,11,17.9,78.0,7.8,991.7,11,92.88,23.244,1.017,0.1807,0.859,126.724,25.389,0.0219,0.2167,1.908,92.875,0.00064,87.0,0.8056,67.09,0.058,-0.108,1.72,61.0,,1,Copernicus CAMS via Open-Meteo (cached),Gujranwala_Winter_Peak_2023-11-30
Gujranwala,Monsoon,8,24.9,94.0,4.9,976.0,1,93.82,15.631,0.354,0.3134,0.932,55.129,21.591,0.0033,0.2604,1.609,88.459,0.00027,43.0,1.0526,35.883,0.113,0.026,0.68,18.7,,0,Copernicus CAMS via Open-Meteo (cached),Gujranwala_Monsoon_2024-08-12
Gujranwala,Monsoon,7,36.6,50.0,1.0,965.1,0,129.158,20.039,0.415,0.2757,1.01,253.95,47.739,0.083,0.0977,3.809,120.986,0.00087,64.0,1.0673,145.752,0.189,0.033,1.2,69.2,,1,Copernicus CAMS via Open-Meteo (cached),Gujranwala_Monsoon_2024-07-25
Gujranwala,Monsoon,7,29.4,83.0,3.3,977.1,1,177.569,4.074,-0.563,0.3085,0.993,82.12,9.592,0.0,0.0317,9.068,176.01,0.0001,11.0,0.9953,5.218,0.267,-0.002,0.41,59.3,,1,Copernicus CAMS via Open-Meteo (cached),Gujranwala_Monsoon_2023-07-25
Gujranwala,Monsoon,8,27.7,94.0,7.1,974.6,2,115.803,15.286,1.374,0.2091,0.978,26.2,13.729,0.0029,0.1326,2.978,111.405,0.00011,50.0,1.0375,20.415,0.155,0.018,0.79,38.5,,1,Copernicus CAMS via Open-Meteo (cached),Gujranwala_Monsoon_2024-08-05
Gujranwala,Winter_Peak,11,19.3,85.0,5.0,987.2,7,178.419,7.773,1.534,0.2055,1.006,56.887,9.72,0.0,0.0305,9.038,174.433,8e-05,27.0,0.9985,10.931,0.269,-0.001,2.0,237.5,,3,Copernicus CAMS via Open-Meteo (cached),Gujranwala_Winter_Peak_2024-11-15
Gujranwala,Summer,6,26.7,49.0,6.6,977.5,2,90.191,8.143,0.056,0.2689,0.807,83.663,13.988,0.0,0.2808,1.52,90.191,0.00025,19.0,0.7491,11.822,0.038,-0.143,0.31,30.9,,0,Copernicus CAMS via Open-Meteo (cached),Gujranwala_Summer_2023-06-05
Gujranwala,Summer,6,28.6,40.0,2.4,976.5,2,69.781,6.179,-0.082,0.3335,0.694,40.517,12.187,0.0,0.4144,1.013,69.781,0.00015,21.0,0.5862,8.578,-0.04,-0.261,0.2,27.6,,0,Copernicus CAMS via Open-Meteo (cached),Gujranwala_Summer_2024-06-10
Gujranwala,Autumn_Harvest,9,26.0,93.0,4.7,976.6,11,97.5,11.387,0.635,0.2864,1.007,18.962,11.122,0.0005,0.1569,2.366,88.7,0.00011,26.0,1.0978,9.027,0.128,0.047,0.56,60.3,,1,Copernicus CAMS via Open-Meteo (cached),Gujranwala_Autumn_Harvest_2024-09-10
Gujranwala,Summer,6,24.2,59.0,6.3,977.1,0,86.366,7.6,-0.047,0.2594,0.811,27.414,11.53,0.0,0.2752,1.459,86.366,0.0001,18.0,0.727,8.769,0.026,-0.158,0.27,25.5,,0,Copernicus CAMS via Open-Meteo (cached),Gujranwala_Summer_2023-06-05
Gujranwala,Monsoon,8,26.7,97.0,4.9,975.8,0,129.073,17.041,1.316,0.2146,1.033,49.324,15.124,0.0029,0.0986,3.763,117.847,0.00016,51.0,1.0945,21.35,0.195,0.045,0.4,21.3,,0,Copernicus CAMS via Open-Meteo (cached),Gujranwala_Monsoon_2024-08-05
Gujranwala,Summer,5,30.1,29.0,9.7,976.9,1,112.72,32.673,0.708,0.2665,0.869,425.407,47.874,0.0593,0.2276,2.432,112.719,0.00145,92.0,0.7853,215.236,0.081,-0.12,0.35,25.2,,0,Copernicus CAMS via Open-Meteo (cached),Gujranwala_Summer_2024-05-18
Gujranwala,Winter_Peak,12,21.5,40.0,12.0,985.7,14,80.037,9.207,0.3,0.2899,0.864,51.447,23.117,0.0034,0.2214,1.533,80.037,0.00025,29.0,0.8371,30.353,0.046,-0.089,0.19,33.6,,0,Copernicus CAMS via Open-Meteo (cached),Gujranwala_Winter_Peak_2023-12-10
Gujranwala,Summer,5,33.1,13.0,14.6,966.6,2,65.966,9.875,0.981,0.2852,0.748,104.508,25.045,0.0134,0.36,1.008,65.966,0.00056,29.0,0.6442,39.011,-0.022,-0.216,0.11,26.9,,0,Copernicus CAMS via Open-Meteo (cached),Gujranwala_Summer_2024-05-28
Gujranwala,Winter_Peak,1,8.8,96.0,3.3,993.3,9,176.039,2.707,-0.011,0.293,1.025,68.406,7.919,0.0,0.0464,7.436,167.937,9e-05,6.0,1.0363,3.338,0.277,0.018,1.17,130.9,,2,Copernicus CAMS via Open-Meteo (cached),Gujranwala_Winter_Peak_2024-01-05
Gujranwala,Summer,6,33.7,29.0,9.1,976.9,3,99.574,8.569,0.09,0.2872,0.855,38.673,12.652,0.0,0.2133,1.947,99.574,0.00012,19.0,0.7991,10.309,0.066,-0.112,0.42,16.1,,0,Copernicus CAMS via Open-Meteo (cached),Gujranwala_Summer_2023-06-05
Gujranwala,Summer,5,43.4,11.0,7.8,967.0,1,67.965,11.922,2.437,0.2428,0.753,79.426,27.486,0.0209,0.3629,1.038,67.965,0.00046,32.0,0.6406,50.259,-0.022,-0.219,0.17,9.5,,0,Copernicus CAMS via Open-Meteo (cached),Gujranwala_Summer_2024-05-28
Gujranwala,Monsoon,8,30.2,79.0,5.4,978.7,0,151.071,17.44,0.706,0.3036,0.995,287.868,37.525,0.0578,0.1365,3.606,141.138,0.00072,57.0,1.0701,117.631,0.236,0.034,0.99,45.8,,1,Copernicus CAMS via Open-Meteo (cached),Gujranwala_Monsoon_2024-08-25
Gujranwala,Autumn_Harvest,10,27.5,58.0,2.9,980.3,15,158.147,4.259,0.483,0.2393,0.991,24.273,5.93,0.0,0.0249,8.667,157.545,4e-05,12.0,0.9816,1.905,0.224,-0.009,0.74,62.9,,1,Copernicus CAMS via Open-Meteo (cached),Gujranwala_Autumn_Harvest_2024-10-05
Gujranwala,Monsoon,7,27.8,90.0,4.7,978.0,1,142.35,10.336,-0.119,0.2545,1.007,97.781,19.913,0.0,0.0362,6.918,138.686,0.00029,42.0,1.0216,32.321,0.205,0.011,1.04,50.9,,1,Copernicus CAMS via Open-Meteo (cached),Gujranwala_Monsoon_2024-07-10
Gujranwala,Autumn_Harvest,9,30.5,61.0,4.0,980.1,20,163.848,29.474,-0.155,0.3645,1.051,152.656,35.843,0.0146,0.0898,4.802,149.456,0.00042,81.0,1.0919,100.542,0.268,0.044,0.64,29.7,,0,Copernicus CAMS via Open-Meteo (cached),Gujranwala_Autumn_Harvest_2023-09-25
Gujranwala,Winter_Peak,11,15.0,73.0,7.5,991.1,14,131.467,7.012,2.88,0.2291,0.935,78.346,10.25,0.0,0.1067,3.815,131.459,0.00016,14.0,0.8986,7.247,0.149,-0.053,0.41,75.4,,2,Copernicus CAMS via Open-Meteo (cached),Gujranwala_Winter_Peak_2023-11-20
Gujranwala,Summer,6,29.6,48.0,5.8,978.9,1,93.227,8.281,-0.058,0.2625,0.806,16.507,12.134,0.0,0.2769,1.574,93.227,5e-05,20.0,0.7459,9.767,0.041,-0.146,0.36,26.1,,0,Copernicus CAMS via Open-Meteo (cached),Gujranwala_Summer_2023-06-05
Gujranwala,Winter_Peak,11,15.5,88.0,6.3,991.0,16,92.809,22.064,1.112,0.1729,0.886,37.985,19.654,0.0127,0.1969,2.011,92.792,0.00028,81.0,0.8697,43.964,0.075,-0.07,1.36,57.4,,1,Copernicus CAMS via Open-Meteo (cached),Gujranwala_Winter_Peak_2023-11-30
Gujranwala,Autumn_Harvest,10,29.6,68.0,9.0,982.4,11,159.822,4.337,0.479,0.2806,1.005,17.695,5.433,0.0,0.0404,7.177,155.558,3e-05,13.0,1.0273,1.584,0.242,0.013,0.51,66.1,,1,Copernicus CAMS via Open-Meteo (cached),Gujranwala_Autumn_Harvest_2024-10-05
Gujranwala,Winter_Peak,12,22.8,42.0,9.5,989.7,7,89.969,8.285,0.132,0.2778,0.892,92.022,21.203,0.0027,0.1716,2.051,89.938,0.00036,26.0,0.8536,26.397,0.066,-0.079,0.42,54.5,,1,Copernicus CAMS via Open-Meteo (cached),Gujranwala_Winter_Peak_2023-12-01
Gujranwala,Autumn_Harvest,9,25.7,80.0,4.0,983.0,5,160.126,27.779,-0.22,0.3392,1.039,123.433,36.288,0.0052,0.0912,4.644,146.289,0.00036,80.0,1.0946,104.768,0.261,0.045,0.68,37.1,,1,Copernicus CAMS via Open-Meteo (cached),Gujranwala_Autumn_Harvest_2023-09-25
Gujranwala,Monsoon,8,31.8,72.0,3.3,978.3,2,147.849,17.071,0.766,0.2897,1.021,240.549,34.398,0.055,0.0869,4.705,137.462,0.00069,55.0,1.0753,104.099,0.23,0.036,0.87,41.4,,1,Copernicus CAMS via Open-Meteo (cached),Gujranwala_Monsoon_2024-08-25
Gujranwala,Autumn_Harvest,9,29.7,66.0,2.6,981.4,11,159.589,27.589,-0.198,0.3431,1.021,145.361,36.921,0.0106,0.0855,4.982,148.496,0.00038,82.0,1.0747,103.063,0.255,0.036,0.63,27.5,,0,Copernicus CAMS via Open-Meteo (cached),Gujranwala_Autumn_Harvest_2023-09-25
Gujranwala,Winter_Peak,11,17.0,69.0,4.4,990.9,9,121.629,4.687,1.112,0.2786,1.035,39.366,8.735,0.0,0.0972,3.378,110.548,0.00012,12.0,1.1002,4.637,0.18,0.048,0.33,97.8,,2,Copernicus CAMS via Open-Meteo (cached),Gujranwala_Winter_Peak_2024-11-25
Gujranwala,Summer,6,28.9,64.0,4.2,972.9,2,101.353,26.215,0.941,0.2615,0.869,82.81,21.428,0.0142,0.2184,2.213,101.333,0.00034,66.0,0.7926,39.916,0.067,-0.116,0.65,37.6,,1,Copernicus CAMS via Open-Meteo (cached),Gujranwala_Summer_2023-06-15
Gujranwala,Summer,5,28.7,25.0,10.6,978.1,1,57.544,10.207,0.708,0.2491,0.708,53.623,26.356,0.0243,0.428,0.846,57.544,0.00036,31.0,0.5739,36.753,-0.051,-0.271,0.25,18.2,,0,Copernicus CAMS via Open-Meteo (cached),Gujranwala_Summer_2024-05-01
Gujranwala,Winter_Peak,12,6.7,82.0,9.7,991.4,12,91.402,16.141,0.586,0.2992,0.914,103.54,28.671,0.0159,0.1688,2.152,91.174,0.0006,46.0,0.9183,47.726,0.083,-0.043,0.16,74.7,,1,Copernicus CAMS via Open-Meteo (cached),Gujranwala_Winter_Peak_2023-12-20
Gujranwala,Monsoon,8,28.3,93.0,4.7,978.1,1,145.183,14.752,0.435,0.3355,1.034,42.614,14.792,0.0004,0.0628,5.222,136.087,0.00012,41.0,1.0532,19.694,0.219,0.026,0.68,57.9,,1,Copernicus CAMS via Open-Meteo (cached),Gujranwala_Monsoon_2023-08-20
Gujranwala,Autumn_Harvest,10,22.4,58.0,8.2,980.8,14,111.76,6.111,0.098,0.3205,0.882,83.299,9.935,0.0,0.179,2.396,111.76,0.0002,14.0,0.8375,5.489,0.097,-0.088,0.28,62.4,,1,Copernicus CAMS via Open-Meteo (cached),Gujranwala_Autumn_Harvest_2023-10-05
Gujranwala,Winter_Peak,12,20.4,56.0,9.5,993.3,12,86.991,7.7,0.171,0.3017,0.918,44.991,18.723,0.0022,0.1519,2.099,86.79,0.00022,23.0,0.8502,22.355,0.061,-0.081,0.54,55.1,,1,Copernicus CAMS via Open-Meteo (cached),Gujranwala_Winter_Peak_2023-12-01
Gujranwala,Autumn_Harvest,9,34.3,46.0,6.1,979.1,15,114.255,3.962,0.791,0.2317,0.914,28.219,6.291,0.0,0.173,2.451,114.252,7e-05,13.0,0.9303,2.316,0.127,-0.036,0.53,47.3,,1,Copernicus CAMS via Open-Meteo (cached),Gujranwala_Autumn_Harvest_2024-09-18
Gujranwala,Monsoon,7,35.5,57.0,6.6,973.7,0,177.596,12.746,-0.185,0.2384,0.977,158.835,24.202,0.0,0.0427,8.081,177.395,0.00029,54.0,0.9662,52.887,0.256,-0.017,1.03,79.6,,2,Copernicus CAMS via Open-Meteo (cached),Gujranwala_Monsoon_2024-07-10
Gujranwala,Summer,4,22.2,57.0,7.4,979.6,3,60.023,4.818,0.548,0.2494,0.753,13.631,7.828,0.0,0.3444,0.925,60.023,8e-05,11.0,0.657,3.563,-0.024,-0.207,0.12,23.1,,0,Copernicus CAMS via Open-Meteo (cached),Gujranwala_Summer_2024-04-20
Gujranwala,Monsoon,8,31.3,68.0,4.0,973.7,0,87.875,14.604,0.459,0.2941,0.948,35.476,18.358,0.0024,0.1696,2.165,85.688,0.00023,39.0,1.0016,26.715,0.093,0.001,0.51,28.3,,0,Copernicus CAMS via Open-Meteo (cached),Gujranwala_Monsoon_2024-08-12
Gujranwala,Winter_Peak,12,10.5,77.0,5.7,986.7,6,117.253,7.466,-0.017,0.3447,1.02,33.17,8.648,0.0,0.1324,2.74,105.905,0.00011,18.0,1.1071,5.029,0.172,0.051,0.07,49.0,,1,Copernicus CAMS via Open-Meteo (cached),Gujranwala_Winter_Peak_2024-12-05
Gujranwala,Autumn_Harvest,10,20.9,81.0,4.3,985.9,6,117.226,3.348,0.269,0.3209,1.005,20.695,6.401,0.0,0.0422,5.271,114.014,7e-05,9.0,1.0265,2.215,0.156,0.013,0.87,103.4,,2,Copernicus CAMS via Open-Meteo (cached),Gujranwala_Autumn_Harvest_2024-10-22
Gujranwala,Monsoon,8,33.0,68.0,4.5,977.0,0,154.766,15.406,0.433,0.3396,0.995,21.709,15.023,0.0004,0.0516,6.643,151.758,7e-05,45.0,1.0172,21.617,0.229,0.009,0.74,56.9,,1,Copernicus CAMS via Open-Meteo (cached),Gujranwala_Monsoon_2023-08-20
Gujranwala,Monsoon,8,26.8,76.0,7.1,977.6,0,75.167,9.822,1.299,0.2042,0.821,60.859,10.558,0.0,0.2968,1.265,75.167,0.00026,24.0,0.8051,7.492,0.032,-0.108,0.3,53.3,,1,Copernicus CAMS via Open-Meteo (cached),Gujranwala_Monsoon_2023-08-30
Gujranwala,Winter_Peak,11,19.2,64.0,7.8,984.4,8,117.86,10.904,2.287,0.1798,0.987,27.586,8.605,0.0,0.0392,5.67,116.906,9e-05,25.0,0.9835,7.87,0.147,-0.008,0.08,34.7,,0,Copernicus CAMS via Open-Meteo (cached),Gujranwala_Winter_Peak_2024-11-01
Gujranwala,Summer,4,28.1,49.0,8.5,980.8,0,69.852,6.538,0.22,0.2405,0.751,34.373,10.117,0.0,0.3666,1.058,69.852,0.00015,14.0,0.6332,5.714,-0.022,-0.225,0.24,34.0,,0,Copernicus CAMS via Open-Meteo (cached),Gujranwala_Summer_2024-04-20
Gujranwala,Autumn_Harvest,10,34.2,35.0,10.5,979.7,11,140.18,3.677,0.595,0.2193,0.988,33.054,6.328,0.0,0.0554,5.601,138.399,7e-05,11.0,0.9567,2.147,0.182,-0.022,0.56,46.4,,1,Copernicus CAMS via Open-Meteo (cached),Gujranwala_Autumn_Harvest_2024-10-05
Gujranwala,Summer,5,23.8,73.0,14.8,978.2,1,105.068,41.854,0.451,0.3076,0.915,415.375,55.34,0.1106,0.161,3.481,105.028,0.00174,116.0,0.869,244.379,0.095,-0.07,0.77,42.8,,1,Copernicus CAMS via Open-Meteo (cached),Gujranwala_Summer_2023-05-25
Gujranwala,Winter_Peak,11,19.3,85.0,5.0,987.2,14,152.139,7.135,1.192,0.2248,0.976,93.723,11.593,0.0,0.054,6.337,151.52,0.00016,26.0,0.9781,11.422,0.212,-0.011,2.0,237.5,,3,Copernicus CAMS via Open-Meteo (cached),Gujranwala_Winter_Peak_2024-11-15
Gujranwala,Monsoon,8,31.8,66.0,3.5,974.2,2,89.851,15.48,0.359,0.3176,0.89,54.56,19.778,0.0025,0.2209,1.804,89.669,0.00026,44.0,0.9105,29.406,0.079,-0.047,0.33,16.2,,0,Copernicus CAMS via Open-Meteo (cached),Gujranwala_Monsoon_2024-08-12
Gujranwala,Winter_Peak,11,14.2,75.0,7.9,990.1,16,127.599,7.151,3.235,0.1732,1.022,35.023,7.864,0.0,0.0503,5.233,121.689,0.0001,13.0,1.0222,5.726,0.176,0.011,0.54,87.5,,2,Copernicus CAMS via Open-Meteo (cached),Gujranwala_Winter_Peak_2023-11-20
Gujranwala,Autumn_Harvest,9,33.8,66.0,8.4,979.1,13,135.512,17.784,1.172,0.2296,1.015,63.358,13.507,0.0055,0.0628,5.262,128.751,0.00024,58.0,1.0509,23.872,0.199,0.025,0.88,46.9,,1,Copernicus CAMS via Open-Meteo (cached),Gujranwala_Autumn_Harvest_2023-09-15
Gujranwala,Summer,5,25.3,66.0,9.8,978.5,0,104.065,39.407,0.387,0.3161,0.905,375.034,53.905,0.1093,0.1864,2.804,104.02,0.00165,106.0,0.8364,232.535,0.084,-0.089,0.39,47.8,,1,Copernicus CAMS via Open-Meteo (cached),Gujranwala_Summer_2023-05-25
Gujranwala,Autumn_Harvest,9,24.9,96.0,15.9,978.9,13,131.228,17.189,1.151,0.2385,1.046,73.364,13.243,0.0048,0.0928,3.865,119.401,0.00027,54.0,1.0964,19.455,0.2,0.046,1.36,55.6,,1,Copernicus CAMS via Open-Meteo (cached),Gujranwala_Autumn_Harvest_2023-09-15
Gujranwala,Summer,6,24.5,84.0,6.2,975.7,1,92.888,23.811,1.199,0.2323,0.892,38.892,16.437,0.0099,0.2014,2.117,92.409,0.00029,60.0,0.8826,25.195,0.078,-0.062,0.69,32.2,,0,Copernicus CAMS via Open-Meteo (cached),Gujranwala_Summer_2023-06-15
Gujranwala,Winter_Peak,11,23.1,47.0,5.4,989.3,12,124.976,4.415,0.506,0.2505,1.017,53.819,9.23,0.0,0.0875,3.814,116.609,0.00015,11.0,1.0714,5.198,0.181,0.034,0.29,31.8,,0,Copernicus CAMS via Open-Meteo (cached),Gujranwala_Winter_Peak_2024-11-25
Gujranwala,Summer,4,19.6,69.0,7.9,980.2,1,71.513,6.923,0.276,0.283,0.72,47.047,11.163,0.0,0.4189,1.043,71.513,0.00018,15.0,0.5808,6.917,-0.041,-0.265,0.28,29.4,,0,Copernicus CAMS via Open-Meteo (cached),Gujranwala_Summer_2024-04-20
Gujranwala,Winter_Peak,12,10.5,77.0,5.7,986.7,10,105.146,7.255,-0.041,0.3306,1.034,61.943,9.783,0.0,0.1237,2.585,94.172,0.00025,18.0,1.1163,5.691,0.148,0.055,0.07,49.0,,1,Copernicus CAMS via Open-Meteo (cached),Gujranwala_Winter_Peak_2024-12-05
Gujranwala,Summer,5,18.0,60.0,7.9,978.4,1,58.076,10.256,0.637,0.2429,0.701,73.629,27.994,0.0269,0.4511,0.846,58.076,0.00047,30.0,0.5502,39.97,-0.059,-0.29,0.33,23.1,,0,Copernicus CAMS via Open-Meteo (cached),Gujranwala_Summer_2024-05-01
Gujranwala,Winter_Peak,12,18.3,59.0,8.2,989.5,8,88.091,8.224,0.26,0.2757,0.946,84.16,20.613,0.0041,0.106,2.714,87.518,0.00041,23.0,0.9286,24.993,0.079,-0.037,0.23,42.5,,1,Copernicus CAMS via Open-Meteo (cached),Gujranwala_Winter_Peak_2023-12-01
Gujranwala,Winter_Peak,11,19.0,63.0,8.8,990.3,4,143.722,8.317,3.279,0.1973,0.967,49.701,9.54,0.0,0.0741,5.12,143.386,0.0001,16.0,0.9283,8.728,0.18,-0.037,0.48,69.6,,1,Copernicus CAMS via Open-Meteo (cached),Gujranwala_Winter_Peak_2023-11-20
Gujranwala,Autumn_Harvest,9,25.2,94.0,5.7,975.7,11,95.351,11.82,0.761,0.2899,0.962,78.032,14.259,0.0015,0.2123,1.892,88.948,0.00033,27.0,1.0656,14.095,0.118,0.032,0.91,43.1,,1,Copernicus CAMS via Open-Meteo (cached),Gujranwala_Autumn_Harvest_2024-09-10
Gujranwala,Autumn_Harvest,9,32.3,70.0,8.0,980.8,8,134.811,17.456,1.264,0.2226,1.02,84.5,13.582,0.0036,0.0551,5.412,128.397,0.00032,57.0,1.0384,17.571,0.194,0.019,0.87,42.3,,1,Copernicus CAMS via Open-Meteo (cached),Gujranwala_Autumn_Harvest_2023-09-15
Gujranwala,Autumn_Harvest,9,33.8,66.0,8.4,979.1,14,125.376,16.577,1.138,0.2389,0.994,70.748,13.365,0.0057,0.0401,5.859,123.548,0.00027,55.0,0.9902,21.909,0.163,-0.005,0.88,46.9,,1,Copernicus CAMS via Open-Meteo (cached),Gujranwala_Autumn_Harvest_2023-09-15
Gujranwala,Summer,6,30.9,59.0,6.2,976.9,2,104.667,27.015,1.167,0.2323,0.844,86.263,20.675,0.0094,0.2415,2.127,104.667,0.00036,70.0,0.7944,38.052,0.072,-0.115,0.64,33.9,,0,Copernicus CAMS via Open-Meteo (cached),Gujranwala_Summer_2023-06-15
Gujranwala,Summer,5,23.8,73.0,14.8,978.2,0,109.35,43.065,0.466,0.3063,0.91,457.029,57.868,0.114,0.177,3.211,109.25,0.00176,118.0,0.8476,274.616,0.096,-0.082,0.77,42.8,,1,Copernicus CAMS via Open-Meteo (cached),Gujranwala_Summer_2023-05-25
Gujranwala,Summer,5,32.7,15.0,12.7,966.9,1,59.201,10.276,2.309,0.2335,0.738,93.057,24.147,0.019,0.4047,0.874,59.201,0.00067,27.0,0.5979,40.201,-0.042,-0.252,0.11,24.9,,0,Copernicus CAMS via Open-Meteo (cached),Gujranwala_Summer_2024-05-28
Gujranwala,Monsoon,8,28.0,85.0,4.5,975.9,0,96.468,16.019,0.36,0.3117,0.968,40.977,20.503,0.0041,0.1276,2.913,93.814,0.00023,42.0,1.0025,32.695,0.11,0.001,0.53,43.9,,1,Copernicus CAMS via Open-Meteo (cached),Gujranwala_Monsoon_2024-08-12
Gujranwala,Summer,5,40.7,16.0,25.1,976.2,3,106.547,31.075,0.694,0.2694,0.858,405.275,46.509,0.0587,0.2318,2.266,106.547,0.00146,90.0,0.7816,204.386,0.071,-0.123,0.66,24.8,,0,Copernicus CAMS via Open-Meteo (cached),Gujranwala_Summer_2024-05-18
Gujranwala,Autumn_Harvest,10,32.0,38.0,3.2,986.7,8,134.331,3.906,0.245,0.2718,1.035,49.634,8.171,0.0,0.0666,4.719,125.518,0.00012,10.0,1.0386,3.643,0.193,0.019,0.84,73.8,,1,Copernicus CAMS via Open-Meteo (cached),Gujranwala_Autumn_Harvest_2024-10-22
Gujranwala,Autumn_Harvest,10,25.3,61.0,5.8,986.3,8,73.121,8.096,1.061,0.2029,0.759,39.389,10.929,0.0,0.3447,1.143,73.121,0.00016,18.0,0.698,7.602,0.001,-0.178,0.49,36.3,,1,Copernicus CAMS via Open-Meteo (cached),Gujranwala_Autumn_Harvest_2023-10-15
Gujranwala,Monsoon,8,32.3,69.0,4.7,977.7,1,86.337,16.148,1.524,0.2265,0.901,70.298,30.79,0.042,0.2035,1.767,86.258,0.00045,48.0,0.9231,67.967,0.075,-0.04,0.68,39.1,,1,Copernicus CAMS via Open-Meteo (cached),Gujranwala_Monsoon_2023-08-05
Gujranwala,Summer,5,42.6,15.0,13.8,976.5,1,103.877,30.07,0.668,0.2781,0.861,384.486,45.277,0.0581,0.2197,2.23,103.877,0.00143,87.0,0.8094,189.466,0.076,-0.105,0.66,23.8,,0,Copernicus CAMS via Open-Meteo (cached),Gujranwala_Summer_2024-05-18
Gujranwala,Winter_Peak,11,26.2,51.0,8.0,987.0,10,170.364,7.218,1.601,0.1991,0.95,55.991,9.746,0.0,0.0852,5.479,170.364,8e-05,27.0,0.9148,11.687,0.223,-0.045,1.69,160.7,,3,Copernicus CAMS via Open-Meteo (cached),Gujranwala_Winter_Peak_2024-11-15
Gujranwala,Autumn_Harvest,9,25.6,88.0,5.2,979.1,10,112.919,3.982,0.772,0.2806,0.89,36.035,7.107,0.0,0.1776,2.387,112.919,9e-05,13.0,0.8644,2.849,0.107,-0.073,0.39,74.3,,1,Copernicus CAMS via Open-Meteo (cached),Gujranwala_Autumn_Harvest_2024-09-18
Gujranwala,Monsoon,7,27.2,86.0,17.7,976.0,3,151.696,16.791,0.728,0.2966,1.024,89.12,13.731,0.0222,0.092,4.355,139.815,0.00024,41.0,1.085,33.54,0.241,0.041,0.99,51.7,,1,Copernicus CAMS via Open-Meteo (cached),Gujranwala_Monsoon_2023-07-15
Gujranwala,Winter_Peak,12,10.2,73.0,4.9,988.1,10,111.193,6.792,-0.349,0.346,0.998,53.018,9.587,0.0,0.0696,4.196,107.506,0.00018,16.0,1.0274,5.69,0.144,0.013,0.1,78.7,,2,Copernicus CAMS via Open-Meteo (cached),Gujranwala_Winter_Peak_2024-12-05
Gujranwala,Autumn_Harvest,10,23.6,79.0,6.1,981.5,13,161.934,4.016,0.594,0.2681,1.028,14.913,5.034,0.0,0.0482,6.564,154.128,3e-05,11.0,1.0499,1.418,0.253,0.024,0.71,64.5,,1,Copernicus CAMS via Open-Meteo (cached),Gujranwala_Autumn_Harvest_2024-10-05
Gujranwala,Summer,5,30.6,42.0,10.5,978.3,0,101.458,29.017,0.644,0.2787,0.915,300.931,39.869,0.0527,0.154,2.894,101.066,0.0014,79.0,0.889,156.51,0.094,-0.059,0.44,25.8,,0,Copernicus CAMS via Open-Meteo (cached),Gujranwala_Summer_2024-05-18
Gujranwala,Autumn_Harvest,9,28.4,84.0,22.5,978.3,9,145.782,19.235,1.15,0.2342,0.999,92.74,15.778,0.0062,0.0944,4.482,138.866,0.00026,64.0,1.048,29.164,0.219,0.023,0.84,45.3,,1,Copernicus CAMS via Open-Meteo (cached),Gujranwala_Autumn_Harvest_2023-09-15
Gujranwala,Winter_Peak,12,15.2,75.0,8.2,990.3,9,88.409,8.027,0.359,0.2787,0.969,35.09,19.532,0.0025,0.0839,3.016,87.235,0.00019,22.0,0.9738,22.163,0.089,-0.013,0.19,49.2,,1,Copernicus CAMS via Open-Meteo (cached),Gujranwala_Winter_Peak_2023-12-01
Gujranwala,Winter_Peak,1,4.6,99.0,7.8,989.7,11,194.874,1.415,-0.001,0.3251,0.988,19.54,4.265,0.0,0.0363,9.257,194.235,2e-05,3.0,0.9985,0.962,0.302,-0.001,1.04,192.3,,3,Copernicus CAMS via Open-Meteo (cached),Gujranwala_Winter_Peak_2024-01-15
Gujranwala,Monsoon,8,30.8,75.0,7.2,978.0,0,105.698,20.181,1.555,0.2287,0.986,128.432,32.233,0.0364,0.0895,3.603,102.432,0.00056,53.0,1.0014,72.672,0.128,0.001,0.65,37.0,,1,Copernicus CAMS via Open-Meteo (cached),Gujranwala_Monsoon_2023-08-05
Gujranwala,Winter_Peak,11,16.3,70.0,8.4,990.9,8,131.114,7.819,3.523,0.1291,0.936,27.306,7.963,0.0,0.1285,3.337,131.058,6e-05,16.0,0.9447,7.007,0.162,-0.028,0.43,76.4,,2,Copernicus CAMS via Open-Meteo (cached),Gujranwala_Winter_Peak_2023-11-20
Gujranwala,Summer,4,19.8,69.0,9.2,979.0,2,69.83,6.908,0.163,0.2533,0.722,48.713,11.346,0.0,0.3774,1.045,69.83,0.00018,16.0,0.6347,7.1,-0.022,-0.223,0.31,38.9,,1,Copernicus CAMS via Open-Meteo (cached),Gujranwala_Summer_2024-04-20
Gujranwala,Winter_Peak,11,16.1,72.0,8.4,988.2,15,111.62,4.095,1.223,0.249,1.035,20.009,7.126,0.0,0.0913,3.202,101.771,8e-05,11.0,1.0968,3.26,0.158,0.046,0.13,68.9,,1,Copernicus CAMS via Open-Meteo (cached),Gujranwala_Winter_Peak_2024-11-25
Gujranwala,Monsoon,8,35.3,46.0,6.0,977.8,2,71.145,9.467,1.278,0.2224,0.776,59.178,10.629,0.0,0.3681,1.088,71.145,0.00024,24.0,0.7775,7.24,0.02,-0.125,0.47,43.0,,1,Copernicus CAMS via Open-Meteo (cached),Gujranwala_Monsoon_2023-08-30
Gujranwala,Winter_Peak,11,17.9,78.0,7.8,991.7,11,99.603,25.838,0.934,0.1845,0.917,113.022,25.519,0.0249,0.1425,2.929,99.481,0.00063,90.0,0.883,68.391,0.089,-0.062,1.72,61.0,,1,Copernicus CAMS via Open-Meteo (cached),Gujranwala_Winter_Peak_2023-11-30
Gujranwala,Autumn_Harvest,10,17.5,82.0,7.3,987.6,10,73.082,8.997,0.375,0.2656,0.758,75.642,19.298,0.0018,0.3553,1.126,73.082,0.00031,22.0,0.6456,21.473,-0.015,-0.215,0.17,46.1,,1,Copernicus CAMS via Open-Meteo (cached),Gujranwala_Autumn_Harvest_2023-10-25
Gujranwala,Summer,6,33.8,37.0,6.1,979.3,0,84.954,7.888,-0.081,0.299,0.812,71.987,13.446,0.0,0.3057,1.369,84.953,0.00025,19.0,0.695,11.183,0.013,-0.18,0.41,27.8,,0,Copernicus CAMS via Open-Meteo (cached),Gujranwala_Summer_2023-06-05
Gujranwala,Monsoon,7,32.4,72.0,5.6,966.4,0,137.013,21.167,0.395,0.2798,0.986,300.534,51.8,0.0887,0.0468,6.27,135.853,0.00088,69.0,0.9833,170.342,0.184,-0.008,1.31,78.9,,2,Copernicus CAMS via Open-Meteo (cached),Gujranwala_Monsoon_2024-07-25
Gujranwala,Winter_Peak,12,21.6,41.0,11.5,986.3,6,77.551,9.318,0.359,0.272,0.834,103.098,26.631,0.0083,0.2512,1.387,77.551,0.00048,30.0,0.7797,35.857,0.029,-0.124,0.19,36.3,,1,Copernicus CAMS via Open-Meteo (cached),Gujranwala_Winter_Peak_2023-12-10
Gujranwala,Monsoon,8,25.1,93.0,4.9,975.9,0,103.297,17.367,0.366,0.3229,0.965,36.352,20.324,0.002,0.2194,1.956,95.783,0.00019,46.0,1.076,35.601,0.137,0.037,0.66,18.5,,0,Copernicus CAMS via Open-Meteo (cached),Gujranwala_Monsoon_2024-08-12
Gujranwala,Autumn_Harvest,9,25.1,95.0,16.4,978.1,5,139.211,18.585,1.108,0.2411,1.045,73.195,13.469,0.0055,0.0888,4.193,127.17,0.00025,57.0,1.0911,22.192,0.216,0.044,1.56,58.9,,1,Copernicus CAMS via Open-Meteo (cached),Gujranwala_Autumn_Harvest_2023-09-15
Gujranwala,Autumn_Harvest,9,27.6,81.0,6.0,979.2,12,123.318,4.095,0.911,0.23,0.932,24.566,6.28,0.0,0.1675,2.686,122.943,5e-05,13.0,0.9799,2.319,0.157,-0.01,0.5,56.5,,1,Copernicus CAMS via Open-Meteo (cached),Gujranwala_Autumn_Harvest_2024-09-18
Gujranwala,Summer,5,28.7,25.0,10.6,978.1,2,51.6,9.086,0.683,0.2406,0.7,68.283,24.268,0.0192,0.4208,0.762,51.6,0.0005,28.0,0.583,31.376,-0.051,-0.263,0.25,18.2,,0,Copernicus CAMS via Open-Meteo (cached),Gujranwala_Summer_2024-05-01
Gujranwala,Autumn_Harvest,9,31.2,63.0,3.9,981.3,5,118.546,3.984,0.901,0.24,0.939,22.919,5.978,0.0,0.1086,3.342,118.545,6e-05,12.0,0.9309,2.119,0.135,-0.036,0.56,56.5,,1,Copernicus CAMS via Open-Meteo (cached),Gujranwala_Autumn_Harvest_2024-09-18
Gujranwala,Autumn_Harvest,9,27.1,83.0,6.0,975.1,12,108.873,13.398,0.836,0.293,0.979,19.611,14.159,0.0007,0.2191,2.032,98.698,0.0001,30.0,1.1023,15.506,0.153,0.049,0.61,65.4,,1,Copernicus CAMS via Open-Meteo (cached),Gujranwala_Autumn_Harvest_2024-09-10
Gujranwala,Autumn_Harvest,9,25.2,93.0,12.6,977.7,7,51.201,2.86,-0.012,0.3257,0.989,75.381,8.356,0.0,0.0905,1.688,49.311,0.00111,6.0,0.9925,3.702,0.02,-0.004,0.96,45.6,,1,Copernicus CAMS via Open-Meteo (cached),Gujranwala_Autumn_Harvest_2024-09-28
Gujranwala,Winter_Peak,11,18.0,90.0,4.8,987.0,7,188.297,7.94,1.623,0.2045,1.032,48.341,9.118,0.0,0.0775,5.9,173.941,7e-05,27.0,1.0825,10.727,0.317,0.04,2.26,237.5,,3,Copernicus CAMS via Open-Meteo (cached),Gujranwala_Winter_Peak_2024-11-15
Gujranwala,Monsoon,8,30.5,79.0,5.6,977.5,1,154.923,15.542,0.357,0.3485,1.022,61.813,15.4,0.0004,0.1302,3.62,139.783,0.00013,44.0,1.1083,20.935,0.253,0.051,0.73,83.1,,2,Copernicus CAMS via Open-Meteo (cached),Gujranwala_Monsoon_2023-08-20
Gujranwala,Summer,5,31.3,26.0,9.0,974.9,1,108.171,31.326,0.658,0.28,0.881,406.335,44.49,0.0541,0.2259,2.35,108.071,0.00148,86.0,0.7873,191.236,0.075,-0.119,0.5,34.8,,0,Copernicus CAMS via Open-Meteo (cached),Gujranwala_Summer_2024-05-18
Gujranwala,Winter_Peak,11,19.2,90.0,1.4,990.2,10,183.513,7.919,1.565,0.2082,0.995,48.018,9.24,0.0,0.049,7.633,180.167,7e-05,28.0,0.9684,11.505,0.268,-0.016,1.67,274.7,,3,Copernicus CAMS via Open-Meteo (cached),Gujranwala_Winter_Peak_2024-11-15
Gujranwala,Monsoon,7,27.2,86.0,17.7,976.0,0,186.434,20.707,0.684,0.3122,1.04,79.039,13.597,0.0205,0.1158,4.47,165.896,0.00017,48.0,1.1238,38.146,0.326,0.058,0.99,51.7,,1,Copernicus CAMS via Open-Meteo (cached),Gujranwala_Monsoon_2023-07-15
Gujranwala,Autumn_Harvest,9,26.3,86.0,8.7,978.7,8,143.458,18.352,1.191,0.2309,1.034,64.238,13.233,0.0041,0.0677,5.036,134.019,0.00024,59.0,1.0616,21.893,0.218,0.03,1.09,41.0,,1,Copernicus CAMS via Open-Meteo (cached),Gujranwala_Autumn_Harvest_2023-09-15
Gujranwala,Autumn_Harvest,9,31.2,63.0,3.9,981.3,13,124.319,4.151,0.861,0.2352,0.946,27.373,6.436,0.0,0.1302,3.148,124.025,6e-05,13.0,0.9755,2.423,0.158,-0.012,0.56,56.5,,1,Copernicus CAMS via Open-Meteo (cached),Gujranwala_Autumn_Harvest_2024-09-18
Gujranwala,Winter_Peak,12,19.2,55.0,4.2,985.7,11,119.516,7.198,0.036,0.2838,0.994,41.05,8.83,0.0,0.0447,5.472,117.598,0.00012,18.0,0.9915,5.174,0.152,-0.004,0.13,18.2,,0,Copernicus CAMS via Open-Meteo (cached),Gujranwala_Winter_Peak_2024-12-05
Gujranwala,Winter_Peak,11,12.5,88.0,6.9,990.8,12,149.001,8.362,3.14,0.1832,1.035,47.369,9.114,0.0,0.0631,5.399,139.683,0.0001,15.0,1.0594,7.481,0.229,0.029,0.62,85.2,,2,Copernicus CAMS via Open-Meteo (cached),Gujranwala_Winter_Peak_2023-11-20
Gujranwala,Summer,5,23.8,73.0,14.8,978.2,1,116.391,45.812,0.467,0.3056,0.933,465.859,59.16,0.1104,0.1566,3.729,115.306,0.00172,120.0,0.8738,287.023,0.115,-0.067,0.77,42.8,,1,Copernicus CAMS via Open-Meteo (cached),Gujranwala_Summer_2023-05-25
Gujranwala,Winter_Peak,12,13.4,70.0,10.0,989.1,10,73.812,8.298,0.391,0.2916,0.839,36.108,22.716,0.0055,0.2522,1.304,73.812,0.00021,27.0,0.8039,27.545,0.029,-0.109,0.24,82.7,,2,Copernicus CAMS via Open-Meteo (cached),Gujranwala_Winter_Peak_2023-12-10
Gujranwala,Autumn_Harvest,10,19.2,90.0,9.4,984.5,8,70.637,7.711,1.086,0.2077,0.719,17.661,10.393,0.0,0.3853,1.055,70.637,8e-05,18.0,0.643,7.246,-0.018,-0.217,0.62,25.0,,0,Copernicus CAMS via Open-Meteo (cached),Gujranwala_Autumn_Harvest_2023-10-15
Gujranwala,Summer,6,34.0,50.0,5.9,975.5,2,101.681,25.973,0.965,0.2607,0.891,38.881,19.713,0.0146,0.1944,2.402,101.51,0.00023,62.0,0.8169,36.964,0.075,-0.101,0.68,34.6,,0,Copernicus CAMS via Open-Meteo (cached),Gujranwala_Summer_2023-06-15
Gujranwala,Monsoon,7,28.6,88.0,4.6,977.4,1,214.393,3.717,-1.563,0.1563,1.03,15.155,5.331,0.0,0.0466,8.764,204.449,2e-05,13.0,1.0441,2.457,0.358,0.022,0.52,70.5,,1,Copernicus CAMS via Open-Meteo (cached),Gujranwala_Monsoon_2023-07-25
Gujranwala,Winter_Peak,12,9.3,89.0,7.5,987.1,10,76.998,9.08,0.307,0.2872,0.89,80.365,22.312,0.0044,0.1956,1.587,76.917,0.00046,27.0,0.8077,27.15,0.035,-0.106,0.32,85.2,,2,Copernicus CAMS via Open-Meteo (cached),Gujranwala_Winter_Peak_2023-12-10
Gujranwala,Autumn_Harvest,9,32.4,57.0,3.5,981.1,12,122.497,4.405,0.686,0.2717,0.928,58.021,8.359,0.0,0.1505,2.866,122.407,0.00013,13.0,0.9476,3.918,0.147,-0.027,0.54,52.6,,1,Copernicus CAMS via Open-Meteo (cached),Gujranwala_Autumn_Harvest_2024-09-18
Gujranwala,Summer,6,25.2,40.0,7.7,974.9,1,60.799,5.037,-0.199,0.3029,0.707,28.643,9.744,0.0,0.399,0.889,60.799,0.00014,18.0,0.6014,5.643,-0.04,-0.249,0.21,24.2,,0,Copernicus CAMS via Open-Meteo (cached),Gujranwala_Summer_2024-06-10
Gujranwala,Monsoon,8,34.1,63.0,4.8,973.5,0,83.744,15.285,1.48,0.2267,0.923,81.918,28.109,0.0368,0.1669,1.982,83.363,0.00053,44.0,0.942,55.705,0.074,-0.03,0.68,40.7,,1,Copernicus CAMS via Open-Meteo (cached),Gujranwala_Monsoon_2023-08-05
Gujranwala,Monsoon,8,28.8,91.0,3.8,975.6,1,90.452,16.8,1.442,0.234,0.949,76.047,29.788,0.0385,0.1284,2.594,89.707,0.00048,46.0,0.9684,58.488,0.092,-0.016,0.64,48.3,,1,Copernicus CAMS via Open-Meteo (cached),Gujranwala_Monsoon_2023-08-05
Gujranwala,Summer,6,28.8,68.0,4.5,975.7,1,99.16,25.523,1.005,0.2572,0.872,55.604,19.946,0.0135,0.2014,2.36,99.158,0.00028,64.0,0.8223,35.031,0.072,-0.098,0.65,41.4,,1,Copernicus CAMS via Open-Meteo (cached),Gujranwala_Summer_2023-06-15
Gujranwala,Monsoon,7,27.5,93.0,4.3,975.2,0,177.532,3.861,-0.94,0.2848,0.968,53.92,8.194,0.0,0.0543,7.238,177.521,7e-05,13.0,0.9511,4.105,0.25,-0.025,0.93,40.4,,1,Copernicus CAMS via Open-Meteo (cached),Gujranwala_Monsoon_2023-07-25
Gujranwala,Winter_Peak,1,7.8,98.0,1.8,993.9,13,186.922,2.784,0.001,0.2833,1.012,71.567,8.171,0.0,0.0746,6.15,176.634,8e-05,6.0,1.0582,3.506,0.307,0.028,1.08,131.3,,2,Copernicus CAMS via Open-Meteo (cached),Gujranwala_Winter_Peak_2024-01-05
Gujranwala,Monsoon,8,26.2,95.0,5.2,976.8,0,138.867,16.059,0.722,0.3024,0.977,247.105,34.135,0.0552,0.0521,5.875,138.368,0.00073,54.0,0.964,102.08,0.182,-0.018,0.74,68.9,,1,Copernicus CAMS via Open-Meteo (cached),Gujranwala_Monsoon_2024-08-25
Gujranwala,Monsoon,8,26.7,74.0,5.0,978.2,1,84.724,11.078,1.318,0.2106,0.844,13.983,8.417,0.0,0.2854,1.474,84.724,6e-05,26.0,0.8624,5.491,0.06,-0.074,0.44,48.5,,1,Copernicus CAMS via Open-Meteo (cached),Gujranwala_Monsoon_2023-08-30
Gujranwala,Monsoon,8,25.4,97.0,6.0,976.9,0,83.97,15.617,1.411,0.2363,0.927,113.488,29.023,0.0411,0.1474,2.178,83.664,0.00067,44.0,0.9239,56.776,0.071,-0.04,0.91,28.9,,0,Copernicus CAMS via Open-Meteo (cached),Gujranwala_Monsoon_2023-08-05
Gujranwala,Autumn_Harvest,10,18.7,83.0,4.4,984.9,10,109.894,4.607,0.078,0.2571,0.868,20.809,7.007,0.0,0.2022,2.165,109.894,5e-05,11.0,0.798,3.14,0.081,-0.112,0.32,50.9,,1,Copernicus CAMS via Open-Meteo (cached),Gujranwala_Autumn_Harvest_2024-10-15
Gujranwala,Monsoon,8,26.0,96.0,3.3,976.3,1,83.836,15.676,1.496,0.2316,0.954,104.109,28.07,0.0389,0.1654,2.005,81.311,0.00067,43.0,1.011,55.106,0.086,0.005,0.66,29.6,,0,Copernicus CAMS via Open-Meteo (cached),Gujranwala_Monsoon_2023-08-05
Gujranwala,Winter_Peak,12,22.7,44.0,10.5,991.2,10,74.411,6.646,0.214,0.2968,0.917,33.075,17.171,0.0027,0.1463,1.851,74.293,0.00023,20.0,0.8564,17.572,0.041,-0.077,0.46,56.0,,1,Copernicus CAMS via Open-Meteo (cached),Gujranwala_Winter_Peak_2023-12-01
Gujranwala,Winter_Peak,1,6.4,94.0,10.0,988.8,14,192.2,2.111,-0.002,0.2657,0.978,42.257,6.232,0.0,0.043,8.656,192.112,4e-05,5.0,0.9579,2.065,0.28,-0.022,0.81,148.1,,2,Copernicus CAMS via Open-Meteo (cached),Gujranwala_Winter_Peak_2024-01-15
Gujranwala,Winter_Peak,11,25.5,53.0,5.5,986.9,12,110.547,10.797,1.882,0.1963,1.026,74.258,10.947,0.0,0.0722,3.886,103.521,0.00028,24.0,1.0631,9.305,0.15,0.031,0.14,32.9,,0,Copernicus CAMS via Open-Meteo (cached),Gujranwala_Winter_Peak_2024-11-01
Gujranwala,Monsoon,7,29.8,86.0,4.9,974.8,1,172.838,10.969,0.074,0.2262,1.059,96.28,19.817,0.0,0.1203,4.052,152.183,0.00023,44.0,1.1357,36.989,0.299,0.064,0.76,96.6,,2,Copernicus CAMS via Open-Meteo (cached),Gujranwala_Monsoon_2024-07-10
Gujranwala,Autumn_Harvest,9,26.7,75.0,6.3,980.4,9,157.103,27.092,-0.255,0.3408,0.971,226.073,41.991,0.0191,0.0587,6.415,156.852,0.00052,85.0,0.9572,133.367,0.214,-0.022,0.44,31.7,,0,Copernicus CAMS via Open-Meteo (cached),Gujranwala_Autumn_Harvest_2023-09-25
Gujranwala,Monsoon,8,31.2,77.0,4.9,977.0,2,160.459,16.365,0.371,0.3454,1.0,67.462,16.39,0.0004,0.0552,6.667,156.0,0.00014,47.0,1.025,23.504,0.242,0.012,0.72,77.1,,2,Copernicus CAMS via Open-Meteo (cached),Gujranwala_Monsoon_2023-08-20
Gujranwala,Monsoon,8,28.3,87.0,4.7,975.7,2,132.451,15.173,0.729,0.2906,0.98,202.456,32.142,0.057,0.1231,3.437,127.553,0.00066,51.0,1.037,94.91,0.189,0.018,0.77,71.2,,1,Copernicus CAMS via Open-Meteo (cached),Gujranwala_Monsoon_2024-08-25
Gujranwala,Winter_Peak,12,19.6,43.0,4.9,991.1,10,93.347,16.255,0.557,0.3004,0.937,45.307,27.551,0.013,0.153,2.302,92.684,0.00038,45.0,0.9645,45.135,0.096,-0.018,0.18,44.0,,1,Copernicus CAMS via Open-Meteo (cached),Gujranwala_Winter_Peak_2023-12-20
Gujranwala,Summer,6,30.2,26.0,9.2,974.6,0,64.614,5.892,-0.081,0.3171,0.725,51.272,11.595,0.0,0.3905,0.953,64.614,0.00024,19.0,0.6097,7.598,-0.034,-0.242,0.17,20.7,,0,Copernicus CAMS via Open-Meteo (cached),Gujranwala_Summer_2024-06-10
Gujranwala,Summer,5,31.1,42.0,12.9,980.5,0,98.065,39.14,0.325,0.3206,0.965,266.824,46.483,0.1102,0.1401,2.978,94.702,0.00154,101.0,0.9133,178.83,0.094,-0.045,0.86,37.8,,1,Copernicus CAMS via Open-Meteo (cached),Gujranwala_Summer_2023-05-25
Gujranwala,Autumn_Harvest,10,25.3,61.0,5.8,986.3,11,65.392,7.178,1.077,0.2314,0.721,27.355,9.932,0.0,0.3824,0.98,65.392,0.00012,17.0,0.6437,6.156,-0.023,-0.217,0.49,36.3,,1,Copernicus CAMS via Open-Meteo (cached),Gujranwala_Autumn_Harvest_2023-10-15
Gujranwala,Winter_Peak,12,21.5,40.0,12.0,985.7,11,77.333,8.991,0.322,0.2924,0.826,80.54,24.328,0.0048,0.2642,1.337,77.333,0.00038,29.0,0.7412,33.486,0.019,-0.149,0.19,33.6,,0,Copernicus CAMS via Open-Meteo (cached),Gujranwala_Winter_Peak_2023-12-10
Gujranwala,Summer,5,32.7,15.0,12.7,966.9,3,65.798,11.68,2.577,0.2294,0.743,68.944,26.693,0.0208,0.4036,0.969,65.798,0.00046,31.0,0.5995,51.094,-0.037,-0.25,0.11,24.9,,0,Copernicus CAMS via Open-Meteo (cached),Gujranwala_Summer_2024-05-28
Gujranwala,Summer,6,23.6,62.0,6.0,977.0,2,82.121,7.268,0.065,0.2905,0.833,54.889,11.932,0.0,0.243,1.492,82.121,0.00022,17.0,0.7683,8.646,0.032,-0.131,0.27,25.9,,0,Copernicus CAMS via Open-Meteo (cached),Gujranwala_Summer_2023-06-05
Gujranwala,Monsoon,8,28.3,87.0,4.7,975.7,1,164.847,18.644,0.799,0.2866,0.982,269.518,38.299,0.0547,0.0665,6.213,162.916,0.00061,64.0,0.9998,139.578,0.243,-0.0,0.77,71.2,,1,Copernicus CAMS via Open-Meteo (cached),Gujranwala_Monsoon_2024-08-25
Gujranwala,Autumn_Harvest,9,34.1,46.0,5.9,978.6,8,104.264,3.856,0.608,0.2403,0.95,47.815,7.408,0.0,0.1014,3.109,104.111,0.00015,11.0,0.9541,3.091,0.115,-0.024,0.5,45.4,,1,Copernicus CAMS via Open-Meteo (cached),Gujranwala_Autumn_Harvest_2024-09-18
Gujranwala,Monsoon,8,27.5,93.0,3.1,976.1,1,118.056,15.316,1.361,0.215,1.016,22.139,13.354,0.0022,0.0524,5.004,112.861,0.0001,47.0,1.0287,18.856,0.158,0.014,0.44,37.0,,1,Copernicus CAMS via Open-Meteo (cached),Gujranwala_Monsoon_2024-08-05
Gujranwala,Winter_Peak,11,15.0,73.0,7.5,991.1,14,135.768,7.767,3.394,0.185,0.999,40.282,8.387,0.0,0.0365,6.602,133.438,0.0001,14.0,0.9884,6.275,0.183,-0.006,0.41,75.4,,2,Copernicus CAMS via Open-Meteo (cached),Gujranwala_Winter_Peak_2023-11-20
Gujranwala,Monsoon,8,31.1,75.0,4.7,977.4,0,111.87,14.66,1.327,0.2064,0.969,33.774,13.926,0.0027,0.0995,3.517,110.346,0.00013,48.0,0.996,18.285,0.138,-0.002,0.58,25.9,,0,Copernicus CAMS via Open-Meteo (cached),Gujranwala_Monsoon_2024-08-05
Gujranwala,Monsoon,8,32.4,70.0,3.3,976.6,1,114.318,15.063,1.313,0.2197,0.95,58.055,15.542,0.0025,0.1223,3.136,113.439,0.00018,50.0,0.9695,21.741,0.137,-0.016,0.8,24.3,,0,Copernicus CAMS via Open-Meteo (cached),Gujranwala_Monsoon_2024-08-05
Gujranwala,Monsoon,7,28.1,90.0,3.5,977.7,0,188.131,3.797,-1.174,0.2141,1.016,38.516,7.206,0.0,0.077,5.975,176.476,5e-05,12.0,0.9851,3.328,0.283,-0.007,1.42,40.0,,1,Copernicus CAMS via Open-Meteo (cached),Gujranwala_Monsoon_2023-07-25
Gujranwala,Autumn_Harvest,9,33.5,67.0,8.7,980.6,13,119.108,14.466,1.344,0.2164,0.98,29.292,9.711,0.0016,0.0503,5.086,118.59,0.00021,49.0,0.982,10.374,0.149,-0.009,0.88,45.6,,1,Copernicus CAMS via Open-Meteo (cached),Gujranwala_Autumn_Harvest_2023-09-15
Gujranwala,Winter_Peak,12,6.5,89.0,9.1,991.6,8,90.694,14.888,0.235,0.297,0.976,97.016,25.275,0.0096,0.1655,2.02,85.324,0.00057,41.0,1.0516,37.646,0.107,0.025,0.16,74.0,,1,Copernicus CAMS via Open-Meteo (cached),Gujranwala_Winter_Peak_2023-12-20
Gujranwala,Autumn_Harvest,9,23.9,89.0,6.9,981.4,12,45.72,1.443,-0.007,0.2907,0.946,20.724,4.406,0.0,0.1067,1.351,45.621,0.00035,3.0,0.8959,1.021,-0.001,-0.055,0.76,24.3,,0,Copernicus CAMS via Open-Meteo (cached),Gujranwala_Autumn_Harvest_2024-09-28
Gujranwala,Monsoon,7,31.4,74.0,5.4,978.3,2,172.431,12.512,-0.142,0.2525,0.99,119.129,22.901,0.0,0.0342,8.492,171.382,0.00026,51.0,0.9728,47.893,0.249,-0.014,1.5,50.6,,1,Copernicus CAMS via Open-Meteo (cached),Gujranwala_Monsoon_2024-07-10
Gujranwala,Monsoon,8,27.1,95.0,2.6,976.0,1,127.436,17.072,1.302,0.2192,1.006,40.756,14.982,0.0027,0.1638,2.675,115.267,0.00013,53.0,1.1056,22.367,0.194,0.05,0.4,20.4,,0,Copernicus CAMS via Open-Meteo (cached),Gujranwala_Monsoon_2024-08-05
Gujranwala,Monsoon,7,28.5,86.0,4.8,975.5,2,165.006,17.722,0.868,0.2837,1.009,68.096,12.566,0.0215,0.0236,9.05,161.516,0.00019,43.0,1.01,35.045,0.247,0.005,1.1,52.0,,1,Copernicus CAMS via Open-Meteo (cached),Gujranwala_Monsoon_2023-07-15
Gujranwala,Autumn_Harvest,10,23.2,71.0,5.5,986.2,6,68.765,8.105,0.979,0.2348,0.745,84.003,12.584,0.0,0.3592,1.06,68.765,0.00035,18.0,0.6751,9.64,-0.01,-0.194,0.49,36.2,,1,Copernicus CAMS via Open-Meteo (cached),Gujranwala_Autumn_Harvest_2023-10-15
Gujranwala,Monsoon,8,31.3,67.0,4.7,978.5,1,77.874,10.322,1.289,0.2069,0.842,33.569,9.09,0.0,0.257,1.395,77.873,0.00015,25.0,0.8066,5.809,0.036,-0.107,0.33,40.6,,1,Copernicus CAMS via Open-Meteo (cached),Gujranwala_Monsoon_2023-08-30
Gujranwala,Monsoon,7,29.1,80.0,10.0,968.2,1,148.767,22.863,0.381,0.2766,1.024,280.798,53.651,0.0857,0.0807,4.832,138.508,0.00079,71.0,1.0739,178.168,0.232,0.036,1.22,49.2,,1,Copernicus CAMS via Open-Meteo (cached),Gujranwala_Monsoon_2024-07-25
Gujranwala,Autumn_Harvest,10,20.8,71.0,5.7,981.6,13,112.644,5.881,0.07,0.3068,0.896,23.141,6.794,0.0,0.1609,2.562,112.644,6e-05,13.0,0.8638,2.805,0.106,-0.073,0.3,65.0,,1,Copernicus CAMS via Open-Meteo (cached),Gujranwala_Autumn_Harvest_2023-10-05
Gujranwala,Winter_Peak,11,14.1,92.0,9.0,992.4,14,107.99,24.801,1.201,0.1537,0.913,91.634,22.716,0.0124,0.1448,3.032,107.837,0.00045,87.0,0.876,52.563,0.102,-0.066,1.36,66.1,,1,Copernicus CAMS via Open-Meteo (cached),Gujranwala_Winter_Peak_2023-11-30
Gujranwala,Winter_Peak,11,17.9,78.0,7.8,991.7,19,107.039,27.932,0.876,0.1898,0.877,147.988,29.728,0.0255,0.2171,2.181,107.021,0.00062,103.0,0.8657,97.929,0.097,-0.072,1.72,61.0,,1,Copernicus CAMS via Open-Meteo (cached),Gujranwala_Winter_Peak_2023-11-30
Gujranwala,Winter_Peak,1,5.4,99.0,3.7,991.1,10,196.009,1.248,-0.014,0.3437,1.083,15.649,3.794,0.0,0.1218,4.484,172.126,2e-05,3.0,1.1385,0.767,0.351,0.065,0.99,135.0,,2,Copernicus CAMS via Open-Meteo (cached),Gujranwala_Winter_Peak_2024-01-05
Gujranwala,Summer,5,30.6,43.0,8.4,978.8,1,107.196,42.902,0.352,0.3253,0.904,347.569,54.982,0.1105,0.1731,3.099,107.195,0.00148,118.0,0.8596,260.339,0.096,-0.075,0.51,28.1,,0,Copernicus CAMS via Open-Meteo (cached),Gujranwala_Summer_2023-05-25
Gujranwala,Monsoon,7,32.3,73.0,2.9,976.7,4,211.19,3.853,-1.493,0.1732,1.012,22.096,6.06,0.0,0.0557,7.98,201.458,2e-05,13.0,0.9908,2.828,0.33,-0.005,0.7,32.2,,0,Copernicus CAMS via Open-Meteo (cached),Gujranwala_Monsoon_2023-07-25
Gujranwala,Autumn_Harvest,9,29.7,66.0,2.6,981.4,11,146.69,25.384,-0.245,0.3411,0.985,129.975,36.866,0.0144,0.0921,4.582,142.991,0.00039,79.0,1.0249,108.029,0.215,0.012,0.63,27.5,,0,Copernicus CAMS via Open-Meteo (cached),Gujranwala_Autumn_Harvest_2023-09-25
Gujranwala,Winter_Peak,12,9.7,90.0,7.1,987.7,13,65.958,8.006,0.278,0.304,0.829,96.276,22.581,0.007,0.2571,1.168,65.958,0.0006,25.0,0.7628,27.828,0.009,-0.135,0.32,92.0,,2,Copernicus CAMS via Open-Meteo (cached),Gujranwala_Winter_Peak_2023-12-10
Gujranwala,Summer,4,16.5,88.0,10.8,978.8,1,73.666,7.073,0.184,0.2429,0.751,27.21,10.386,0.0,0.3482,1.137,73.666,0.00011,16.0,0.6536,6.139,-0.012,-0.209,0.36,34.0,,0,Copernicus CAMS via Open-Meteo (cached),Gujranwala_Summer_2024-04-20
Gujranwala,Winter_Peak,11,18.5,63.0,8.9,983.4,4,106.17,9.885,1.934,0.1762,0.957,26.824,8.569,0.0,0.1077,3.011,105.514,0.0001,24.0,0.979,7.035,0.124,-0.011,0.08,30.0,,0,Copernicus CAMS via Open-Meteo (cached),Gujranwala_Winter_Peak_2024-11-01
Gujranwala,Monsoon,7,34.8,62.0,4.5,965.7,1,139.469,20.939,0.435,0.2831,0.972,336.611,53.953,0.0858,0.0816,4.817,138.222,0.00089,71.0,0.9889,182.986,0.19,-0.006,1.25,71.5,,1,Copernicus CAMS via Open-Meteo (cached),Gujranwala_Monsoon_2024-07-25
Gujranwala,Summer,6,31.6,40.0,8.4,968.2,2,108.818,3.627,-0.033,0.3188,0.855,37.974,7.861,0.0,0.2125,2.077,108.818,9e-05,12.0,0.7911,3.725,0.077,-0.117,0.54,39.7,,1,Copernicus CAMS via Open-Meteo (cached),Gujranwala_Summer_2024-06-20
Gujranwala,Summer,6,31.6,24.0,9.0,974.5,1,71.607,6.376,-0.056,0.3266,0.759,77.917,12.806,0.0,0.3336,1.114,71.607,0.00031,19.0,0.681,9.322,-0.005,-0.19,0.17,16.9,,0,Copernicus CAMS via Open-Meteo (cached),Gujranwala_Summer_2024-06-10
Gujranwala,Winter_Peak,1,11.8,80.0,5.4,989.8,9,180.968,2.67,-0.007,0.283,1.001,65.568,7.805,0.0,0.0639,6.61,174.759,8e-05,5.0,1.035,3.214,0.287,0.017,1.25,103.8,,2,Copernicus CAMS via Open-Meteo (cached),Gujranwala_Winter_Peak_2024-01-15
Gujranwala,Summer,5,26.7,38.0,10.0,976.7,2,114.393,33.441,0.705,0.2707,0.921,332.58,43.237,0.0525,0.1556,3.669,113.965,0.0013,89.0,0.8618,187.873,0.108,-0.074,0.41,24.1,,0,Copernicus CAMS via Open-Meteo (cached),Gujranwala_Summer_2024-05-18
Gujranwala,Winter_Peak,12,11.2,95.0,5.9,992.6,15,78.622,7.292,0.253,0.2786,0.939,50.566,17.86,0.003,0.1222,2.191,78.133,0.00031,21.0,0.9382,19.776,0.064,-0.032,0.72,59.8,,1,Copernicus CAMS via Open-Meteo (cached),Gujranwala_Winter_Peak_2023-12-01
Gujranwala,Summer,6,38.3,31.0,5.5,970.4,0,97.474,2.949,-0.038,0.3513,0.871,14.834,5.628,0.0,0.1895,1.978,97.474,5e-05,11.0,0.8198,2.012,0.069,-0.099,0.57,37.6,,1,Copernicus CAMS via Open-Meteo (cached),Gujranwala_Summer_2024-06-20
Gujranwala,Winter_Peak,11,18.8,64.0,8.3,983.9,5,117.754,11.29,1.992,0.1815,0.981,73.352,11.408,0.0,0.0578,4.858,116.434,0.00022,26.0,0.9822,10.593,0.147,-0.009,0.08,32.9,,0,Copernicus CAMS via Open-Meteo (cached),Gujranwala_Winter_Peak_2024-11-01
Gujranwala,Monsoon,8,27.7,95.0,5.1,974.8,2,116.556,16.098,1.202,0.2177,0.976,22.908,13.178,0.0025,0.0689,4.523,115.693,9e-05,53.0,0.9871,19.094,0.146,-0.006,0.73,35.0,,0,Copernicus CAMS via Open-Meteo (cached),Gujranwala_Monsoon_2024-08-05
Gujranwala,Winter_Peak,11,25.6,51.0,5.6,989.4,12,135.675,6.728,0.363,0.2704,1.024,14.426,5.575,0.0,0.0442,5.839,129.756,5e-05,17.0,1.0297,2.013,0.194,0.015,0.39,50.1,,1,Copernicus CAMS via Open-Meteo (cached),Gujranwala_Winter_Peak_2023-11-05
Gujranwala,Summer,5,33.1,22.0,8.4,974.8,3,108.526,31.85,0.684,0.2733,0.95,381.787,43.385,0.0633,0.1393,3.326,106.103,0.00166,80.0,0.899,169.644,0.109,-0.053,0.5,31.8,,0,Copernicus CAMS via Open-Meteo (cached),Gujranwala_Summer_2024-05-18
Gujranwala,Winter_Peak,11,23.0,46.0,6.5,987.8,7,102.808,3.937,1.325,0.2552,1.034,21.799,6.978,0.0,0.0841,3.134,94.459,0.0001,10.0,1.0883,3.02,0.138,0.042,0.27,28.5,,0,Copernicus CAMS via Open-Meteo (cached),Gujranwala_Winter_Peak_2024-11-25
Gujranwala,Summer,4,19.8,69.0,9.2,979.0,1,66.536,6.566,0.24,0.2794,0.719,48.499,10.921,0.0,0.4059,0.978,66.536,0.00021,14.0,0.5939,6.614,-0.039,-0.255,0.31,38.9,,1,Copernicus CAMS via Open-Meteo (cached),Gujranwala_Summer_2024-04-20
Gujranwala,Monsoon,7,29.9,77.0,9.1,976.9,0,178.118,12.694,-0.185,0.243,0.971,117.138,22.941,0.0,0.0755,6.067,177.517,0.00023,54.0,0.9882,50.998,0.265,-0.006,0.83,63.3,,1,Copernicus CAMS via Open-Meteo (cached),Gujranwala_Monsoon_2024-07-10
Gujranwala,Autumn_Harvest,10,30.0,48.0,3.2,989.6,11,126.645,4.286,0.186,0.3175,0.946,75.633,9.747,0.0,0.1185,3.424,126.309,0.00016,11.0,0.9629,5.053,0.159,-0.019,0.96,86.8,,2,Copernicus CAMS via Open-Meteo (cached),Gujranwala_Autumn_Harvest_2024-10-22
Gujranwala,Autumn_Harvest,9,34.3,64.0,9.9,980.1,11,127.972,16.627,1.168,0.2273,1.008,85.306,13.895,0.0048,0.0505,5.343,123.528,0.0003,54.0,0.997,20.139,0.17,-0.001,0.88,46.3,,1,Copernicus CAMS via Open-Meteo (cached),Gujranwala_Autumn_Harvest_2023-09-15
Gujranwala,Monsoon,8,26.9,94.0,4.6,977.9,1,103.34,19.145,1.549,0.2313,0.959,84.2,33.688,0.0366,0.2097,1.975,97.201,0.00043,52.0,1.0595,78.728,0.134,0.029,0.61,29.8,,0,Copernicus CAMS via Open-Meteo (cached),Gujranwala_Monsoon_2023-08-05
Gujranwala,Monsoon,7,30.3,83.0,4.0,974.4,2,158.457,11.29,-0.14,0.2258,1.0,138.866,21.949,0.0,0.028,8.396,156.178,0.00032,46.0,0.9991,40.771,0.23,-0.0,0.78,89.4,,2,Copernicus CAMS via Open-Meteo (cached),Gujranwala_Monsoon_2024-07-10
Gujranwala,Monsoon,8,25.9,96.0,5.8,976.6,1,157.151,17.998,0.72,0.2962,1.002,248.785,36.588,0.0577,0.0549,6.68,152.311,0.00064,59.0,1.0293,119.009,0.237,0.014,0.83,69.6,,1,Copernicus CAMS via Open-Meteo (cached),Gujranwala_Monsoon_2024-08-25
Gujranwala,Autumn_Harvest,10,31.6,39.0,10.0,985.0,13,114.916,5.136,0.033,0.2861,0.87,52.676,9.096,0.0,0.2094,2.226,114.916,0.00011,12.0,0.8455,4.95,0.104,-0.084,0.33,49.1,,1,Copernicus CAMS via Open-Meteo (cached),Gujranwala_Autumn_Harvest_2024-10-15
Gujranwala,Monsoon,8,33.9,63.0,4.0,976.3,0,91.984,16.738,1.492,0.2261,0.956,66.385,29.14,0.0362,0.1482,2.373,89.952,0.00042,46.0,1.004,56.751,0.101,0.002,0.7,41.2,,1,Copernicus CAMS via Open-Meteo (cached),Gujranwala_Monsoon_2023-08-05
Gujranwala,Summer,5,16.2,60.0,8.0,977.2,1,48.396,8.887,0.583,0.2691,0.68,99.377,25.304,0.0319,0.4586,0.706,48.396,0.00076,27.0,0.5428,32.591,-0.065,-0.296,0.29,24.7,,0,Copernicus CAMS via Open-Meteo (cached),Gujranwala_Summer_2024-05-01
Gujranwala,Winter_Peak,11,19.8,60.0,5.2,993.8,9,121.774,7.034,3.142,0.1727,0.946,61.055,9.281,0.0,0.1086,3.503,121.674,0.00016,14.0,0.8921,6.605,0.13,-0.057,0.6,84.3,,2,Copernicus CAMS via Open-Meteo (cached),Gujranwala_Winter_Peak_2023-11-20
Gujranwala,Winter_Peak,11,14.8,95.0,5.8,988.3,12,111.397,28.682,0.896,0.1904,0.931,139.208,28.373,0.0246,0.1326,3.341,110.851,0.00066,99.0,0.9176,84.978,0.119,-0.043,1.13,83.4,,2,Copernicus CAMS via Open-Meteo (cached),Gujranwala_Winter_Peak_2023-11-30
Gujranwala,Monsoon,7,35.0,57.0,4.6,971.7,1,180.487,20.029,0.624,0.3223,1.029,95.574,14.425,0.0223,0.1065,4.646,163.605,0.00019,46.0,1.1032,44.513,0.307,0.049,1.06,50.4,,1,Copernicus CAMS via Open-Meteo (cached),Gujranwala_Monsoon_2023-07-15
Gujranwala,Monsoon,8,35.1,46.0,5.0,977.5,0,76.257,10.098,1.29,0.2093,0.803,75.821,11.699,0.0,0.3152,1.242,76.257,0.0003,25.0,0.7774,8.679,0.027,-0.125,0.44,41.6,,1,Copernicus CAMS via Open-Meteo (cached),Gujranwala_Monsoon_2023-08-30
Gujranwala,Summer,6,27.2,33.0,7.7,974.3,0,69.754,5.881,-0.213,0.3287,0.721,34.434,11.05,0.0,0.3824,1.031,69.754,0.00013,20.0,0.6488,7.466,-0.017,-0.213,0.22,30.5,,0,Copernicus CAMS via Open-Meteo (cached),Gujranwala_Summer_2024-06-10
Gujranwala,Autumn_Harvest,10,25.9,61.0,4.3,987.2,13,118.052,3.761,0.188,0.3316,0.949,47.838,8.244,0.0,0.0993,3.557,118.001,0.00013,10.0,0.901,3.644,0.126,-0.052,1.33,140.2,,2,Copernicus CAMS via Open-Meteo (cached),Gujranwala_Autumn_Harvest_2024-10-22
Gujranwala,Summer,6,36.9,20.0,2.5,976.2,1,80.527,7.158,-0.076,0.2528,0.805,18.615,10.81,0.0,0.2749,1.362,80.527,8e-05,18.0,0.7321,7.746,0.02,-0.155,0.44,15.4,,0,Copernicus CAMS via Open-Meteo (cached),Gujranwala_Summer_2023-06-05
Gujranwala,Summer,5,43.0,12.0,7.8,967.6,0,62.518,9.485,1.178,0.258,0.73,95.626,23.957,0.0104,0.3749,0.94,62.518,0.00055,29.0,0.6325,39.435,-0.029,-0.225,0.18,10.6,,0,Copernicus CAMS via Open-Meteo (cached),Gujranwala_Summer_2024-05-28
Gujranwala,Winter_Peak,12,5.7,84.0,9.4,992.4,19,88.081,14.75,0.32,0.3331,0.964,67.893,24.983,0.0118,0.1513,2.148,84.816,0.00042,38.0,1.02,37.571,0.096,0.01,0.22,105.9,,2,Copernicus CAMS via Open-Meteo (cached),Gujranwala_Winter_Peak_2023-12-20
Gujranwala,Winter_Peak,12,7.1,90.0,8.5,991.7,9,91.044,15.248,0.292,0.3252,0.988,100.687,25.543,0.0114,0.0875,3.153,88.032,0.00062,38.0,0.997,38.074,0.098,-0.001,0.16,73.3,,1,Copernicus CAMS via Open-Meteo (cached),Gujranwala_Winter_Peak_2023-12-20
Gujranwala,Autumn_Harvest,9,26.5,76.0,6.5,979.9,10,50.698,2.688,0.003,0.2494,0.982,66.874,7.923,0.0,0.087,1.715,49.27,0.00099,6.0,0.9723,3.292,0.017,-0.014,0.35,33.6,,0,Copernicus CAMS via Open-Meteo (cached),Gujranwala_Autumn_Harvest_2024-09-28
Gujranwala,Autumn_Harvest,10,23.5,71.0,9.6,987.7,13,73.221,9.016,0.346,0.2709,0.76,63.369,19.556,0.0021,0.3567,1.125,73.221,0.00028,23.0,0.644,22.809,-0.016,-0.217,0.15,26.8,,0,Copernicus CAMS via Open-Meteo (cached),Gujranwala_Autumn_Harvest_2023-10-25
Gujranwala,Monsoon,8,32.4,70.0,5.1,976.9,0,156.99,18.034,0.739,0.2903,1.023,285.769,36.461,0.0567,0.0844,5.014,145.632,0.00074,57.0,1.0779,119.223,0.25,0.037,0.84,43.7,,1,Copernicus CAMS via Open-Meteo (cached),Gujranwala_Monsoon_2024-08-25
Gujranwala,Autumn_Harvest,10,23.5,71.0,9.6,987.7,11,69.988,8.734,0.332,0.2616,0.763,77.564,19.191,0.0018,0.3325,1.109,69.988,0.00035,22.0,0.6777,21.441,-0.008,-0.192,0.15,26.8,,0,Copernicus CAMS via Open-Meteo (cached),Gujranwala_Autumn_Harvest_2023-10-25
Gujranwala,Summer,6,30.2,26.0,9.2,974.6,0,66.769,5.391,-0.17,0.3109,0.681,15.174,10.308,0.0,0.4329,0.96,66.769,6e-05,19.0,0.5674,6.459,-0.049,-0.276,0.17,20.7,,0,Copernicus CAMS via Open-Meteo (cached),Gujranwala_Summer_2024-06-10
Gujranwala,Winter_Peak,12,11.2,74.0,6.0,986.8,8,113.795,7.366,-0.175,0.3228,1.03,51.542,9.629,0.0,0.1141,2.952,102.975,0.00018,18.0,1.1049,5.714,0.164,0.05,0.07,51.7,,1,Copernicus CAMS via Open-Meteo (cached),Gujranwala_Winter_Peak_2024-12-05
Gujranwala,Autumn_Harvest,9,30.0,78.0,6.5,974.4,8,92.247,11.514,0.654,0.2874,0.952,52.411,13.933,0.0015,0.1906,2.013,88.425,0.00025,27.0,1.0296,13.87,0.106,0.015,0.63,42.8,,1,Copernicus CAMS via Open-Meteo (cached),Gujranwala_Autumn_Harvest_2024-09-10
Gujranwala,Winter_Peak,1,8.8,96.0,3.3,993.3,12,179.378,2.627,-0.004,0.3325,1.073,63.694,7.748,0.0,0.1236,4.101,157.173,0.0001,6.0,1.0866,3.151,0.3,0.041,1.17,130.9,,2,Copernicus CAMS via Open-Meteo (cached),Gujranwala_Winter_Peak_2024-01-05
Gujranwala,Autumn_Harvest,10,16.5,88.0,8.4,987.2,15,74.339,8.743,0.365,0.2666,0.736,34.093,18.187,0.0009,0.3699,1.123,74.339,0.00013,23.0,0.6319,20.64,-0.019,-0.226,0.17,38.2,,1,Copernicus CAMS via Open-Meteo (cached),Gujranwala_Autumn_Harvest_2023-10-25
Gujranwala,Autumn_Harvest,10,26.7,48.0,3.8,983.6,12,68.718,7.558,1.11,0.2101,0.775,37.313,10.161,0.0,0.3258,1.104,68.718,0.00018,16.0,0.7184,6.353,0.002,-0.164,0.3,38.8,,1,Copernicus CAMS via Open-Meteo (cached),Gujranwala_Autumn_Harvest_2023-10-15
Gujranwala,Summer,6,34.7,40.0,20.6,970.7,1,102.293,3.383,-0.03,0.3544,0.892,34.704,7.29,0.0,0.1734,2.196,102.293,0.0001,10.0,0.8268,3.087,0.079,-0.095,0.48,35.6,,1,Copernicus CAMS via Open-Meteo (cached),Gujranwala_Summer_2024-06-20
Gujranwala,Monsoon,7,31.9,68.0,5.6,973.1,1,151.382,16.845,0.645,0.3221,1.021,56.539,11.457,0.0208,0.1267,3.524,136.944,0.00017,39.0,1.1054,29.549,0.245,0.05,1.15,55.2,,1,Copernicus CAMS via Open-Meteo (cached),Gujranwala_Monsoon_2023-07-15
Gujranwala,Winter_Peak,11,13.5,77.0,8.9,987.5,8,112.257,3.839,0.834,0.2231,0.978,17.877,6.801,0.0,0.0529,4.682,111.874,6e-05,11.0,0.9513,2.997,0.129,-0.025,0.39,98.7,,2,Copernicus CAMS via Open-Meteo (cached),Gujranwala_Winter_Peak_2024-11-25
Gujranwala,Summer,6,31.0,53.0,2.1,972.0,4,105.162,3.451,-0.054,0.3451,0.88,33.422,7.276,0.0,0.1904,2.138,105.162,9e-05,11.0,0.8095,3.16,0.078,-0.105,0.5,33.6,,0,Copernicus CAMS via Open-Meteo (cached),Gujranwala_Summer_2024-06-20
Gujranwala,Autumn_Harvest,10,23.8,60.0,9.4,983.4,6,107.965,5.244,0.037,0.3013,0.914,82.862,10.192,0.0,0.1381,2.727,107.958,0.00023,12.0,0.8691,5.76,0.1,-0.07,0.22,60.1,,1,Copernicus CAMS via Open-Meteo (cached),Gujranwala_Autumn_Harvest_2024-10-15
Gujranwala,Summer,5,23.3,74.0,8.6,978.1,2,106.213,42.848,0.463,0.3082,0.927,396.606,54.582,0.1148,0.1618,3.42,105.599,0.00173,115.0,0.8673,242.712,0.096,-0.071,0.72,43.0,,1,Copernicus CAMS via Open-Meteo (cached),Gujranwala_Summer_2023-05-25
Gujranwala,Winter_Peak,11,13.5,77.0,8.9,987.5,9,119.351,4.653,1.052,0.26,1.014,45.125,8.87,0.0,0.0536,4.859,114.232,0.00014,12.0,1.0419,4.636,0.163,0.021,0.39,98.7,,2,Copernicus CAMS via Open-Meteo (cached),Gujranwala_Winter_Peak_2024-11-25
Gujranwala,Monsoon,7,30.2,75.0,8.7,976.4,2,158.806,10.851,-0.075,0.2298,1.012,103.054,20.478,0.0,0.0936,4.552,148.336,0.00025,46.0,1.0706,39.53,0.252,0.034,0.78,67.1,,1,Copernicus CAMS via Open-Meteo (cached),Gujranwala_Monsoon_2024-07-10
Gujranwala,Summer,4,18.0,78.0,9.7,980.0,1,65.892,6.124,0.171,0.2895,0.703,24.118,10.001,0.0,0.3998,0.966,65.892,0.0001,14.0,0.6193,5.575,-0.03,-0.235,0.27,28.6,,0,Copernicus CAMS via Open-Meteo (cached),Gujranwala_Summer_2024-04-20
Gujranwala,Summer,6,39.4,32.0,9.4,971.1,0,107.953,3.41,-0.071,0.3219,0.89,26.567,6.796,0.0,0.1706,2.331,107.953,7e-05,11.0,0.8564,2.8,0.096,-0.077,0.5,37.5,,1,Copernicus CAMS via Open-Meteo (cached),Gujranwala_Summer_2024-06-20
Gujranwala,Winter_Peak,11,14.5,79.0,7.6,992.6,11,136.314,7.972,2.784,0.1998,0.982,82.557,10.918,0.0,0.0762,4.769,133.901,0.00018,16.0,0.941,9.12,0.171,-0.03,0.6,94.5,,2,Copernicus CAMS via Open-Meteo (cached),Gujranwala_Winter_Peak_2023-11-20
Gujranwala,Monsoon,7,29.0,85.0,5.4,977.1,1,182.679,3.087,-1.126,0.1926,1.008,20.909,5.655,0.0,0.0218,10.181,179.151,3e-05,11.0,1.0053,2.278,0.28,0.003,0.45,66.6,,1,Copernicus CAMS via Open-Meteo (cached),Gujranwala_Monsoon_2023-07-25
Gujranwala,Summer,6,31.6,24.0,9.0,974.5,1,61.215,5.278,-0.246,0.341,0.704,44.368,10.527,0.0,0.4206,0.886,61.215,0.00021,18.0,0.5795,6.636,-0.047,-0.266,0.17,16.9,,0,Copernicus CAMS via Open-Meteo (cached),Gujranwala_Summer_2024-06-10
Gujranwala,Winter_Peak,1,8.1,97.0,2.2,991.6,12,200.028,2.203,-0.024,0.2511,0.995,45.681,6.495,0.0,0.0744,6.684,193.619,5e-05,4.0,0.9562,2.235,0.294,-0.022,1.38,108.5,,2,Copernicus CAMS via Open-Meteo (cached),Gujranwala_Winter_Peak_2024-01-15
Gujranwala,Winter_Peak,11,13.9,76.0,8.7,987.3,12,110.611,4.247,1.181,0.2581,0.983,30.996,8.11,0.0,0.048,4.858,109.812,0.0001,11.0,0.9878,4.142,0.134,-0.006,0.34,88.2,,2,Copernicus CAMS via Open-Meteo (cached),Gujranwala_Winter_Peak_2024-11-25
Gujranwala,Monsoon,7,26.0,97.0,4.8,977.2,2,172.864,10.567,0.262,0.2223,1.016,129.364,22.069,0.0,0.0436,7.534,166.231,0.00027,42.0,1.0121,41.213,0.263,0.006,0.93,61.5,,1,Copernicus CAMS via Open-Meteo (cached),Gujranwala_Monsoon_2024-07-10
Gujranwala,Autumn_Harvest,9,25.2,90.0,0.5,975.4,6,106.62,12.55,0.385,0.309,0.98,27.666,13.765,0.0009,0.2078,2.096,97.311,0.00013,30.0,1.0942,13.546,0.147,0.045,0.72,51.8,,1,Copernicus CAMS via Open-Meteo (cached),Gujranwala_Autumn_Harvest_2024-09-10
Gujranwala,Winter_Peak,12,22.7,44.0,10.5,991.2,8,78.203,7.117,0.283,0.2974,0.96,44.56,17.709,0.0038,0.0872,2.681,77.577,0.0003,20.0,0.9339,18.574,0.062,-0.034,0.46,56.0,,1,Copernicus CAMS via Open-Meteo (cached),Gujranwala_Winter_Peak_2023-12-01
Gujranwala,Summer,5,27.2,32.0,10.2,968.3,1,68.33,11.437,2.751,0.2168,0.746,45.222,24.403,0.0145,0.3969,1.01,68.33,0.00035,29.0,0.6061,43.941,-0.033,-0.245,0.13,40.9,,1,Copernicus CAMS via Open-Meteo (cached),Gujranwala_Summer_2024-05-28
Gujranwala,Monsoon,8,31.6,78.0,5.2,976.8,3,139.936,14.146,0.412,0.332,1.041,23.248,13.256,0.0004,0.086,4.158,128.079,8e-05,38.0,1.0923,16.822,0.218,0.044,0.72,68.5,,1,Copernicus CAMS via Open-Meteo (cached),Gujranwala_Monsoon_2023-08-20
Gujranwala,Winter_Peak,1,13.4,75.0,7.1,988.3,11,205.323,2.565,-0.018,0.3235,1.034,60.382,7.482,0.0,0.057,7.689,193.609,6e-05,6.0,1.0477,2.96,0.341,0.023,0.86,98.3,,2,Copernicus CAMS via Open-Meteo (cached),Gujranwala_Winter_Peak_2024-01-15
Gujranwala,Winter_Peak,12,18.2,67.0,7.1,993.8,7,87.031,8.15,0.292,0.2679,0.966,79.927,20.459,0.0042,0.0864,2.996,85.901,0.00042,23.0,0.9473,23.811,0.081,-0.027,0.57,54.1,,1,Copernicus CAMS via Open-Meteo (cached),Gujranwala_Winter_Peak_2023-12-01
Gujranwala,Winter_Peak,11,15.0,94.0,6.6,988.7,13,115.929,29.993,0.918,0.1884,0.934,98.827,28.075,0.024,0.1187,3.857,115.55,0.00052,102.0,0.9103,89.212,0.125,-0.047,1.0,91.5,,2,Copernicus CAMS via Open-Meteo (cached),Gujranwala_Winter_Peak_2023-11-30
Gujranwala,Winter_Peak,1,5.0,100.0,6.6,989.7,6,175.442,2.772,0.003,0.3495,1.032,70.363,8.104,0.0,0.1119,4.369,157.85,0.0001,6.0,1.1114,3.467,0.298,0.053,0.65,182.1,,3,Copernicus CAMS via Open-Meteo (cached),Gujranwala_Winter_Peak_2024-01-05
Gujranwala,Monsoon,8,32.3,77.0,5.4,980.0,2,145.245,14.656,0.322,0.3508,0.99,23.23,13.207,0.0004,0.1043,4.106,139.367,6e-05,43.0,1.042,16.248,0.216,0.021,0.76,51.6,,1,Copernicus CAMS via Open-Meteo (cached),Gujranwala_Monsoon_2023-08-20
Gujranwala,Autumn_Harvest,10,18.7,83.0,4.4,984.9,13,102.398,4.466,0.07,0.2941,0.905,31.173,7.279,0.0,0.1609,2.315,102.397,9e-05,11.0,0.891,3.099,0.096,-0.058,0.32,50.9,,1,Copernicus CAMS via Open-Meteo (cached),Gujranwala_Autumn_Harvest_2024-10-15
Gujranwala,Autumn_Harvest,9,28.9,73.0,6.2,979.2,10,113.967,4.26,0.584,0.2398,0.958,58.996,8.282,0.0,0.144,2.7,111.526,0.00016,12.0,1.0126,3.791,0.146,0.006,0.54,53.4,,1,Copernicus CAMS via Open-Meteo (cached),Gujranwala_Autumn_Harvest_2024-09-18
Gujranwala,Summer,6,36.5,28.0,10.4,978.4,1,90.686,8.15,0.02,0.2916,0.845,70.382,13.221,0.0,0.2443,1.641,90.686,0.00024,18.0,0.757,10.624,0.041,-0.138,0.45,26.6,,0,Copernicus CAMS via Open-Meteo (cached),Gujranwala_Summer_2023-06-05
Gujranwala,Autumn_Harvest,10,24.1,75.0,4.2,989.4,10,132.508,3.839,0.328,0.2793,1.009,41.252,7.914,0.0,0.0739,4.448,125.931,0.0001,10.0,1.0519,3.403,0.193,0.025,0.98,92.4,,2,Copernicus CAMS via Open-Meteo (cached),Gujranwala_Autumn_Harvest_2024-10-22
Gujranwala,Winter_Peak,1,5.0,100.0,8.8,989.7,10,170.728,1.634,-0.01,0.3163,0.965,25.374,4.852,0.0,0.0632,6.387,170.727,3e-05,3.0,0.9599,1.246,0.241,-0.02,0.65,196.0,,3,Copernicus CAMS via Open-Meteo (cached),Gujranwala_Winter_Peak_2024-01-05
Gujranwala,Summer,6,34.7,40.0,20.6,970.7,3,128.387,3.846,-0.103,0.2857,0.935,20.47,6.745,0.0,0.1035,3.705,128.387,4e-05,12.0,0.9019,2.933,0.144,-0.052,0.48,35.6,,1,Copernicus CAMS via Open-Meteo (cached),Gujranwala_Summer_2024-06-20
Gujranwala,Winter_Peak,11,13.5,77.0,8.9,987.5,18,102.908,4.173,0.685,0.3079,0.974,52.854,9.093,0.0,0.0824,3.454,101.549,0.00019,11.0,0.9953,4.836,0.121,-0.002,0.39,98.7,,2,Copernicus CAMS via Open-Meteo (cached),Gujranwala_Winter_Peak_2024-11-25
Gujranwala,Winter_Peak,11,17.0,91.0,26.1,988.9,11,186.545,7.893,1.66,0.2039,1.026,42.201,8.669,0.0,0.0544,7.181,176.503,6e-05,27.0,1.0568,10.516,0.305,0.028,2.09,225.4,,3,Copernicus CAMS via Open-Meteo (cached),Gujranwala_Winter_Peak_2024-11-15
Gujranwala,Summer,6,29.4,41.0,6.6,976.7,0,86.675,7.914,-0.045,0.283,0.789,60.028,13.392,0.0,0.3053,1.397,86.675,0.00019,19.0,0.6968,11.163,0.016,-0.179,0.33,24.6,,0,Copernicus CAMS via Open-Meteo (cached),Gujranwala_Summer_2023-06-05
Gujranwala,Summer,4,21.5,61.0,9.8,980.2,0,71.981,6.229,0.222,0.2527,0.729,54.789,11.158,0.0,0.3729,1.08,71.981,0.0002,14.0,0.6301,7.195,-0.022,-0.227,0.12,23.1,,0,Copernicus CAMS via Open-Meteo (cached),Gujranwala_Summer_2024-04-20
Gujranwala,Monsoon,8,26.9,96.0,3.3,975.3,1,122.619,16.023,1.331,0.2148,1.022,57.098,15.15,0.0024,0.0757,4.379,115.091,0.00019,48.0,1.0609,20.549,0.174,0.03,0.48,23.3,,0,Copernicus CAMS via Open-Meteo (cached),Gujranwala_Monsoon_2024-08-05
Gujranwala,Winter_Peak,11,26.3,55.0,4.8,986.7,12,129.087,6.322,0.185,0.2963,1.036,29.838,6.46,0.0,0.0618,4.721,121.065,9e-05,14.0,1.0528,2.396,0.186,0.026,0.45,49.6,,1,Copernicus CAMS via Open-Meteo (cached),Gujranwala_Winter_Peak_2023-11-05
Gujranwala,Autumn_Harvest,10,23.1,71.0,9.9,979.3,11,97.767,5.02,0.084,0.2882,0.867,23.25,6.299,0.0,0.1977,1.961,97.767,7e-05,11.0,0.8217,2.458,0.07,-0.098,0.26,63.1,,1,Copernicus CAMS via Open-Meteo (cached),Gujranwala_Autumn_Harvest_2023-10-05
Gujranwala,Monsoon,8,29.1,75.0,11.5,977.9,0,89.857,14.84,0.354,0.3044,0.963,26.256,19.058,0.0035,0.1954,1.905,84.867,0.00019,39.0,1.0526,28.724,0.105,0.026,0.16,6.7,,0,Copernicus CAMS via Open-Meteo (cached),Gujranwala_Monsoon_2024-08-12
Gujranwala,Monsoon,7,36.8,49.0,1.5,966.3,1,131.98,19.935,0.435,0.2842,1.005,233.224,48.077,0.0842,0.0589,5.335,127.352,0.00079,64.0,1.035,149.304,0.188,0.017,0.88,59.8,,1,Copernicus CAMS via Open-Meteo (cached),Gujranwala_Monsoon_2024-07-25
Gujranwala,Winter_Peak,11,21.9,53.0,6.3,993.5,10,130.922,6.086,2.671,0.252,0.938,39.455,8.071,0.0,0.1113,3.643,130.906,9e-05,14.0,0.9326,5.066,0.158,-0.035,0.61,77.8,,2,Copernicus CAMS via Open-Meteo (cached),Gujranwala_Winter_Peak_2023-11-20
Gujranwala,Monsoon,7,26.8,94.0,6.0,976.8,3,195.686,4.257,-0.956,0.323,0.988,62.811,8.865,0.0,0.0591,7.537,192.906,7e-05,13.0,0.9544,4.743,0.285,-0.023,1.02,42.5,,1,Copernicus CAMS via Open-Meteo (cached),Gujranwala_Monsoon_2023-07-25
Gujranwala,Summer,6,36.5,28.0,10.4,978.4,1,81.183,7.275,0.11,0.2881,0.799,45.35,11.447,0.0,0.2843,1.355,81.183,0.00017,17.0,0.7285,8.415,0.02,-0.157,0.45,26.6,,0,Copernicus CAMS via Open-Meteo (cached),Gujranwala_Summer_2023-06-05
Gujranwala,Autumn_Harvest,9,27.3,85.0,12.1,979.5,16,125.754,16.577,1.177,0.2253,0.954,93.242,14.751,0.005,0.1256,3.276,124.501,0.00029,60.0,0.9862,22.759,0.163,-0.007,0.86,49.4,,1,Copernicus CAMS via Open-Meteo (cached),Gujranwala_Autumn_Harvest_2023-09-15
Gujranwala,Winter_Peak,1,5.5,100.0,5.4,989.7,13,200.836,1.49,-0.004,0.3238,1.074,21.59,4.465,0.0,0.1317,4.346,174.373,3e-05,4.0,1.1518,1.057,0.366,0.071,0.72,164.8,,3,Copernicus CAMS via Open-Meteo (cached),Gujranwala_Winter_Peak_2024-01-05
Gujranwala,Monsoon,7,32.7,68.0,6.0,974.5,2,189.633,3.773,-0.977,0.2787,1.015,44.267,7.594,0.0,0.059,7.026,180.263,5e-05,12.0,1.052,3.614,0.31,0.025,0.68,31.7,,0,Copernicus CAMS via Open-Meteo (cached),Gujranwala_Monsoon_2023-07-25
Gujranwala,Autumn_Harvest,10,25.0,53.0,5.8,983.4,7,101.243,4.356,0.062,0.2755,0.935,24.0,6.603,0.0,0.1157,2.803,101.224,8e-05,10.0,0.9273,2.701,0.103,-0.038,0.2,68.2,,1,Copernicus CAMS via Open-Meteo (cached),Gujranwala_Autumn_Harvest_2024-10-15
Gujranwala,Autumn_Harvest,10,23.7,86.0,6.3,979.1,6,156.146,4.34,0.347,0.2647,1.021,73.887,8.957,0.0,0.1176,3.842,142.077,0.00013,12.0,1.099,4.263,0.254,0.047,0.45,70.1,,1,Copernicus CAMS via Open-Meteo (cached),Gujranwala_Autumn_Harvest_2024-10-05
Gujranwala,Monsoon,7,32.7,66.0,7.3,975.6,1,177.415,19.631,0.711,0.3065,1.052,134.012,16.299,0.0211,0.0881,5.168,161.722,0.00027,46.0,1.0938,40.855,0.298,0.045,0.98,49.5,,1,Copernicus CAMS via Open-Meteo (cached),Gujranwala_Monsoon_2023-07-15
Gujranwala,Winter_Peak,12,12.7,76.0,5.6,987.4,11,104.333,5.844,-0.342,0.3187,0.962,35.738,8.313,0.0,0.0826,3.577,104.021,0.00013,16.0,0.9653,4.108,0.117,-0.018,0.1,125.7,,2,Copernicus CAMS via Open-Meteo (cached),Gujranwala_Winter_Peak_2024-12-05
Gujranwala,Autumn_Harvest,10,25.5,66.0,11.2,979.3,9,118.531,5.699,0.197,0.2946,0.919,20.796,6.193,0.0,0.1256,3.12,118.531,5e-05,12.0,0.8851,2.378,0.122,-0.061,0.26,54.0,,1,Copernicus CAMS via Open-Meteo (cached),Gujranwala_Autumn_Harvest_2023-10-05
Gujranwala,Winter_Peak,11,14.5,79.0,7.6,992.6,16,140.099,8.031,3.175,0.1723,1.039,52.289,9.232,0.0,0.0682,4.847,130.653,0.00013,15.0,1.0547,7.184,0.209,0.027,0.6,94.5,,2,Copernicus CAMS via Open-Meteo (cached),Gujranwala_Winter_Peak_2023-11-20
Gujranwala,Autumn_Harvest,10,20.2,73.0,3.9,984.2,15,105.906,4.572,0.059,0.2588,0.901,29.447,7.317,0.0,0.1801,2.235,105.903,8e-05,11.0,0.9011,3.249,0.105,-0.052,0.32,50.5,,1,Copernicus CAMS via Open-Meteo (cached),Gujranwala_Autumn_Harvest_2024-10-15
Gujranwala,Monsoon,7,29.5,85.0,1.1,977.9,3,207.121,4.073,-0.971,0.2386,1.014,53.016,8.281,0.0,0.0811,6.408,194.328,5e-05,13.0,1.0658,4.226,0.351,0.032,1.14,39.0,,1,Copernicus CAMS via Open-Meteo (cached),Gujranwala_Monsoon_2023-07-25
Gujranwala,Winter_Peak,12,20.4,56.0,9.5,993.3,14,81.928,7.408,0.388,0.284,0.901,28.408,18.829,0.0034,0.1857,1.73,81.804,0.00016,22.0,0.8148,21.351,0.044,-0.102,0.54,55.1,,1,Copernicus CAMS via Open-Meteo (cached),Gujranwala_Winter_Peak_2023-12-01
Gujranwala,Summer,4,21.4,66.0,5.4,981.2,1,64.278,5.112,0.294,0.2997,0.74,45.489,9.723,0.0,0.356,0.977,64.278,0.00021,12.0,0.6519,5.298,-0.021,-0.211,0.28,31.2,,0,Copernicus CAMS via Open-Meteo (cached),Gujranwala_Summer_2024-04-20
Gujranwala,Monsoon,7,25.6,97.0,13.4,978.0,0,162.695,9.46,0.452,0.2269,1.008,92.819,19.731,0.0,0.0246,8.838,159.495,0.00023,37.0,1.0087,36.382,0.242,0.004,0.98,61.2,,1,Copernicus CAMS via Open-Meteo (cached),Gujranwala_Monsoon_2024-07-10
Gujranwala,Winter_Peak,11,14.8,94.0,9.0,989.2,12,100.535,25.692,0.966,0.1816,0.878,80.063,25.705,0.0234,0.1931,2.226,100.533,0.00048,94.0,0.8172,76.882,0.073,-0.101,1.8,63.3,,1,Copernicus CAMS via Open-Meteo (cached),Gujranwala_Winter_Peak_2023-11-30
Gujranwala,Autumn_Harvest,10,28.3,51.0,6.5,986.5,6,112.995,5.014,0.045,0.2884,0.948,49.719,8.496,0.0,0.1047,3.363,112.764,0.00014,12.0,0.8971,4.147,0.116,-0.054,0.33,53.9,,1,Copernicus CAMS via Open-Meteo (cached),Gujranwala_Autumn_Harvest_2024-10-15
Gujranwala,Autumn_Harvest,9,26.2,92.0,4.8,976.4,9,92.776,10.932,0.536,0.2889,1.015,32.974,11.652,0.0005,0.1984,1.794,81.044,0.00019,24.0,1.1446,9.801,0.125,0.067,0.55,64.0,,1,Copernicus CAMS via Open-Meteo (cached),Gujranwala_Autumn_Harvest_2024-09-10
Gujranwala,Summer,6,27.7,68.0,7.8,973.6,1,109.76,27.909,0.999,0.2559,0.851,100.048,24.034,0.0145,0.2521,2.115,109.74,0.00033,73.0,0.8307,51.705,0.091,-0.092,0.73,48.2,,1,Copernicus CAMS via Open-Meteo (cached),Gujranwala_Summer_2023-06-15
Gujranwala,Autumn_Harvest,9,27.5,85.0,6.2,975.7,7,97.759,11.418,0.359,0.2988,0.962,29.882,12.811,0.0007,0.1755,2.299,93.424,0.00014,28.0,1.0366,11.717,0.118,0.018,0.55,62.9,,1,Copernicus CAMS via Open-Meteo (cached),Gujranwala_Autumn_Harvest_2024-09-10
Gujranwala,Summer,5,18.0,60.0,7.9,978.4,0,53.433,9.312,0.672,0.2368,0.727,36.752,24.143,0.0274,0.42,0.789,53.433,0.00033,27.0,0.5815,30.195,-0.051,-0.265,0.33,23.1,,0,Copernicus CAMS via Open-Meteo (cached),Gujranwala_Summer_2024-05-01
Gujranwala,Winter_Peak,12,15.3,67.0,10.0,986.1,7,82.035,9.141,0.336,0.2798,0.881,41.819,23.565,0.005,0.1894,1.704,82.032,0.00023,28.0,0.8196,29.35,0.045,-0.099,0.23,52.9,,1,Copernicus CAMS via Open-Meteo (cached),Gujranwala_Winter_Peak_2023-12-10
Gujranwala,Autumn_Harvest,10,21.9,62.0,7.2,984.0,10,105.616,4.839,-0.038,0.2614,0.873,58.632,8.924,0.0,0.2095,2.047,105.616,0.00015,13.0,0.8537,4.542,0.092,-0.079,0.25,43.4,,1,Copernicus CAMS via Open-Meteo (cached),Gujranwala_Autumn_Harvest_2024-10-15
Gujranwala,Summer,5,29.1,49.0,9.2,978.9,1,93.159,38.435,0.57,0.3004,0.907,321.46,48.83,0.1167,0.1735,2.908,93.107,0.00182,105.0,0.8663,203.238,0.074,-0.072,0.49,28.3,,0,Copernicus CAMS via Open-Meteo (cached),Gujranwala_Summer_2023-05-25
Gujranwala,Winter_Peak,11,25.3,61.0,5.7,988.8,14,155.92,6.483,1.706,0.1873,0.99,39.459,7.968,0.0,0.0359,7.524,154.954,8e-05,23.0,0.97,8.368,0.216,-0.015,1.61,191.9,,3,Copernicus CAMS via Open-Meteo (cached),Gujranwala_Winter_Peak_2024-11-15
Gujranwala,Monsoon,8,31.3,67.0,4.7,978.5,2,86.589,11.225,1.377,0.2033,0.844,44.475,10.62,0.0,0.2587,1.553,86.589,0.00016,27.0,0.817,7.564,0.052,-0.101,0.33,40.6,,1,Copernicus CAMS via Open-Meteo (cached),Gujranwala_Monsoon_2023-08-30
Gujranwala,Autumn_Harvest,9,23.6,97.0,4.9,978.8,14,163.629,28.226,-0.243,0.3454,1.035,134.939,37.593,0.0082,0.0898,4.656,149.051,0.00041,80.0,1.0128,109.7,0.245,0.006,0.58,41.3,,1,Copernicus CAMS via Open-Meteo (cached),Gujranwala_Autumn_Harvest_2023-09-25
Gujranwala,Monsoon,8,32.3,69.0,4.7,977.7,1,90.613,16.342,1.451,0.2343,0.998,49.496,27.198,0.0354,0.1762,1.898,82.355,0.00039,43.0,1.0994,51.427,0.114,0.047,0.68,39.1,,1,Copernicus CAMS via Open-Meteo (cached),Gujranwala_Monsoon_2023-08-05
Gujranwala,Autumn_Harvest,9,22.5,87.0,10.1,982.3,5,154.702,26.807,-0.24,0.3404,0.979,178.84,39.327,0.0122,0.0498,6.82,154.075,0.00046,83.0,0.9661,119.259,0.213,-0.017,0.65,42.1,,1,Copernicus CAMS via Open-Meteo (cached),Gujranwala_Autumn_Harvest_2023-09-25
Gujranwala,Autumn_Harvest,9,27.5,87.0,6.5,976.7,8,130.419,17.198,1.18,0.2261,1.015,94.885,14.458,0.0045,0.1055,3.695,120.809,0.00031,57.0,1.079,21.591,0.194,0.038,0.84,45.6,,1,Copernicus CAMS via Open-Meteo (cached),Gujranwala_Autumn_Harvest_2023-09-15
Gujranwala,Monsoon,7,31.6,68.0,9.0,976.2,0,186.31,20.538,0.701,0.3073,1.044,89.691,14.348,0.0223,0.1192,4.36,164.668,0.00019,47.0,1.1314,44.746,0.328,0.062,0.96,50.6,,1,Copernicus CAMS via Open-Meteo (cached),Gujranwala_Monsoon_2023-07-15
Gujranwala,Winter_Peak,11,19.3,85.0,5.0,987.2,12,184.535,8.086,1.471,0.1994,1.017,88.223,11.441,0.0,0.0393,8.457,177.915,0.00012,28.0,1.0167,13.765,0.288,0.008,2.0,237.5,,3,Copernicus CAMS via Open-Meteo (cached),Gujranwala_Winter_Peak_2024-11-15
Gujranwala,Winter_Peak,11,25.6,51.0,5.6,989.4,9,106.132,5.531,0.234,0.3237,0.981,55.916,8.01,0.0,0.0515,4.559,105.225,0.0002,14.0,0.977,3.599,0.123,-0.012,0.39,50.1,,1,Copernicus CAMS via Open-Meteo (cached),Gujranwala_Winter_Peak_2023-11-05
Gujranwala,Monsoon,7,32.7,66.0,7.3,975.6,0,180.062,19.961,0.673,0.3064,1.028,110.211,15.639,0.0224,0.0617,6.5,169.332,0.00022,48.0,1.0631,44.458,0.294,0.031,0.98,49.5,,1,Copernicus CAMS via Open-Meteo (cached),Gujranwala_Monsoon_2023-07-15
Gujranwala,Autumn_Harvest,10,18.4,79.0,5.2,987.2,20,71.269,8.823,0.291,0.2684,0.735,41.841,19.858,0.0024,0.3748,1.073,71.269,0.00019,24.0,0.627,22.673,-0.023,-0.229,0.17,35.6,,1,Copernicus CAMS via Open-Meteo (cached),Gujranwala_Autumn_Harvest_2023-10-25
Gujranwala,Summer,6,34.0,50.0,5.9,975.5,0,112.987,29.337,0.951,0.2612,0.88,104.249,23.62,0.0151,0.1938,2.81,112.951,0.00035,73.0,0.8375,48.786,0.099,-0.088,0.68,34.6,,0,Copernicus CAMS via Open-Meteo (cached),Gujranwala_Summer_2023-06-15
Gujranwala,Winter_Peak,11,16.2,83.0,7.1,986.4,5,123.051,6.827,0.499,0.2819,0.992,43.878,7.735,0.0,0.0383,5.9,121.613,0.00013,18.0,0.9918,3.513,0.159,-0.004,0.23,57.4,,1,Copernicus CAMS via Open-Meteo (cached),Gujranwala_Winter_Peak_2023-11-05
Gujranwala,Monsoon,7,35.1,57.0,4.8,967.9,1,135.281,21.178,0.397,0.284,0.981,269.799,50.993,0.0868,0.0455,6.182,134.828,0.00082,70.0,0.9751,168.221,0.178,-0.013,1.03,64.7,,1,Copernicus CAMS via Open-Meteo (cached),Gujranwala_Monsoon_2024-07-25
Gujranwala,Summer,6,31.7,42.0,4.8,979.3,1,92.941,8.29,-0.074,0.2586,0.807,42.14,13.205,0.0,0.2956,1.517,92.941,0.00013,19.0,0.7054,11.035,0.026,-0.173,0.39,26.6,,0,Copernicus CAMS via Open-Meteo (cached),Gujranwala_Summer_2023-06-05
Gujranwala,Monsoon,8,31.3,76.0,6.5,973.5,0,122.447,16.234,1.353,0.2121,0.955,22.978,14.704,0.0029,0.1634,2.746,119.486,9e-05,55.0,1.0198,23.662,0.165,0.01,0.61,35.5,,1,Copernicus CAMS via Open-Meteo (cached),Gujranwala_Monsoon_2024-08-05
Gujranwala,Winter_Peak,11,30.1,38.0,7.9,985.3,13,103.09,9.887,1.904,0.181,0.945,46.967,9.452,0.0,0.0949,3.254,103.027,0.00017,24.0,0.9119,7.51,0.103,-0.046,0.16,26.7,,0,Copernicus CAMS via Open-Meteo (cached),Gujranwala_Winter_Peak_2024-11-01
Gujranwala,Autumn_Harvest,10,28.8,42.0,4.1,982.6,12,79.67,8.826,1.058,0.2032,0.763,68.27,12.579,0.0,0.3324,1.263,79.67,0.00023,19.0,0.6791,9.471,0.002,-0.191,0.53,39.1,,1,Copernicus CAMS via Open-Meteo (cached),Gujranwala_Autumn_Harvest_2023-10-15
Gujranwala,Summer,6,32.3,47.0,10.4,972.0,0,109.378,3.287,-0.033,0.2539,0.893,14.862,6.125,0.0,0.1615,2.432,109.378,4e-05,12.0,0.8562,2.386,0.098,-0.077,0.53,46.4,,1,Copernicus CAMS via Open-Meteo (cached),Gujranwala_Summer_2024-06-20
Gujranwala,Monsoon,8,31.3,68.0,4.0,973.7,1,87.458,14.328,0.38,0.3049,0.905,78.825,20.644,0.0028,0.2469,1.605,85.678,0.00036,41.0,0.9788,33.376,0.088,-0.011,0.51,28.3,,0,Copernicus CAMS via Open-Meteo (cached),Gujranwala_Monsoon_2024-08-12
Gujranwala,Autumn_Harvest,10,27.9,47.0,5.1,984.9,8,69.213,8.076,0.976,0.2124,0.768,84.791,12.287,0.0,0.334,1.105,69.213,0.00037,17.0,0.7069,8.937,-0.001,-0.172,0.52,38.1,,1,Copernicus CAMS via Open-Meteo (cached),Gujranwala_Autumn_Harvest_2023-10-15
Gujranwala,Autumn_Harvest,9,25.2,90.0,0.5,975.4,6,103.9,12.866,0.849,0.288,0.996,85.46,14.728,0.0023,0.1848,2.249,94.126,0.00033,29.0,1.1015,16.108,0.142,0.048,0.72,51.8,,1,Copernicus CAMS via Open-Meteo (cached),Gujranwala_Autumn_Harvest_2024-09-10
Gujranwala,Autumn_Harvest,10,19.6,84.0,2.9,989.8,12,75.522,9.275,0.305,0.2532,0.775,56.272,19.122,0.0015,0.3227,1.209,75.522,0.00024,24.0,0.6806,22.18,-0.001,-0.19,0.15,42.1,,1,Copernicus CAMS via Open-Meteo (cached),Gujranwala_Autumn_Harvest_2023-10-25
Gujranwala,Winter_Peak,11,22.9,68.0,8.2,986.2,7,180.027,7.454,1.753,0.197,1.004,34.487,7.996,0.0,0.0497,7.298,174.386,6e-05,26.0,0.9811,10.306,0.266,-0.01,1.79,210.5,,3,Copernicus CAMS via Open-Meteo (cached),Gujranwala_Winter_Peak_2024-11-15
Gujranwala,Monsoon,7,27.9,85.0,10.4,967.8,1,134.914,21.227,0.375,0.2811,0.979,275.023,51.244,0.085,0.0709,5.052,133.563,0.00083,70.0,0.9974,167.235,0.184,-0.001,1.18,49.9,,1,Copernicus CAMS via Open-Meteo (cached),Gujranwala_Monsoon_2024-07-25
Gujranwala,Winter_Peak,11,14.5,79.0,7.6,992.6,11,133.575,7.356,3.721,0.1438,0.975,16.047,6.603,0.0,0.0492,5.763,133.468,4e-05,13.0,0.9534,5.381,0.169,-0.024,0.6,94.5,,2,Copernicus CAMS via Open-Meteo (cached),Gujranwala_Winter_Peak_2023-11-20
Gujranwala,Autumn_Harvest,10,21.8,76.0,10.2,987.9,11,74.019,9.227,0.32,0.2699,0.742,86.06,20.618,0.0018,0.3774,1.115,74.019,0.00034,24.0,0.6232,25.17,-0.023,-0.232,0.14,35.3,,1,Copernicus CAMS via Open-Meteo (cached),Gujranwala_Autumn_Harvest_2023-10-25
Gujranwala,Winter_Peak,1,13.7,74.0,2.3,991.0,11,175.068,1.592,-0.009,0.3902,1.074,24.069,4.781,0.0,0.1214,4.025,153.818,4e-05,4.0,1.1381,1.197,0.305,0.065,0.83,122.9,,2,Copernicus CAMS via Open-Meteo (cached),Gujranwala_Winter_Peak_2024-01-05
Gujranwala,Summer,6,31.6,40.0,8.4,968.2,0,105.467,3.298,0.033,0.2631,0.89,20.784,6.566,0.0,0.1792,2.215,105.467,6e-05,11.0,0.8206,2.603,0.082,-0.099,0.54,39.7,,1,Copernicus CAMS via Open-Meteo (cached),Gujranwala_Summer_2024-06-20
Gujranwala,Winter_Peak,12,6.7,82.0,9.7,991.4,10,84.873,15.118,0.589,0.3014,0.925,84.549,26.811,0.0152,0.1797,1.89,84.032,0.00058,42.0,0.9603,40.32,0.08,-0.02,0.16,74.7,,1,Copernicus CAMS via Open-Meteo (cached),Gujranwala_Winter_Peak_2023-12-20
Gujranwala,Summer,6,30.7,56.0,3.5,975.2,0,100.115,25.928,1.31,0.216,0.851,77.64,17.376,0.0057,0.2302,2.168,100.114,0.00036,68.0,0.7937,25.368,0.065,-0.115,0.67,30.0,,0,Copernicus CAMS via Open-Meteo (cached),Gujranwala_Summer_2023-06-15
Gujranwala,Summer,4,23.7,52.0,8.4,979.2,3,60.143,5.657,0.319,0.2997,0.689,60.721,10.992,0.0,0.4168,0.877,60.143,0.00027,14.0,0.5882,6.706,-0.045,-0.259,0.13,21.8,,0,Copernicus CAMS via Open-Meteo (cached),Gujranwala_Summer_2024-04-20
Gujranwala,Winter_Peak,1,4.6,98.0,3.9,990.5,8,207.445,2.159,-0.001,0.3106,1.002,43.921,6.343,0.0,0.0225,11.6,204.594,4e-05,5.0,1.0115,2.139,0.331,0.006,1.09,108.7,,2,Copernicus CAMS via Open-Meteo (cached),Gujranwala_Winter_Peak_2024-01-15
Gujranwala,Autumn_Harvest,10,23.1,71.0,9.9,979.3,10,97.55,4.66,0.23,0.3267,0.887,19.963,5.746,0.0,0.191,1.994,97.55,6e-05,10.0,0.873,1.956,0.083,-0.068,0.26,63.1,,1,Copernicus CAMS via Open-Meteo (cached),Gujranwala_Autumn_Harvest_2023-10-05
Gujranwala,Autumn_Harvest,10,21.4,85.0,6.0,988.4,19,129.679,3.875,0.266,0.2977,0.966,42.827,8.209,0.0,0.0669,4.868,129.559,0.0001,11.0,0.935,3.587,0.157,-0.034,1.01,95.2,,2,Copernicus CAMS via Open-Meteo (cached),Gujranwala_Autumn_Harvest_2024-10-22
Gujranwala,Winter_Peak,11,15.5,88.0,14.0,988.1,11,100.85,25.415,1.067,0.1786,0.869,95.234,24.437,0.0157,0.2089,2.119,100.843,0.00044,95.0,0.833,65.469,0.078,-0.091,1.11,65.7,,1,Copernicus CAMS via Open-Meteo (cached),Gujranwala_Winter_Peak_2023-11-30
Gujranwala,Winter_Peak,11,28.7,37.0,4.3,985.0,10,106.632,10.051,1.816,0.1905,0.99,39.551,9.311,0.0,0.1122,2.853,101.721,0.00015,24.0,1.0461,7.614,0.138,0.023,0.16,40.0,,1,Copernicus CAMS via Open-Meteo (cached),Gujranwala_Winter_Peak_2024-11-01
Gujranwala,Monsoon,8,34.8,61.0,4.1,976.4,1,134.913,13.781,0.428,0.3386,0.989,44.55,14.843,0.0003,0.1493,3.001,126.259,0.00012,41.0,1.0685,19.766,0.201,0.033,0.75,48.4,,1,Copernicus CAMS via Open-Meteo (cached),Gujranwala_Monsoon_2023-08-20
Gujranwala,Winter_Peak,11,14.6,80.0,7.3,986.4,11,115.82,6.134,0.424,0.3117,1.037,20.099,5.704,0.0,0.0915,3.272,105.554,8e-05,15.0,1.0203,2.037,0.152,0.01,0.27,68.5,,1,Copernicus CAMS via Open-Meteo (cached),Gujranwala_Winter_Peak_2023-11-05
Gujranwala,Autumn_Harvest,9,24.0,97.0,3.8,979.3,11,137.571,23.787,-0.25,0.3447,0.999,159.844,35.079,0.0146,0.0525,5.698,133.954,0.0005,71.0,0.9805,92.858,0.184,-0.01,0.53,39.6,,1,Copernicus CAMS via Open-Meteo (cached),Gujranwala_Autumn_Harvest_2023-09-25
Gujranwala,Monsoon,8,29.8,65.0,6.1,978.5,0,72.883,9.745,1.258,0.2204,0.807,82.336,11.695,0.0,0.3184,1.189,72.883,0.00035,24.0,0.7937,8.463,0.026,-0.115,0.33,51.6,,1,Copernicus CAMS via Open-Meteo (cached),Gujranwala_Monsoon_2023-08-30
Gujranwala,Winter_Peak,11,19.0,63.0,8.8,990.3,9,125.082,7.202,3.361,0.1853,0.928,40.864,8.51,0.0,0.1197,3.343,125.074,0.0001,15.0,0.9088,6.617,0.141,-0.048,0.48,69.6,,1,Copernicus CAMS via Open-Meteo (cached),Gujranwala_Winter_Peak_2023-11-20
Gujranwala,Winter_Peak,11,16.3,86.0,8.8,984.1,8,107.03,10.352,1.89,0.179,0.957,62.987,10.57,0.0,0.0787,3.802,106.786,0.00021,25.0,0.9363,9.144,0.116,-0.033,0.11,31.3,,0,Copernicus CAMS via Open-Meteo (cached),Gujranwala_Winter_Peak_2024-11-01
Gujranwala,Winter_Peak,11,15.4,71.0,10.4,987.8,12,121.341,4.42,1.369,0.2319,1.017,13.852,6.724,0.0,0.0406,5.448,116.775,5e-05,12.0,1.017,2.891,0.162,0.008,0.41,96.6,,2,Copernicus CAMS via Open-Meteo (cached),Gujranwala_Winter_Peak_2024-11-25
Gujranwala,Autumn_Harvest,9,26.5,76.0,6.5,979.9,9,53.243,1.393,0.015,0.4249,0.964,18.988,4.195,0.0,0.0744,1.918,53.089,0.00024,3.0,0.9635,0.933,0.02,-0.019,0.35,33.6,,0,Copernicus CAMS via Open-Meteo (cached),Gujranwala_Autumn_Harvest_2024-09-28
Gujranwala,Winter_Peak,12,16.3,69.0,7.4,989.9,14,85.686,7.66,0.174,0.2882,0.928,61.333,19.114,0.0027,0.1261,2.37,85.483,0.0003,23.0,0.8833,22.702,0.066,-0.062,0.19,47.8,,1,Copernicus CAMS via Open-Meteo (cached),Gujranwala_Winter_Peak_2023-12-01
Gujranwala,Winter_Peak,12,18.9,45.0,4.9,991.8,8,79.236,13.771,0.408,0.3025,0.922,60.487,24.686,0.0148,0.163,1.9,78.953,0.00053,39.0,0.936,35.27,0.065,-0.033,0.19,46.1,,1,Copernicus CAMS via Open-Meteo (cached),Gujranwala_Winter_Peak_2023-12-20
Gujranwala,Monsoon,8,30.0,89.0,3.2,974.8,2,99.001,18.708,1.448,0.2287,0.985,132.118,32.859,0.0436,0.1047,3.154,95.517,0.00065,49.0,1.0159,73.541,0.117,0.008,0.64,51.1,,1,Copernicus CAMS via Open-Meteo (cached),Gujranwala_Monsoon_2023-08-05
Gujranwala,Summer,6,27.5,34.0,7.0,974.2,2,68.235,5.685,-0.153,0.2894,0.763,39.87,10.265,0.0,0.3454,1.045,68.235,0.00019,18.0,0.6547,6.197,-0.017,-0.209,0.19,29.5,,0,Copernicus CAMS via Open-Meteo (cached),Gujranwala_Summer_2024-06-10
Gujranwala,Autumn_Harvest,10,27.0,57.0,5.3,988.1,11,71.173,8.511,0.375,0.2631,0.786,63.09,16.71,0.0013,0.3364,1.123,71.172,0.0003,20.0,0.664,16.733,-0.011,-0.202,0.21,24.5,,0,Copernicus CAMS via Open-Meteo (cached),Gujranwala_Autumn_Harvest_2023-10-25
Gujranwala,Autumn_Harvest,10,27.2,63.0,0.7,982.1,14,143.085,4.08,0.299,0.2515,0.989,69.681,8.698,0.0,0.08,4.73,139.252,0.00013,11.0,1.0242,4.01,0.207,0.012,0.8,62.4,,1,Copernicus CAMS via Open-Meteo (cached),Gujranwala_Autumn_Harvest_2024-10-05
Gujranwala,Winter_Peak,11,12.5,88.0,6.9,990.8,11,139.881,8.066,3.56,0.1849,0.988,39.015,8.4,0.0,0.0511,5.881,138.041,9e-05,15.0,1.0025,6.955,0.195,0.001,0.62,85.2,,2,Copernicus CAMS via Open-Meteo (cached),Gujranwala_Winter_Peak_2023-11-20
Gujranwala,Autumn_Harvest,10,28.8,42.0,4.1,982.6,7,63.462,7.505,0.854,0.2233,0.723,82.252,12.376,0.0,0.3923,0.944,63.462,0.00038,18.0,0.6107,9.066,-0.035,-0.242,0.53,39.1,,1,Copernicus CAMS via Open-Meteo (cached),Gujranwala_Autumn_Harvest_2023-10-15
Gujranwala,Summer,5,19.7,52.0,9.0,979.3,2,56.164,10.273,0.622,0.2489,0.693,100.844,26.816,0.0252,0.4542,0.819,56.164,0.0006,31.0,0.5472,38.945,-0.061,-0.293,0.19,40.9,,1,Copernicus CAMS via Open-Meteo (cached),Gujranwala_Summer_2024-05-01
Gujranwala,Autumn_Harvest,10,20.9,64.0,9.2,980.5,7,94.151,4.711,0.11,0.3011,0.835,13.925,5.298,0.0,0.237,1.702,94.151,4e-05,11.0,0.7772,1.717,0.052,-0.125,0.28,62.2,,1,Copernicus CAMS via Open-Meteo (cached),Gujranwala_Autumn_Harvest_2023-10-05
Gujranwala,Monsoon,7,31.1,75.0,6.9,967.8,1,147.289,21.754,0.461,0.2731,1.046,286.731,50.626,0.0783,0.0862,4.47,134.831,0.00084,67.0,1.0887,162.086,0.232,0.042,1.31,69.8,,1,Copernicus CAMS via Open-Meteo (cached),Gujranwala_Monsoon_2024-07-25
Gujranwala,Autumn_Harvest,10,20.2,73.0,3.9,984.2,9,103.403,4.966,0.041,0.3212,0.915,73.236,9.652,0.0,0.1364,2.63,103.397,0.00022,12.0,0.8723,5.195,0.093,-0.068,0.32,50.5,,1,Copernicus CAMS via Open-Meteo (cached),Gujranwala_Autumn_Harvest_2024-10-15
Gujranwala,Winter_Peak,11,15.6,94.0,5.5,990.6,8,101.387,24.634,1.103,0.1749,0.864,90.98,25.335,0.0192,0.2087,2.117,101.384,0.00045,93.0,0.8134,72.497,0.073,-0.103,1.47,58.2,,1,Copernicus CAMS via Open-Meteo (cached),Gujranwala_Winter_Peak_2023-11-30
Gujranwala,Winter_Peak,1,7.8,98.0,1.8,993.9,13,173.469,1.759,0.005,0.2754,1.068,29.807,5.245,0.0,0.1221,3.977,152.281,5e-05,4.0,1.1391,1.457,0.302,0.065,1.08,131.3,,2,Copernicus CAMS via Open-Meteo (cached),Gujranwala_Winter_Peak_2024-01-05
Gujranwala,Summer,5,31.1,42.0,12.9,980.5,0,101.572,40.244,0.428,0.3067,0.931,374.734,52.048,0.1147,0.1672,2.977,100.418,0.00178,108.0,0.8644,221.324,0.088,-0.073,0.86,37.8,,1,Copernicus CAMS via Open-Meteo (cached),Gujranwala_Summer_2023-05-25
Gujranwala,Winter_Peak,12,11.8,71.0,6.0,987.1,10,98.266,6.687,-0.083,0.3264,0.957,78.825,10.662,0.0,0.0882,3.298,97.887,0.00031,17.0,0.931,6.417,0.098,-0.036,0.08,56.1,,1,Copernicus CAMS via Open-Meteo (cached),Gujranwala_Winter_Peak_2024-12-05
Gujranwala,Summer,4,29.0,45.0,8.1,980.2,1,59.357,5.44,0.356,0.2334,0.71,31.027,9.352,0.0,0.3931,0.877,59.357,0.00016,12.0,0.61,4.831,-0.038,-0.242,0.23,30.9,,0,Copernicus CAMS via Open-Meteo (cached),Gujranwala_Summer_2024-04-20
Gujranwala,Monsoon,8,28.4,96.0,7.3,979.0,3,151.474,15.778,0.403,0.3393,1.034,48.167,14.873,0.0004,0.1389,3.305,133.573,0.00012,43.0,1.134,19.672,0.252,0.063,0.79,57.3,,1,Copernicus CAMS via Open-Meteo (cached),Gujranwala_Monsoon_2023-08-20
Gujranwala,Summer,6,31.6,24.0,9.0,974.5,1,70.751,5.997,-0.141,0.3297,0.695,23.568,11.343,0.0,0.4161,1.025,70.751,9e-05,21.0,0.5842,7.477,-0.04,-0.262,0.17,16.9,,0,Copernicus CAMS via Open-Meteo (cached),Gujranwala_Summer_2024-06-10
Gujranwala,Monsoon,8,26.7,92.0,5.6,977.0,1,132.877,14.955,0.815,0.286,0.992,171.091,30.392,0.0543,0.0975,4.015,127.746,0.00059,51.0,1.0389,88.047,0.19,0.019,0.69,68.7,,1,Copernicus CAMS via Open-Meteo (cached),Gujranwala_Monsoon_2024-08-25
Gujranwala,Monsoon,8,29.7,73.0,1.8,974.7,0,92.706,15.483,0.343,0.3073,0.936,75.052,20.527,0.0028,0.22,1.832,89.226,0.00034,43.0,1.0208,33.563,0.105,0.01,0.5,30.3,,0,Copernicus CAMS via Open-Meteo (cached),Gujranwala_Monsoon_2024-08-12
Gujranwala,Winter_Peak,11,27.7,44.0,7.9,987.1,13,112.736,6.038,0.346,0.3082,1.018,61.527,8.359,0.0,0.0734,3.879,106.143,0.00021,15.0,1.0604,3.904,0.154,0.029,0.45,48.2,,1,Copernicus CAMS via Open-Meteo (cached),Gujranwala_Winter_Peak_2023-11-05
Gujranwala,Summer,5,27.2,32.0,10.2,968.3,1,57.569,8.164,0.445,0.2833,0.729,45.914,20.986,0.0115,0.4187,0.838,57.569,0.00033,25.0,0.5832,27.265,-0.048,-0.263,0.13,40.9,,1,Copernicus CAMS via Open-Meteo (cached),Gujranwala_Summer_2024-05-28
Gujranwala,Winter_Peak,12,17.6,61.0,5.6,990.1,12,79.477,13.498,0.344,0.3069,0.913,43.796,24.058,0.0127,0.1701,1.835,79.379,0.00035,39.0,0.9195,33.539,0.062,-0.042,0.17,44.2,,1,Copernicus CAMS via Open-Meteo (cached),Gujranwala_Winter_Peak_2023-12-20
Gujranwala,Autumn_Harvest,10,24.7,66.0,11.5,979.5,13,101.679,4.908,0.203,0.2755,0.88,12.795,5.483,0.0,0.197,2.039,101.679,4e-05,11.0,0.8591,1.905,0.087,-0.076,0.26,56.8,,1,Copernicus CAMS via Open-Meteo (cached),Gujranwala_Autumn_Harvest_2023-10-05
Gujranwala,Winter_Peak,11,24.8,59.0,7.6,986.3,4,175.453,7.259,1.719,0.1934,0.999,37.797,8.177,0.0,0.0342,8.495,172.696,6e-05,26.0,0.9814,9.967,0.258,-0.009,1.83,159.3,,3,Copernicus CAMS via Open-Meteo (cached),Gujranwala_Winter_Peak_2024-11-15
Gujranwala,Autumn_Harvest,9,27.7,68.0,6.9,979.4,10,49.346,2.857,-0.006,0.3413,0.964,74.547,8.35,0.0,0.121,1.399,47.977,0.00109,7.0,0.9875,3.667,0.016,-0.006,0.37,23.1,,0,Copernicus CAMS via Open-Meteo (cached),Gujranwala_Autumn_Harvest_2024-09-28
Gujranwala,Monsoon,8,27.4,95.0,4.9,975.9,1,130.952,17.198,1.331,0.2116,0.988,29.546,15.335,0.0026,0.1273,3.411,124.524,0.0001,55.0,1.0511,24.995,0.189,0.025,0.4,19.9,,0,Copernicus CAMS via Open-Meteo (cached),Gujranwala_Monsoon_2024-08-05
Gujranwala,Monsoon,8,33.3,71.0,6.4,980.1,2,139.807,14.43,0.425,0.3326,0.967,20.906,13.907,0.0004,0.0934,4.314,139.033,7e-05,43.0,0.9933,18.808,0.192,-0.003,0.78,49.0,,1,Copernicus CAMS via Open-Meteo (cached),Gujranwala_Monsoon_2023-08-20
Gujranwala,Autumn_Harvest,9,26.2,86.0,6.6,979.7,9,120.759,3.847,1.026,0.2416,0.929,11.722,4.964,0.0,0.1516,2.789,120.755,3e-05,12.0,0.9502,1.615,0.144,-0.026,0.4,69.2,,1,Copernicus CAMS via Open-Meteo (cached),Gujranwala_Autumn_Harvest_2024-09-18
Gujranwala,Winter_Peak,12,10.5,77.0,5.7,986.7,18,119.164,7.118,-0.243,0.3556,1.003,25.535,8.334,0.0,0.1286,2.932,110.495,8e-05,17.0,1.0782,5.046,0.171,0.038,0.07,49.0,,1,Copernicus CAMS via Open-Meteo (cached),Gujranwala_Winter_Peak_2024-12-05
Gujranwala,Monsoon,8,27.5,89.0,5.5,978.4,1,143.735,16.528,0.713,0.3075,0.956,254.745,36.292,0.0583,0.0914,4.499,143.516,0.00067,58.0,0.9605,113.65,0.19,-0.02,1.02,53.6,,1,Copernicus CAMS via Open-Meteo (cached),Gujranwala_Monsoon_2024-08-25
Gujranwala,Monsoon,8,33.0,58.0,3.1,980.4,1,75.499,10.06,1.313,0.2119,0.81,42.682,9.807,0.0,0.2985,1.25,75.499,0.00018,25.0,0.7683,6.28,0.023,-0.131,0.54,54.7,,1,Copernicus CAMS via Open-Meteo (cached),Gujranwala_Monsoon_2023-08-30
Gujranwala,Monsoon,7,34.1,62.0,4.8,968.2,2,135.195,20.861,0.439,0.2806,0.98,308.262,52.047,0.0876,0.1081,3.87,131.23,0.00086,69.0,1.026,170.531,0.192,0.013,1.08,65.4,,1,Copernicus CAMS via Open-Meteo (cached),Gujranwala_Monsoon_2024-07-25
Gujranwala,Summer,5,25.0,31.0,7.6,966.8,1,58.555,10.62,2.554,0.2389,0.737,77.18,24.268,0.0189,0.4079,0.862,58.555,0.00057,27.0,0.5951,42.502,-0.043,-0.254,0.11,22.8,,0,Copernicus CAMS via Open-Meteo (cached),Gujranwala_Summer_2024-05-28
Gujranwala,Monsoon,7,28.2,91.0,5.4,976.7,1,182.639,3.988,-1.005,0.3008,1.001,52.836,8.085,0.0,0.0873,5.526,173.902,6e-05,12.0,1.0502,3.971,0.295,0.024,0.88,41.1,,1,Copernicus CAMS via Open-Meteo (cached),Gujranwala_Monsoon_2023-07-25
Gujranwala,Winter_Peak,12,18.3,53.0,8.1,988.9,14,75.447,8.826,0.312,0.2924,0.873,74.868,23.175,0.0049,0.2083,1.495,75.432,0.00042,26.0,0.797,28.864,0.03,-0.113,0.2,59.8,,1,Copernicus CAMS via Open-Meteo (cached),Gujranwala_Winter_Peak_2023-12-10
Gujranwala,Winter_Peak,11,22.2,51.0,4.6,990.0,8,130.644,5.087,1.387,0.2126,1.046,33.505,8.356,0.0,0.0789,4.123,120.31,0.0001,12.0,1.0818,4.182,0.196,0.039,0.3,35.2,,1,Copernicus CAMS via Open-Meteo (cached),Gujranwala_Winter_Peak_2024-11-25
Gujranwala,Autumn_Harvest,10,18.4,79.0,5.2,987.2,5,64.594,7.87,0.323,0.2609,0.735,30.652,17.726,0.0014,0.3691,0.976,64.594,0.00017,21.0,0.6668,18.672,-0.017,-0.2,0.17,35.6,,1,Copernicus CAMS via Open-Meteo (cached),Gujranwala_Autumn_Harvest_2023-10-25
Gujranwala,Winter_Peak,11,20.9,56.0,4.2,991.1,6,106.693,4.048,0.559,0.2886,1.005,47.372,8.54,0.0,0.0604,4.118,102.736,0.00018,11.0,0.9825,4.25,0.125,-0.009,0.31,49.7,,1,Copernicus CAMS via Open-Meteo (cached),Gujranwala_Winter_Peak_2024-11-25
Gujranwala,Winter_Peak,1,11.8,80.0,5.4,989.8,12,215.855,2.941,0.002,0.2871,0.992,78.744,8.606,0.0,0.0477,9.23,212.749,7e-05,7.0,0.9663,3.887,0.328,-0.017,1.25,103.8,,2,Copernicus CAMS via Open-Meteo (cached),Gujranwala_Winter_Peak_2024-01-15
Gujranwala,Autumn_Harvest,10,26.2,55.0,4.5,991.0,10,76.606,9.185,0.352,0.245,0.801,25.178,18.304,0.0018,0.2895,1.297,76.606,0.00014,23.0,0.7137,20.017,0.01,-0.167,0.17,31.7,,0,Copernicus CAMS via Open-Meteo (cached),Gujranwala_Autumn_Harvest_2023-10-25
Gujranwala,Winter_Peak,11,18.8,64.0,8.3,983.9,8,104.085,9.795,2.028,0.1974,0.993,35.946,8.671,0.0,0.0427,4.832,102.478,0.00015,22.0,0.9982,6.183,0.124,-0.001,0.08,32.9,,0,Copernicus CAMS via Open-Meteo (cached),Gujranwala_Winter_Peak_2024-11-01
Gujranwala,Winter_Peak,11,21.3,71.0,4.4,988.4,13,119.702,6.173,0.198,0.3186,1.049,70.698,8.811,0.0,0.0858,3.663,109.389,0.00023,15.0,1.0853,4.277,0.173,0.041,0.51,103.1,,2,Copernicus CAMS via Open-Meteo (cached),Gujranwala_Winter_Peak_2023-11-05
Gujranwala,Autumn_Harvest,10,18.5,92.0,4.9,983.9,9,67.55,7.601,1.057,0.204,0.757,40.03,10.483,0.0,0.339,1.061,67.55,0.00019,17.0,0.6721,6.875,-0.012,-0.196,0.54,24.9,,0,Copernicus CAMS via Open-Meteo (cached),Gujranwala_Autumn_Harvest_2023-10-15
Gujranwala,Autumn_Harvest,10,20.4,72.0,7.6,983.3,12,79.653,8.649,1.166,0.2189,0.758,19.184,10.638,0.0,0.3584,1.223,79.653,7e-05,19.0,0.7128,7.815,0.013,-0.168,0.3,36.1,,1,Copernicus CAMS via Open-Meteo (cached),Gujranwala_Autumn_Harvest_2023-10-15
Gujranwala,Winter_Peak,11,15.4,84.0,5.2,987.7,17,120.359,6.444,0.514,0.2888,1.03,18.482,5.732,0.0,0.0514,4.855,114.146,7e-05,16.0,1.0445,2.066,0.166,0.022,0.29,72.9,,1,Copernicus CAMS via Open-Meteo (cached),Gujranwala_Winter_Peak_2023-11-05
Gujranwala,Monsoon,7,32.7,63.0,2.3,975.2,0,180.28,3.37,-1.009,0.3419,0.983,39.55,6.922,0.0,0.033,9.043,180.135,5e-05,10.0,0.9707,2.957,0.263,-0.015,0.47,35.5,,1,Copernicus CAMS via Open-Meteo (cached),Gujranwala_Monsoon_2023-07-25
Gujranwala,Autumn_Harvest,9,31.9,64.0,5.0,978.1,4,121.348,4.641,0.598,0.2769,0.947,72.433,9.153,0.0,0.1169,3.329,121.016,0.00017,13.0,0.9613,4.616,0.148,-0.02,0.58,48.0,,1,Copernicus CAMS via Open-Meteo (cached),Gujranwala_Autumn_Harvest_2024-09-18
Gujranwala,Summer,5,26.7,38.0,10.0,976.7,1,115.943,33.913,0.728,0.2704,0.914,430.81,46.485,0.0581,0.2018,2.624,114.323,0.00154,90.0,0.8209,204.072,0.098,-0.098,0.41,24.1,,0,Copernicus CAMS via Open-Meteo (cached),Gujranwala_Summer_2024-05-18
Gujranwala,Winter_Peak,11,25.3,61.0,5.7,988.8,12,168.715,6.982,1.698,0.1842,1.029,46.974,8.773,0.0,0.0813,5.121,155.678,8e-05,24.0,1.0067,9.32,0.253,0.003,1.61,191.9,,3,Copernicus CAMS via Open-Meteo (cached),Gujranwala_Winter_Peak_2024-11-15
Gujranwala,Winter_Peak,12,6.7,82.0,9.7,991.4,11,95.633,16.368,0.332,0.3255,0.959,99.146,27.228,0.0119,0.1106,3.038,94.34,0.0005,44.0,0.9685,44.491,0.101,-0.016,0.16,74.7,,1,Copernicus CAMS via Open-Meteo (cached),Gujranwala_Winter_Peak_2023-12-20
Gujranwala,Monsoon,7,26.9,91.0,11.5,967.5,1,135.965,21.084,0.405,0.2788,0.945,351.297,54.742,0.0867,0.0996,4.134,135.866,0.00093,73.0,0.9337,187.94,0.168,-0.034,1.15,53.2,,1,Copernicus CAMS via Open-Meteo (cached),Gujranwala_Monsoon_2024-07-25
Gujranwala,Summer,6,28.5,66.0,7.9,972.8,3,105.237,25.82,1.147,0.2403,0.895,43.936,19.434,0.0101,0.1807,2.644,105.065,0.00026,63.0,0.8306,35.146,0.084,-0.093,0.67,43.2,,1,Copernicus CAMS via Open-Meteo (cached),Gujranwala_Summer_2023-06-15
Gujranwala,Winter_Peak,11,26.3,55.0,4.8,986.7,10,117.975,6.236,0.182,0.2815,1.004,67.571,8.69,0.0,0.0687,4.272,113.141,0.0002,15.0,1.0386,4.148,0.16,0.019,0.45,49.6,,1,Copernicus CAMS via Open-Meteo (cached),Gujranwala_Winter_Peak_2023-11-05
Gujranwala,Winter_Peak,11,15.4,71.0,10.4,987.8,10,118.161,4.146,0.706,0.2371,0.988,32.078,8.169,0.0,0.0426,5.454,116.983,0.0001,12.0,0.9953,4.058,0.151,-0.002,0.41,96.6,,2,Copernicus CAMS via Open-Meteo (cached),Gujranwala_Winter_Peak_2024-11-25
Gujranwala,Autumn_Harvest,9,25.8,87.0,17.4,975.6,10,85.053,10.183,0.395,0.2966,0.949,46.285,12.485,0.0008,0.2288,1.59,79.926,0.00025,25.0,1.0574,10.984,0.096,0.028,0.69,55.9,,1,Copernicus CAMS via Open-Meteo (cached),Gujranwala_Autumn_Harvest_2024-09-10
Gujranwala,Winter_Peak,11,14.8,94.0,9.0,989.2,10,108.621,28.205,0.912,0.1881,0.932,95.196,26.575,0.0227,0.1216,3.495,108.271,0.00054,97.0,0.895,77.775,0.108,-0.055,1.8,63.3,,1,Copernicus CAMS via Open-Meteo (cached),Gujranwala_Winter_Peak_2023-11-30
Gujranwala,Autumn_Harvest,10,23.2,71.0,5.5,986.2,6,67.165,7.542,1.115,0.2261,0.751,29.818,9.905,0.0,0.349,1.038,67.165,0.00014,17.0,0.6592,6.197,-0.016,-0.205,0.49,36.2,,1,Copernicus CAMS via Open-Meteo (cached),Gujranwala_Autumn_Harvest_2023-10-15
Gujranwala,Monsoon,8,30.6,70.0,4.4,976.6,1,90.127,14.898,0.38,0.3114,0.926,44.721,19.841,0.0035,0.1725,2.15,89.275,0.00025,41.0,0.9518,31.98,0.088,-0.025,0.29,12.6,,0,Copernicus CAMS via Open-Meteo (cached),Gujranwala_Monsoon_2024-08-12
Gujranwala,Autumn_Harvest,10,27.2,63.0,0.7,982.1,8,151.835,4.733,0.291,0.2609,1.025,81.394,9.339,0.0,0.0767,4.939,141.429,0.00015,13.0,1.0734,4.63,0.238,0.035,0.8,62.4,,1,Copernicus CAMS via Open-Meteo (cached),Gujranwala_Autumn_Harvest_2024-10-05
Gujranwala,Winter_Peak,12,18.3,59.0,8.2,989.5,12,80.49,7.302,0.295,0.2684,0.921,42.17,18.955,0.0035,0.142,2.045,80.328,0.00024,22.0,0.8612,20.497,0.052,-0.075,0.23,42.5,,1,Copernicus CAMS via Open-Meteo (cached),Gujranwala_Winter_Peak_2023-12-01
Gujranwala,Winter_Peak,1,4.6,98.0,3.9,990.5,17,184.461,1.989,-0.006,0.2997,1.0,36.86,5.871,0.0,0.0323,9.17,181.441,4e-05,5.0,1.0153,1.819,0.287,0.008,1.09,108.7,,2,Copernicus CAMS via Open-Meteo (cached),Gujranwala_Winter_Peak_2024-01-15
Gujranwala,Monsoon,7,35.0,57.0,4.6,971.7,1,173.947,19.121,0.635,0.3364,1.03,78.238,13.193,0.0213,0.0831,5.211,160.347,0.00017,44.0,1.0848,36.767,0.288,0.041,1.06,50.4,,1,Copernicus CAMS via Open-Meteo (cached),Gujranwala_Monsoon_2023-07-15
Gujranwala,Monsoon,8,25.8,81.0,6.3,977.7,0,73.451,9.684,1.327,0.2075,0.768,53.817,10.892,0.0,0.3701,1.119,73.451,0.00021,25.0,0.7552,7.814,0.017,-0.139,0.37,46.9,,1,Copernicus CAMS via Open-Meteo (cached),Gujranwala_Monsoon_2023-08-30
Gujranwala,Summer,5,14.2,69.0,6.1,976.8,0,58.919,10.321,0.679,0.2368,0.733,41.771,26.213,0.0258,0.4103,0.876,58.919,0.00032,30.0,0.5914,36.615,-0.044,-0.257,0.31,21.8,,0,Copernicus CAMS via Open-Meteo (cached),Gujranwala_Summer_2024-05-01
Gujranwala,Winter_Peak,1,4.8,96.0,3.6,990.4,8,181.817,2.897,0.012,0.28,1.005,76.807,8.477,0.0,0.0274,9.606,178.48,9e-05,6.0,1.0074,3.794,0.279,0.004,1.16,107.3,,2,Copernicus CAMS via Open-Meteo (cached),Gujranwala_Winter_Peak_2024-01-15
Gujranwala,Winter_Peak,11,29.0,42.0,6.2,986.0,7,104.379,10.169,1.682,0.196,0.959,84.271,11.616,0.0,0.094,3.334,103.609,0.00029,24.0,0.967,10.024,0.118,-0.017,0.16,28.8,,0,Copernicus CAMS via Open-Meteo (cached),Gujranwala_Winter_Peak_2024-11-01
Gujranwala,Autumn_Harvest,10,21.9,70.0,6.5,988.7,7,73.114,8.807,0.357,0.2639,0.761,45.752,18.262,0.0014,0.3313,1.156,73.114,0.0002,22.0,0.6785,19.89,-0.005,-0.192,0.14,51.5,,1,Copernicus CAMS via Open-Meteo (cached),Gujranwala_Autumn_Harvest_2023-10-25
Gujranwala,Autumn_Harvest,10,23.9,59.0,8.0,983.5,14,120.739,5.056,0.078,0.2627,0.918,18.224,6.843,0.0,0.1266,3.143,120.739,4e-05,12.0,0.883,2.982,0.125,-0.062,0.21,65.2,,1,Copernicus CAMS via Open-Meteo (cached),Gujranwala_Autumn_Harvest_2024-10-15
Gujranwala,Monsoon,7,28.1,90.0,3.5,977.7,0,163.489,2.85,-0.939,0.3246,0.976,23.522,5.639,0.0,0.0541,6.601,163.378,4e-05,10.0,0.9464,2.09,0.222,-0.028,1.42,40.0,,1,Copernicus CAMS via Open-Meteo (cached),Gujranwala_Monsoon_2023-07-25
Gujranwala,Summer,6,38.0,35.0,5.4,971.7,3,118.27,3.938,-0.038,0.2823,0.928,46.437,8.235,0.0,0.1211,3.157,118.269,0.00011,12.0,0.8801,3.978,0.12,-0.064,0.58,37.1,,1,Copernicus CAMS via Open-Meteo (cached),Gujranwala_Summer_2024-06-20
Gujranwala,Winter_Peak,12,11.1,96.0,4.1,991.8,10,79.916,7.432,0.14,0.2985,0.909,83.228,19.094,0.0022,0.1615,1.892,79.743,0.00042,22.0,0.8963,22.452,0.059,-0.055,1.13,57.5,,1,Copernicus CAMS via Open-Meteo (cached),Gujranwala_Winter_Peak_2023-12-01
Gujranwala,Summer,6,36.5,24.0,4.0,976.9,0,70.48,5.9,-0.13,0.3103,0.722,15.805,10.233,0.0,0.3865,1.039,70.48,7e-05,20.0,0.614,6.362,-0.029,-0.239,0.22,27.0,,0,Copernicus CAMS via Open-Meteo (cached),Gujranwala_Summer_2024-06-10
Gujranwala,Monsoon,8,34.9,63.0,4.2,977.1,3,148.596,15.115,0.37,0.34,1.036,31.144,13.594,0.0004,0.0847,4.486,136.419,9e-05,42.0,1.0891,17.179,0.235,0.043,0.75,48.8,,1,Copernicus CAMS via Open-Meteo (cached),Gujranwala_Monsoon_2023-08-20
